Rk,Player,Nation,Pos,Squad,Age,Born,Playing Time MP,Playing Time Starts,Playing Time Min,Playing Time 90s,Performance Gls,Performance Ast,Performance G+A,Performance G-PK,Performance PK,Performance PKatt,Performance CrdY,Performance CrdR,Expected xG,Expected npxG,Expected xAG,Expected npxG+xAG,Progression PrgC,Progression PrgP,Progression PrgR,Per 90 Minutes Gls,Per 90 Minutes Ast,Per 90 Minutes G+A,Per 90 Minutes G-PK,Per 90 Minutes G+A-PK,Per 90 Minutes xG,Per 90 Minutes xAG,Per 90 Minutes xG+xAG,Per 90 Minutes npxG,Per 90 Minutes npxG+xAG,Matches,IDs
1,Max Aarons,eng ENG,DF,Bournemouth,23,2000,20,13,1237,13.7,0,1,1,0,0,0,1,0,0.0,0.0,0.8,0.9,22,43,26,0.00,0.07,0.07,0.00,0.07,0.00,0.06,0.06,0.00,0.06,Matches,774cf58b
2,Joshua Acheampong,eng ENG,DF,Chelsea,17,2006,1,0,6,0.1,0,0,0,0,0,0,0,0,0.0,0.0,0.0,0.0,0,0,0,0.00,0.00,0.00,0.00,0.00,0.00,0.00,0.00,0.00,0.00,Matches,b7e62e1d
3,Bénie Adama Traore,ci CIV,"FW,MF",Sheffield Utd,20,2002,8,3,387,4.3,0,0,0,0,0,0,0,0,0.3,0.3,0.5,0.8,7,9,14,0.00,0.00,0.00,0.00,0.00,0.06,0.13,0.19,0.06,0.19,Matches,77816c91
4,Tyler Adams,us USA,MF,Bournemouth,24,1999,3,1,121,1.3,0,0,0,0,0,0,0,0,0.0,0.0,0.1,0.1,4,5,1,0.00,0.00,0.00,0.00,0.00,0.00,0.06,0.06,0.00,0.06,Matches,2b09d998
5,Tosin Adarabioyo,eng ENG,DF,Fulham,25,1997,20,18,1617,18.0,2,0,2,2,0,0,2,0,0.7,0.7,0.1,0.8,10,62,5,0.11,0.00,0.11,0.11,0.11,0.04,0.01,0.05,0.04,0.05,Matches,c81d773d
6,Elijah Adebayo,eng ENG,FW,Luton Town,25,1998,27,16,1419,15.8,10,0,10,10,0,0,1,0,5.9,5.9,0.7,6.6,16,23,110,0.63,0.00,0.63,0.63,0.63,0.37,0.04,0.42,0.37,0.42,Matches,0480ebc7
7,Simon Adingra,ci CIV,FW,Brighton,21,2002,31,25,2222,24.7,6,1,7,6,0,0,3,0,4.3,4.3,3.7,8.0,111,50,278,0.24,0.04,0.28,0.24,0.28,0.17,0.15,0.32,0.17,0.32,Matches,4dcec659
8,Nayef Aguerd,ma MAR,DF,West Ham,27,1996,21,21,1857,20.6,1,0,1,1,0,0,3,1,1.5,1.5,0.3,1.8,10,68,3,0.05,0.00,0.05,0.05,0.05,0.07,0.01,0.09,0.07,0.09,Matches,288e1e13
9,Brandon Aguilera,cr CRC,FW,Nott'ham Forest,20,2003,1,0,5,0.1,0,0,0,0,0,0,0,0,0.0,0.0,0.0,0.0,0,0,1,0.00,0.00,0.00,0.00,0.00,0.00,0.00,0.00,0.00,0.00,Matches,938fa024
10,Naouirou Ahamada,fr FRA,"MF,FW",Crystal Palace,21,2002,20,0,349,3.9,0,0,0,0,0,0,4,1,0.5,0.5,0.0,0.5,19,25,20,0.00,0.00,0.00,0.00,0.00,0.13,0.01,0.13,0.13,0.13,Matches,a6c58494
11,Anel Ahmedhodžić,ba BIH,DF,Sheffield Utd,24,1999,31,29,2649,29.4,2,0,2,2,0,0,11,1,3.1,3.1,0.8,4.0,15,43,21,0.07,0.00,0.07,0.07,0.07,0.11,0.03,0.14,0.11,0.14,Matches,eab957a3
12,Ola Aina,ng NGA,DF,Nott'ham Forest,26,1996,22,20,1692,18.8,1,1,2,1,0,0,3,0,0.3,0.3,0.9,1.2,53,68,38,0.05,0.05,0.11,0.05,0.11,0.01,0.05,0.06,0.01,0.06,Matches,246d153b
13,Rayan Aït-Nouri,dz ALG,"DF,MF",Wolves,22,2001,33,29,2329,25.9,2,1,3,2,0,0,7,0,3.3,3.3,2.4,5.6,67,99,99,0.08,0.04,0.12,0.08,0.12,0.13,0.09,0.22,0.13,0.22,Matches,9b398aea
14,Kristoffer Ajer,no NOR,DF,Brentford,25,1998,28,21,1832,20.4,2,1,3,2,0,0,5,0,1.3,1.3,2.3,3.6,22,61,31,0.10,0.05,0.15,0.10,0.15,0.06,0.11,0.18,0.06,0.18,Matches,a8c0acb7
15,Manuel Akanji,ch SUI,"DF,MF",Manchester City,28,1995,30,28,2511,27.9,2,0,2,2,0,0,4,1,1.9,1.9,0.5,2.4,46,148,36,0.07,0.00,0.07,0.07,0.07,0.07,0.02,0.09,0.07,0.09,Matches,89ac64a6
16,Nathan Aké,nl NED,DF,Manchester City,28,1995,29,24,2042,22.7,2,2,4,2,0,0,0,0,2.5,2.5,1.2,3.7,24,116,18,0.09,0.09,0.18,0.09,0.18,0.11,0.05,0.16,0.11,0.16,Matches,eaeca114
17,Thiago Alcántara,es ESP,MF,Liverpool,32,1991,1,0,6,0.1,0,0,0,0,0,0,0,0,0.0,0.0,0.0,0.0,0,0,0,0.00,0.00,0.00,0.00,0.00,0.00,0.00,0.00,0.00,0.00,Matches,77e84962
18,Trent Alexander-Arnold,eng ENG,DF,Liverpool,24,1998,28,25,2155,23.9,3,4,7,3,0,0,6,0,2.6,2.3,7.2,9.5,45,205,97,0.13,0.17,0.29,0.13,0.29,0.11,0.30,0.41,0.10,0.40,Matches,cd1acf9d
19,Alisson,br BRA,GK,Liverpool,30,1992,28,28,2520,28.0,0,0,0,0,0,0,1,0,0.0,0.0,0.0,0.0,0,5,0,0.00,0.00,0.00,0.00,0.00,0.00,0.00,0.00,0.00,0.00,Matches,7a2e46a8
20,Miguel Almirón,py PAR,FW,Newcastle Utd,29,1994,33,23,1937,21.5,3,1,4,3,0,0,2,0,4.5,4.5,2.6,7.2,78,78,162,0.14,0.05,0.19,0.14,0.19,0.21,0.12,0.33,0.21,0.33,Matches,862a1c15
21,Edson Álvarez,mx MEX,MF,West Ham,25,1997,31,28,2377,26.4,1,1,2,1,0,0,11,0,1.3,1.3,0.6,1.9,20,91,26,0.04,0.04,0.08,0.04,0.08,0.05,0.02,0.07,0.05,0.07,Matches,8b3ab7ad
22,Julián Álvarez,ar ARG,"MF,FW",Manchester City,23,2000,36,31,2647,29.4,11,8,19,9,2,2,2,0,13.0,11.5,6.4,17.9,64,103,180,0.37,0.27,0.65,0.31,0.58,0.44,0.22,0.66,0.39,0.61,Matches,15ab5a2b
23,Zeki Amdouni,ch SUI,FW,Burnley,22,2000,34,27,1953,21.7,5,1,6,4,1,1,2,0,5.8,5.0,1.4,6.5,63,49,93,0.23,0.05,0.28,0.18,0.23,0.27,0.07,0.33,0.23,0.30,Matches,2ee5b0c9
24,Sofyan Amrabat,ma MAR,"MF,DF",Manchester Utd,26,1996,21,10,938,10.4,0,0,0,0,0,0,6,0,0.1,0.1,0.3,0.4,6,66,10,0.00,0.00,0.00,0.00,0.00,0.01,0.03,0.04,0.01,0.04,Matches,5a2cb25d
25,Joachim Andersen,dk DEN,DF,Crystal Palace,27,1996,38,38,3415,37.9,2,3,5,2,0,0,7,0,1.7,1.7,2.8,4.5,21,147,10,0.05,0.08,0.13,0.05,0.13,0.04,0.07,0.12,0.04,0.12,Matches,e34fc66d
26,Elliot Anderson,sct SCO,"MF,FW",Newcastle Utd,20,2002,21,10,1027,11.4,0,2,2,0,0,0,3,0,1.5,1.5,1.9,3.5,37,57,70,0.00,0.18,0.18,0.00,0.18,0.13,0.17,0.30,0.13,0.30,Matches,de31038e
27,Jaidon Anthony,eng ENG,FW,Bournemouth,23,1999,3,2,152,1.7,0,0,0,0,0,0,1,0,0.1,0.1,0.0,0.1,2,8,9,0.00,0.00,0.00,0.00,0.00,0.04,0.00,0.04,0.04,0.04,Matches,e4238fb1
28,Michail Antonio,jm JAM,FW,West Ham,33,1990,26,21,1695,18.8,6,2,8,6,0,0,6,0,5.8,5.8,0.9,6.7,48,22,104,0.32,0.11,0.42,0.32,0.42,0.31,0.05,0.35,0.31,0.35,Matches,ac05f970
29,Antony,br BRA,FW,Manchester Utd,23,2000,29,15,1324,14.7,1,1,2,1,0,0,5,0,3.4,3.4,2.8,6.1,53,64,149,0.07,0.07,0.14,0.07,0.14,0.23,0.19,0.42,0.23,0.42,Matches,99127249
30,Oliver Arblaster,eng ENG,MF,Sheffield Utd,19,2004,12,11,943,10.5,0,0,0,0,0,0,2,0,0.0,0.0,0.7,0.8,13,43,4,0.00,0.00,0.00,0.00,0.00,0.00,0.07,0.07,0.00,0.07,Matches,afe1a491
31,Cameron Archer,eng ENG,"FW,MF",Sheffield Utd,22,2001,29,21,1832,20.4,4,1,5,4,0,0,1,0,5.5,5.5,2.8,8.3,33,15,113,0.20,0.05,0.25,0.20,0.25,0.27,0.14,0.41,0.27,0.41,Matches,05e8ca6d
32,Cameron Archer,eng ENG,MF,Aston Villa,22,2001,1,0,6,0.1,0,0,0,0,0,0,1,0,0.0,0.0,0.0,0.0,1,0,0,0.00,0.00,0.00,0.00,0.00,0.00,0.00,0.00,0.00,0.00,Matches,05e8ca6d
33,Alphonse Areola,fr FRA,GK,West Ham,30,1993,31,31,2699,30.0,0,0,0,0,0,0,1,0,0.0,0.0,0.0,0.0,0,1,0,0.00,0.00,0.00,0.00,0.00,0.00,0.00,0.00,0.00,0.00,Matches,2f965a72
34,Lorenz Assignon,tg TOG,DF,Burnley,23,2000,15,15,1234,13.7,1,2,3,1,0,0,5,1,0.4,0.4,2.6,3.0,38,34,57,0.07,0.15,0.22,0.07,0.22,0.03,0.19,0.22,0.03,0.22,Matches,b026bbf6
35,Serge Aurier,ci CIV,"DF,MF",Nott'ham Forest,30,1992,12,10,833,9.3,0,2,2,0,0,0,2,0,0.2,0.2,0.5,0.6,10,47,29,0.00,0.22,0.22,0.00,0.22,0.02,0.05,0.07,0.02,0.07,Matches,5c2b4f07
36,Taiwo Awoniyi,ng NGA,FW,Nott'ham Forest,25,1997,20,12,1042,11.6,6,3,9,6,0,0,2,0,4.7,4.7,1.7,6.4,8,14,45,0.52,0.26,0.78,0.52,0.78,0.41,0.15,0.56,0.41,0.56,Matches,e5478b87
37,Jordan Ayew,gh GHA,"FW,MF",Crystal Palace,31,1991,35,30,2543,28.3,4,7,11,4,0,0,9,1,3.9,3.9,4.2,8.1,74,63,173,0.14,0.25,0.39,0.14,0.39,0.14,0.15,0.29,0.14,0.29,Matches,da052c14
38,Benoît Badiashile,fr FRA,DF,Chelsea,22,2001,18,15,1338,14.9,0,1,1,0,0,0,3,0,0.3,0.3,1.5,1.8,3,46,3,0.00,0.07,0.07,0.00,0.07,0.02,0.10,0.12,0.02,0.12,Matches,06df8256
39,Leon Bailey,jm JAM,"MF,FW",Aston Villa,25,1997,35,22,2068,23.0,10,9,19,10,0,0,5,0,6.3,6.3,9.2,15.5,102,82,226,0.44,0.39,0.83,0.44,0.83,0.27,0.40,0.67,0.27,0.67,Matches,3a233281
40,Stefan Bajcetic,es ESP,MF,Liverpool,18,2004,1,0,26,0.3,0,0,0,0,0,0,0,0,0.0,0.0,0.0,0.0,0,1,0,0.00,0.00,0.00,0.00,0.00,0.00,0.00,0.00,0.00,0.00,Matches,32e8417f
41,George Baldock,gr GRE,DF,Sheffield Utd,30,1993,13,11,969,10.8,0,1,1,0,0,0,4,0,0.0,0.0,0.8,0.8,9,31,24,0.00,0.09,0.09,0.00,0.09,0.00,0.07,0.08,0.00,0.08,Matches,394854c4
42,Carlos Baleba,cm CMR,MF,Brighton,19,2004,27,15,1325,14.7,0,0,0,0,0,0,7,0,0.8,0.8,0.3,1.1,19,50,9,0.00,0.00,0.00,0.00,0.00,0.06,0.02,0.08,0.06,0.08,Matches,a1390d2f
43,Fodé Ballo-Touré,sn SEN,"DF,MF",Fulham,26,1997,6,0,71,0.8,0,0,0,0,0,0,1,0,0.0,0.0,0.0,0.0,5,0,4,0.00,0.00,0.00,0.00,0.00,0.00,0.00,0.00,0.00,0.00,Matches,f449640d
44,Shandon Baptiste,gd GRN,MF,Brentford,25,1998,10,2,229,2.5,1,1,2,1,0,0,1,0,0.9,0.9,0.2,1.1,3,5,1,0.39,0.39,0.79,0.39,0.79,0.35,0.08,0.43,0.35,0.43,Matches,2886c9b5
45,Valentín Barco,ar ARG,"DF,FW",Brighton,19,2004,6,3,307,3.4,0,0,0,0,0,0,1,0,0.2,0.2,0.2,0.4,8,14,20,0.00,0.00,0.00,0.00,0.00,0.05,0.07,0.13,0.05,0.13,Matches,b9f282ec
46,Ross Barkley,eng ENG,MF,Luton Town,29,1993,32,30,2618,29.1,5,4,9,5,0,0,6,0,4.1,4.1,3.7,7.9,48,163,39,0.17,0.14,0.31,0.17,0.31,0.14,0.13,0.27,0.14,0.27,Matches,3a24769f
47,Harvey Barnes,eng ENG,"FW,MF",Newcastle Utd,25,1997,21,7,802,8.9,5,3,8,5,0,0,2,0,3.6,3.6,3.2,6.8,45,34,79,0.56,0.34,0.90,0.56,0.90,0.40,0.36,0.76,0.40,0.76,Matches,3ea50f67
48,Chris Basham,eng ENG,"DF,MF",Sheffield Utd,35,1988,8,3,321,3.6,0,0,0,0,0,0,1,0,0.1,0.1,0.3,0.4,1,7,6,0.00,0.00,0.00,0.00,0.00,0.04,0.07,0.10,0.04,0.10,Matches,1aa84968
49,Calvin Bassey,ng NGA,DF,Fulham,23,1999,29,25,2303,25.6,1,0,1,1,0,0,6,1,0.3,0.3,0.0,0.4,15,62,4,0.04,0.00,0.04,0.04,0.04,0.01,0.00,0.01,0.01,0.01,Matches,a36524bf
50,Owen Beck,wls WAL,DF,Liverpool,20,2002,1,0,8,0.1,0,0,0,0,0,0,0,0,0.0,0.0,0.0,0.0,0,0,1,0.00,0.00,0.00,0.00,0.00,0.00,0.00,0.00,0.00,0.00,Matches,a011a1e9
51,Donny van de Beek,nl NED,DF,Manchester Utd,26,1997,1,0,3,0.0,0,0,0,0,0,0,0,0,0.0,0.0,0.1,0.2,0,0,1,0.00,0.00,0.00,0.00,0.00,1.09,4.44,5.54,1.09,5.54,Matches,50dc94ce
52,Amari'i Bell,jm JAM,DF,Luton Town,29,1994,21,21,1720,19.1,0,0,0,0,0,0,0,0,0.3,0.3,0.5,0.7,32,76,10,0.00,0.00,0.00,0.00,0.00,0.01,0.02,0.04,0.01,0.04,Matches,399e9474
53,Jean-Ricner Bellegarde,fr FRA,"MF,FW",Wolves,25,1998,22,10,958,10.6,2,1,3,2,0,0,0,1,1.6,1.6,1.0,2.5,30,39,49,0.19,0.09,0.28,0.19,0.28,0.15,0.09,0.24,0.15,0.24,Matches,10f0fdd3
54,Anis Ben Slimane,tn TUN,MF,Sheffield Utd,22,2001,15,4,419,4.7,0,0,0,0,0,0,2,0,0.8,0.8,0.3,1.1,3,12,21,0.00,0.00,0.00,0.00,0.00,0.17,0.06,0.23,0.17,0.23,Matches,9ade9ce1
55,Saïd Benrahma,dz ALG,"FW,MF",West Ham,27,1995,13,5,620,6.9,0,1,1,0,0,1,1,0,1.8,1.0,1.4,2.5,28,28,70,0.00,0.15,0.15,0.00,0.15,0.27,0.21,0.47,0.15,0.36,Matches,5a04fd92
56,Rodrigo Bentancur,uy URU,MF,Tottenham,26,1997,23,13,1005,11.2,1,1,2,1,0,0,7,0,1.9,1.9,0.5,2.4,16,72,31,0.09,0.09,0.18,0.09,0.18,0.17,0.04,0.22,0.17,0.22,Matches,3b8674e6
57,Daniel Bentley,eng ENG,GK,Wolves,30,1993,5,3,383,4.3,0,0,0,0,0,0,0,0,0.0,0.0,0.0,0.0,0,0,0,0.00,0.00,0.00,0.00,0.00,0.00,0.00,0.00,0.00,0.00,Matches,68db6358
58,Jóhann Berg Guðmundsson,is ISL,"MF,FW",Burnley,32,1990,26,12,1192,13.2,1,3,4,1,0,0,2,0,1.9,1.9,2.7,4.5,13,59,69,0.08,0.23,0.30,0.08,0.30,0.14,0.20,0.34,0.14,0.34,Matches,f72293fc
59,Sander Berge,no NOR,MF,Burnley,25,1998,37,34,3005,33.4,1,2,3,1,0,0,10,1,1.9,1.9,2.4,4.3,64,164,29,0.03,0.06,0.09,0.03,0.09,0.06,0.07,0.13,0.06,0.13,Matches,d0b6129f
60,Luke Berry,eng ENG,"MF,DF",Luton Town,31,1992,17,2,323,3.6,2,1,3,2,0,0,1,0,1.0,1.0,0.3,1.3,1,8,7,0.56,0.28,0.84,0.56,0.84,0.28,0.07,0.35,0.28,0.35,Matches,2aaadf33
61,Beto,gw GNB,FW,Everton,25,1998,30,9,951,10.6,3,0,3,3,0,1,2,0,6.8,6.0,0.9,6.9,14,14,58,0.28,0.00,0.28,0.28,0.28,0.64,0.09,0.73,0.57,0.66,Matches,ed5c0319
62,Jordan Beyer,de GER,DF,Burnley,23,2000,15,15,1234,13.7,0,1,1,0,0,0,6,0,0.5,0.5,0.3,0.8,9,25,1,0.00,0.07,0.07,0.00,0.07,0.04,0.02,0.06,0.04,0.06,Matches,9af1f9ff
63,Philip Billing,dk DEN,MF,Bournemouth,27,1996,29,13,1398,15.5,2,2,4,2,0,0,3,1,2.5,2.5,3.2,5.7,22,53,63,0.13,0.13,0.26,0.13,0.26,0.16,0.21,0.36,0.16,0.36,Matches,d328a254
64,Yves Bissouma,ml MLI,MF,Tottenham,26,1996,28,26,2068,23.0,0,0,0,0,0,0,10,2,1.4,1.4,0.4,1.8,43,169,13,0.00,0.00,0.00,0.00,0.00,0.06,0.02,0.08,0.06,0.08,Matches,6c203af0
65,Benicio Boaitey,eng ENG,"FW,DF",Brighton,19,2004,5,0,40,0.4,0,0,0,0,0,0,1,0,0.0,0.0,0.1,0.1,1,2,2,0.00,0.00,0.00,0.00,0.00,0.05,0.13,0.19,0.05,0.19,Matches,4c5835e6
66,Oscar Bobb,no NOR,"FW,MF",Manchester City,20,2003,14,2,302,3.4,1,1,2,1,0,0,0,0,1.4,1.4,1.2,2.6,13,25,38,0.30,0.30,0.60,0.30,0.60,0.41,0.37,0.78,0.41,0.78,Matches,eed2427e
67,Jayden Bogle,eng ENG,DF,Sheffield Utd,23,2000,34,32,2788,31.0,3,0,3,3,0,0,9,0,2.3,2.3,1.0,3.3,38,60,92,0.10,0.00,0.10,0.10,0.10,0.07,0.03,0.11,0.07,0.11,Matches,ae5019e6
68,Willy Boly,ci CIV,DF,Nott'ham Forest,32,1991,20,18,1438,16.0,2,1,3,2,0,0,3,1,1.5,1.5,1.3,2.8,4,32,3,0.13,0.06,0.19,0.13,0.19,0.09,0.08,0.18,0.09,0.18,Matches,a4ac4b8f
69,Sven Botman,nl NED,DF,Newcastle Utd,23,2000,17,15,1377,15.3,2,2,4,2,0,0,2,0,0.6,0.6,1.0,1.6,0,35,5,0.13,0.13,0.26,0.13,0.26,0.04,0.07,0.11,0.04,0.11,Matches,ccce7025
70,Jarrod Bowen,eng ENG,FW,West Ham,26,1996,34,34,3019,33.5,16,6,22,16,0,0,2,0,11.6,11.6,5.5,17.2,90,52,186,0.48,0.18,0.66,0.48,0.66,0.35,0.16,0.51,0.35,0.51,Matches,79c84d1c
71,Conor Bradley,nir NIR,DF,Liverpool,20,2003,11,10,753,8.4,1,3,4,1,0,0,2,0,0.9,0.9,1.5,2.3,35,29,64,0.12,0.36,0.48,0.12,0.48,0.10,0.17,0.28,0.10,0.28,Matches,bbd67769
72,Jarrad Branthwaite,eng ENG,DF,Everton,21,2002,35,35,3116,34.6,3,0,3,3,0,0,8,0,1.7,1.7,1.0,2.8,2,74,6,0.09,0.00,0.09,0.09,0.09,0.05,0.03,0.08,0.05,0.08,Matches,c1949191
73,Ben Brereton,cl CHI,"FW,MF",Sheffield Utd,24,1999,14,14,1105,12.3,6,1,7,5,1,1,3,0,6.1,5.3,1.5,6.7,23,37,78,0.49,0.08,0.57,0.41,0.49,0.49,0.12,0.61,0.43,0.55,Matches,57827369
74,Rhian Brewster,eng ENG,"FW,MF",Sheffield Utd,23,2000,13,3,346,3.8,0,0,0,0,0,0,0,1,0.4,0.4,0.1,0.5,1,3,21,0.00,0.00,0.00,0.00,0.00,0.09,0.03,0.12,0.09,0.12,Matches,30e81a88
75,Armando Broja,al ALB,FW,Chelsea,21,2001,13,6,454,5.0,1,0,1,1,0,0,0,0,2.4,2.4,0.2,2.5,11,6,37,0.20,0.00,0.20,0.20,0.20,0.47,0.03,0.50,0.47,0.50,Matches,97220da2
76,Armando Broja,al ALB,FW,Fulham,21,2001,8,0,88,1.0,0,1,1,0,0,0,0,0,0.0,0.0,0.4,0.4,2,2,7,0.00,1.02,1.02,0.00,1.02,0.00,0.41,0.41,0.00,0.41,Matches,97220da2
77,Andre Brooks,eng ENG,"MF,DF",Sheffield Utd,19,2003,20,12,938,10.4,0,0,0,0,0,0,1,0,0.4,0.4,0.1,0.5,12,18,22,0.00,0.00,0.00,0.00,0.00,0.04,0.01,0.05,0.04,0.05,Matches,5f346071
78,David Brooks,wls WAL,"FW,MF",Bournemouth,26,1997,13,2,282,3.1,1,1,2,1,0,0,1,0,2.2,2.2,1.0,3.2,8,21,27,0.32,0.32,0.64,0.32,0.64,0.70,0.33,1.03,0.70,1.03,Matches,dc4cae05
79,Jacob Brown,sct SCO,"MF,FW",Luton Town,25,1998,19,12,1019,11.3,2,0,2,2,0,0,4,0,2.8,2.8,0.7,3.4,25,19,53,0.18,0.00,0.18,0.18,0.18,0.25,0.06,0.30,0.25,0.30,Matches,ca18c8f1
80,Josh Brownhill,eng ENG,MF,Burnley,27,1995,33,23,2252,25.0,4,2,6,4,0,0,4,1,1.9,1.9,2.1,4.0,19,90,36,0.16,0.08,0.24,0.16,0.24,0.08,0.08,0.16,0.08,0.16,Matches,47369df8
81,Jacob Bruun Larsen,dk DEN,"MF,FW",Burnley,24,1998,32,16,1249,13.9,6,0,6,5,1,1,1,0,5.0,4.2,1.5,5.7,61,38,146,0.43,0.00,0.43,0.36,0.36,0.36,0.10,0.46,0.30,0.41,Matches,4e204552
82,Hugo Bueno,es ESP,"DF,MF",Wolves,20,2002,22,7,741,8.2,0,0,0,0,0,0,1,0,0.3,0.3,0.8,1.0,22,8,40,0.00,0.00,0.00,0.00,0.00,0.03,0.09,0.13,0.03,0.13,Matches,bfc3b3a0
83,Santiago Bueno,uy URU,DF,Wolves,24,1998,12,9,822,9.1,0,0,0,0,0,0,1,0,0.0,0.0,0.1,0.1,3,11,2,0.00,0.00,0.00,0.00,0.00,0.00,0.01,0.01,0.00,0.01,Matches,edc98fac
84,Facundo Buonanotte,ar ARG,"FW,MF",Brighton,18,2004,27,17,1364,15.2,3,1,4,3,0,0,7,0,2.4,2.4,1.8,4.2,23,42,69,0.20,0.07,0.26,0.20,0.26,0.16,0.12,0.28,0.16,0.28,Matches,468a7a91
85,Reece Burke,eng ENG,DF,Luton Town,26,1996,22,20,1660,18.4,0,4,4,0,0,0,5,0,1.3,1.3,1.4,2.7,11,67,14,0.00,0.22,0.22,0.00,0.22,0.07,0.07,0.15,0.07,0.15,Matches,a681b7b7
86,Dan Burn,eng ENG,DF,Newcastle Utd,31,1992,33,32,2726,30.3,2,2,4,2,0,0,4,0,3.1,3.1,1.1,4.2,14,75,25,0.07,0.07,0.13,0.07,0.13,0.10,0.04,0.14,0.10,0.14,Matches,b2d31e83
87,Mason Burstow,eng ENG,FW,Chelsea,19,2003,2,0,9,0.1,0,0,0,0,0,0,0,0,0.0,0.0,0.0,0.0,0,0,1,0.00,0.00,0.00,0.00,0.00,0.00,0.00,0.00,0.00,0.00,Matches,dab84ad2
88,Moisés Caicedo,ec ECU,MF,Chelsea,21,2001,35,33,2866,31.8,1,3,4,1,0,0,11,0,0.4,0.4,2.6,3.0,27,173,27,0.03,0.09,0.13,0.03,0.13,0.01,0.08,0.09,0.01,0.09,Matches,16264a81
89,Tom Cairney,sct SCO,MF,Fulham,32,1991,34,14,1488,16.5,1,4,5,1,0,0,3,0,1.1,1.1,2.3,3.4,35,145,72,0.06,0.24,0.30,0.06,0.30,0.07,0.14,0.20,0.07,0.20,Matches,a8748947
90,Dominic Calvert-Lewin,eng ENG,FW,Everton,26,1997,32,26,2171,24.1,7,2,9,5,2,2,2,0,12.9,11.4,3.1,14.5,36,31,122,0.29,0.08,0.37,0.21,0.29,0.54,0.13,0.66,0.47,0.60,Matches,59e6e5bf
91,Thomas Cannon,ie IRL,FW,Everton,20,2002,1,0,1,0.0,0,0,0,0,0,0,0,0,0.0,0.0,0.0,0.0,0,0,0,0.00,0.00,0.00,0.00,0.00,0.00,0.00,0.00,0.00,0.00,Matches,4506aec5
92,Diego Carlos,br BRA,DF,Aston Villa,30,1993,27,20,1816,20.2,0,0,0,0,0,0,4,0,1.9,1.9,0.1,2.0,4,59,1,0.00,0.00,0.00,0.00,0.00,0.10,0.00,0.10,0.10,0.10,Matches,b4a014b1
93,Cesare Casadei,it ITA,"FW,MF",Chelsea,20,2003,11,0,79,0.9,0,0,0,0,0,0,0,0,0.0,0.0,0.1,0.1,1,3,3,0.00,0.00,0.00,0.00,0.00,0.00,0.12,0.12,0.00,0.12,Matches,fb920f3a
94,Casemiro,br BRA,"MF,DF",Manchester Utd,31,1992,25,24,1982,22.0,1,2,3,1,0,0,7,0,3.5,3.5,1.0,4.5,12,112,36,0.05,0.09,0.14,0.05,0.14,0.16,0.05,0.20,0.16,0.20,Matches,4d224fe8
95,Kaelan Casey,eng ENG,DF,West Ham,18,2004,1,0,1,0.0,0,0,0,0,0,0,0,0,0.0,0.0,0.0,0.0,0,0,0,0.00,0.00,0.00,0.00,0.00,0.00,0.00,0.00,0.00,0.00,Matches,cd4b2c5f
96,Matty Cash,pl POL,DF,Aston Villa,25,1997,29,23,2142,23.8,2,2,4,2,0,0,8,0,4.2,4.2,2.3,6.5,62,88,101,0.08,0.08,0.17,0.08,0.17,0.18,0.10,0.27,0.18,0.27,Matches,2389cdc2
97,Timothy Castagne,be BEL,DF,Fulham,27,1995,34,29,2634,29.3,1,3,4,1,0,0,3,0,1.6,1.6,1.9,3.5,48,77,113,0.03,0.10,0.14,0.03,0.14,0.06,0.07,0.12,0.06,0.12,Matches,197640fd
98,Jonny Castro,es ESP,MF,Wolves,29,1994,1,0,5,0.1,0,0,0,0,0,0,0,0,0.0,0.0,0.0,0.0,0,0,0,0.00,0.00,0.00,0.00,0.00,0.00,0.00,0.00,0.00,0.00,Matches,e28868f3
99,Trevoh Chalobah,eng ENG,DF,Chelsea,24,1999,13,10,952,10.6,1,0,1,1,0,0,1,0,0.2,0.2,0.1,0.3,5,31,9,0.09,0.00,0.09,0.09,0.09,0.02,0.01,0.02,0.02,0.02,Matches,5515376c
100,Calum Chambers,eng ENG,"MF,DF",Aston Villa,28,1995,5,1,152,1.7,0,1,1,0,0,0,1,0,0.0,0.0,0.1,0.1,0,5,1,0.00,0.59,0.59,0.00,0.59,0.00,0.06,0.06,0.00,0.06,Matches,dc6f5bdd
101,Youssef Chermiti,pt POR,FW,Everton,19,2004,18,1,208,2.3,0,0,0,0,0,0,3,0,0.7,0.7,0.8,1.5,5,5,15,0.00,0.00,0.00,0.00,0.00,0.31,0.34,0.65,0.31,0.65,Matches,890f108d
102,Ben Chilwell,eng ENG,DF,Chelsea,26,1996,13,9,756,8.4,0,1,1,0,0,0,5,0,1.2,1.2,2.2,3.4,22,25,59,0.00,0.12,0.12,0.00,0.12,0.14,0.26,0.41,0.14,0.41,Matches,d2424d1b
103,Tawanda Chirewa,zw ZIM,"MF,FW",Wolves,19,2003,8,1,145,1.6,0,0,0,0,0,0,1,0,0.2,0.2,0.0,0.2,1,7,8,0.00,0.00,0.00,0.00,0.00,0.10,0.02,0.12,0.10,0.12,Matches,34721c11
104,Leon Chiwome,eng ENG,FW,Wolves,17,2006,3,2,174,1.9,0,0,0,0,0,0,0,0,0.1,0.1,0.0,0.1,1,2,7,0.00,0.00,0.00,0.00,0.00,0.05,0.00,0.05,0.05,0.05,Matches,a2852b4f
105,Tahith Chong,nl NED,"MF,FW",Luton Town,23,1999,33,20,1982,22.0,4,0,4,4,0,0,4,0,2.7,2.7,0.5,3.2,57,72,101,0.18,0.00,0.18,0.18,0.18,0.12,0.02,0.15,0.12,0.15,Matches,2696b6a9
106,Ryan Christie,sct SCO,MF,Bournemouth,28,1995,37,35,2907,32.3,0,5,5,0,0,0,6,0,2.3,2.3,5.4,7.7,60,167,78,0.00,0.15,0.15,0.00,0.15,0.07,0.17,0.24,0.07,0.24,Matches,26ce2263
107,Carney Chukwuemeka,eng ENG,"MF,FW",Chelsea,19,2003,9,2,227,2.5,1,1,2,1,0,0,2,0,0.2,0.2,0.3,0.5,4,12,19,0.40,0.40,0.79,0.40,0.79,0.06,0.13,0.19,0.06,0.19,Matches,b2f9c73e
108,Bobby Clark,eng ENG,MF,Liverpool,18,2005,5,1,89,1.0,0,0,0,0,0,0,0,0,0.1,0.1,0.0,0.1,3,3,7,0.00,0.00,0.00,0.00,0.00,0.14,0.00,0.14,0.14,0.14,Matches,73341ace
109,Jordan Clark,eng ENG,MF,Luton Town,29,1993,23,14,1304,14.5,1,1,2,1,0,0,4,0,1.0,1.0,1.3,2.2,21,51,39,0.07,0.07,0.14,0.07,0.14,0.07,0.09,0.16,0.07,0.16,Matches,7c5fa6cf
110,Nathaniel Clyne,eng ENG,DF,Crystal Palace,32,1991,19,14,1338,14.9,0,0,0,0,0,0,0,0,0.2,0.2,0.2,0.4,10,33,18,0.00,0.00,0.00,0.00,0.00,0.01,0.01,0.03,0.01,0.03,Matches,0442183b
111,Séamus Coleman,ie IRL,DF,Everton,34,1988,12,7,665,7.4,0,0,0,0,0,0,0,0,0.0,0.0,1.0,1.0,5,22,16,0.00,0.00,0.00,0.00,0.00,0.00,0.14,0.14,0.00,0.14,Matches,0420d84f
112,Nathan Collins,ie IRL,DF,Brentford,22,2001,32,29,2652,29.5,1,1,2,1,0,0,3,0,1.7,1.7,2.2,3.9,11,97,18,0.03,0.03,0.07,0.03,0.07,0.06,0.07,0.13,0.06,0.13,Matches,a8c19eb8
113,Levi Colwill,eng ENG,DF,Chelsea,20,2003,23,20,1797,20.0,1,1,2,1,0,0,2,0,1.3,1.3,1.2,2.5,23,73,27,0.05,0.05,0.10,0.05,0.10,0.06,0.06,0.12,0.06,0.12,Matches,700783e7
114,Lewis Cook,eng ENG,MF,Bournemouth,26,1997,33,32,2786,31.0,0,3,3,0,0,0,5,1,0.4,0.4,4.3,4.6,22,142,15,0.00,0.10,0.10,0.00,0.10,0.01,0.14,0.15,0.01,0.15,Matches,2afc7272
115,Jack Cork,eng ENG,MF,Burnley,34,1989,4,0,27,0.3,0,0,0,0,0,0,0,0,0.0,0.0,0.0,0.0,4,4,1,0.00,0.00,0.00,0.00,0.00,0.00,0.00,0.00,0.00,0.00,Matches,74e12f1e
116,Maxwel Cornet,ci CIV,"MF,FW",West Ham,26,1996,7,1,112,1.2,1,0,1,1,0,0,0,0,0.4,0.4,0.2,0.6,3,2,8,0.80,0.00,0.80,0.80,0.80,0.32,0.13,0.46,0.32,0.46,Matches,beb391dd
117,Vladimír Coufal,cz CZE,DF,West Ham,30,1992,36,36,3132,34.8,0,7,7,0,0,0,7,1,0.3,0.3,4.0,4.3,68,119,126,0.00,0.20,0.20,0.00,0.20,0.01,0.11,0.12,0.01,0.12,Matches,fdf3cb77
118,Philippe Coutinho,br BRA,"MF,FW",Aston Villa,31,1992,2,0,25,0.3,0,0,0,0,0,0,0,0,0.1,0.1,0.0,0.1,5,5,2,0.00,0.00,0.00,0.00,0.00,0.52,0.00,0.52,0.52,0.52,Matches,0ef89a37
119,Aaron Cresswell,eng ENG,"DF,FW",West Ham,33,1989,11,4,436,4.8,0,0,0,0,0,0,1,0,0.0,0.0,0.4,0.4,4,26,6,0.00,0.00,0.00,0.00,0.00,0.00,0.09,0.09,0.00,0.09,Matches,4f974391
120,Marc Cucurella,es ESP,DF,Chelsea,25,1998,21,20,1782,19.8,0,2,2,0,0,0,10,0,1.1,1.1,1.1,2.2,31,50,73,0.00,0.10,0.10,0.00,0.10,0.06,0.05,0.11,0.06,0.11,Matches,1daec722
121,Josh Cullen,ie IRL,MF,Burnley,27,1996,25,23,2057,22.9,2,3,5,2,0,0,9,0,0.6,0.6,1.8,2.4,22,123,22,0.09,0.13,0.22,0.09,0.22,0.03,0.08,0.11,0.03,0.11,Matches,f6d7d690
122,Matheus Cunha,br BRA,"FW,MF",Wolves,24,1999,32,29,2440,27.1,12,7,19,11,1,1,9,0,9.5,8.7,3.2,11.9,107,87,139,0.44,0.26,0.70,0.41,0.66,0.35,0.12,0.47,0.32,0.44,Matches,dc62b55d
123,Sam Curtis,ie IRL,DF,Sheffield Utd,17,2005,1,0,28,0.3,0,0,0,0,0,0,0,0,0.0,0.0,0.0,0.0,0,1,1,0.00,0.00,0.00,0.00,0.00,0.00,0.00,0.00,0.00,0.00,Matches,7d42865e
124,Mahmoud Dahoud,de GER,MF,Brighton,27,1996,9,6,452,5.0,0,1,1,0,0,0,1,1,0.2,0.2,0.9,1.1,4,11,6,0.00,0.20,0.20,0.00,0.20,0.04,0.18,0.22,0.04,0.22,Matches,db4ed67b
125,Ameen Al-Dakhil,be BEL,DF,Burnley,21,2002,13,12,1056,11.7,1,0,1,1,0,0,1,0,1.3,1.3,0.1,1.4,7,35,9,0.09,0.00,0.09,0.09,0.09,0.11,0.01,0.12,0.11,0.12,Matches,93e08bce
126,Diogo Dalot,pt POR,DF,Manchester Utd,24,1999,36,35,3174,35.3,2,3,5,2,0,0,6,1,1.7,1.7,2.9,4.6,52,124,111,0.06,0.09,0.14,0.06,0.14,0.05,0.08,0.13,0.05,0.13,Matches,d9565625
127,Mikkel Damsgaard,dk DEN,MF,Brentford,23,2000,23,7,842,9.4,0,2,2,0,0,0,2,0,0.9,0.9,1.4,2.4,16,61,32,0.00,0.21,0.21,0.00,0.21,0.10,0.16,0.25,0.10,0.25,Matches,215f3907
128,Danilo,br BRA,MF,Nott'ham Forest,22,2001,29,20,1792,19.9,2,2,4,2,0,0,4,0,1.8,1.8,1.5,3.4,22,83,28,0.10,0.10,0.20,0.10,0.20,0.09,0.08,0.17,0.09,0.17,Matches,a816dbfb
129,Arnaut Danjuma,nl NED,"MF,FW",Everton,26,1997,14,5,595,6.6,1,0,1,1,0,0,0,0,2.6,2.6,1.1,3.7,24,9,44,0.15,0.00,0.15,0.15,0.15,0.40,0.17,0.57,0.40,0.57,Matches,f08490a6
130,Jayden Danns,eng ENG,FW,Liverpool,17,2006,2,0,9,0.1,0,0,0,0,0,0,1,0,0.0,0.0,0.0,0.0,0,1,2,0.00,0.00,0.00,0.00,0.00,0.00,0.00,0.00,0.00,0.00,Matches,003cf4d1
131,Josh Dasilva,eng ENG,"DF,FW",Brentford,24,1998,3,0,24,0.3,0,0,0,0,0,0,0,0,0.0,0.0,0.2,0.2,2,2,5,0.00,0.00,0.00,0.00,0.00,0.00,0.72,0.72,0.00,0.72,Matches,60344e4f
132,David Datro Fofana,ci CIV,FW,Burnley,20,2002,15,10,879,9.8,4,1,5,4,0,0,1,0,4.5,4.5,1.8,6.4,21,15,39,0.41,0.10,0.51,0.41,0.51,0.46,0.19,0.65,0.46,0.65,Matches,e82900ef
133,Ben Davies,wls WAL,DF,Tottenham,30,1993,17,12,1090,12.1,1,0,1,1,0,0,2,0,2.3,2.3,0.4,2.7,13,71,20,0.08,0.00,0.08,0.08,0.08,0.19,0.03,0.23,0.19,0.23,Matches,44781702
134,Tom Davies,eng ENG,MF,Sheffield Utd,25,1998,9,2,221,2.5,0,0,0,0,0,0,2,0,0.4,0.4,0.1,0.4,3,8,3,0.00,0.00,0.00,0.00,0.00,0.14,0.03,0.17,0.14,0.17,Matches,9228b07c
135,Craig Dawson,eng ENG,DF,Wolves,33,1990,25,25,2209,24.5,1,1,2,1,0,0,7,0,1.5,1.5,1.4,2.9,1,49,4,0.04,0.04,0.08,0.04,0.08,0.06,0.06,0.12,0.06,0.12,Matches,3e9e06cb
136,Kevin De Bruyne,be BEL,MF,Manchester City,32,1991,18,15,1221,13.6,4,10,14,4,0,0,2,0,2.4,2.4,11.5,14.0,47,111,133,0.29,0.74,1.03,0.29,1.03,0.18,0.85,1.03,0.18,1.03,Matches,e46012d4
137,Hannes Delcroix,be BEL,DF,Burnley,24,1999,12,5,589,6.5,0,0,0,0,0,0,2,0,0.4,0.4,0.2,0.6,2,18,6,0.00,0.00,0.00,0.00,0.00,0.05,0.03,0.09,0.05,0.09,Matches,b737f944
138,Leander Dendoncker,be BEL,MF,Aston Villa,28,1995,8,1,119,1.3,1,0,1,1,0,0,0,0,0.7,0.7,0.0,0.7,0,3,2,0.76,0.00,0.76,0.76,0.76,0.56,0.00,0.56,0.56,0.56,Matches,5a7301ae
139,Moussa Diaby,fr FRA,"FW,MF",Aston Villa,24,1999,38,25,2174,24.2,6,8,14,6,0,0,1,0,7.0,7.0,6.6,13.6,94,72,183,0.25,0.33,0.58,0.25,0.58,0.29,0.27,0.56,0.29,0.56,Matches,aeed5c06
140,Amad Diallo,ci CIV,"FW,MF",Manchester Utd,21,2002,9,3,390,4.3,1,1,2,1,0,0,1,0,0.5,0.5,1.1,1.6,11,10,31,0.23,0.23,0.46,0.23,0.46,0.12,0.24,0.36,0.12,0.36,Matches,9dc96f10
141,Amadou Diallo,eng ENG,MF,Newcastle Utd,20,2003,1,0,1,0.0,0,0,0,0,0,0,0,0,0.0,0.0,0.0,0.0,0,0,0,0.00,0.00,0.00,0.00,0.00,0.00,0.00,0.00,0.00,0.00,Matches,e31708b2
142,Rúben Dias,pt POR,DF,Manchester City,26,1997,30,28,2559,28.4,0,0,0,0,0,0,0,0,1.4,1.4,0.3,1.7,34,173,16,0.00,0.00,0.00,0.00,0.00,0.05,0.01,0.06,0.05,0.06,Matches,31c69ef1
143,Luis Díaz,co COL,FW,Liverpool,26,1997,37,32,2629,29.2,8,5,13,8,0,0,3,0,11.9,11.9,5.7,17.5,137,113,302,0.27,0.17,0.45,0.27,0.45,0.41,0.19,0.60,0.41,0.60,Matches,4a1a9578
144,Eric Dier,eng ENG,DF,Tottenham,29,1994,4,1,201,2.2,0,0,0,0,0,0,0,0,0.0,0.0,0.0,0.0,0,3,0,0.00,0.00,0.00,0.00,0.00,0.00,0.00,0.00,0.00,0.00,Matches,ac861941
145,Lucas Digne,fr FRA,DF,Aston Villa,30,1993,33,27,2410,26.8,1,3,4,1,0,0,7,0,1.1,1.1,4.1,5.2,42,77,200,0.04,0.11,0.15,0.04,0.15,0.04,0.15,0.19,0.04,0.19,Matches,1b84dbe1
146,Issa Diop,fr FRA,DF,Fulham,26,1997,18,16,1424,15.8,0,0,0,0,0,0,4,1,0.3,0.3,0.0,0.3,11,66,1,0.00,0.00,0.00,0.00,0.00,0.02,0.00,0.02,0.02,0.02,Matches,a712ca2b
147,Axel Disasi,fr FRA,DF,Chelsea,25,1998,31,29,2579,28.7,2,0,2,2,0,0,6,0,2.4,2.4,0.3,2.7,30,112,21,0.07,0.00,0.07,0.07,0.07,0.08,0.01,0.09,0.08,0.09,Matches,ad82197c
148,Ben Doak,sct SCO,FW,Liverpool,17,2005,1,0,14,0.2,0,0,0,0,0,0,0,0,0.0,0.0,0.0,0.0,0,0,0,0.00,0.00,0.00,0.00,0.00,0.00,0.00,0.00,0.00,0.00,Matches,733f1a7d
149,Lewis Dobbin,eng ENG,MF,Everton,20,2003,12,1,232,2.6,1,0,1,1,0,0,1,0,0.3,0.3,0.5,0.8,6,3,20,0.39,0.00,0.39,0.39,0.39,0.11,0.19,0.30,0.11,0.30,Matches,e814e1cf
150,Matt Doherty,ie IRL,"DF,MF",Wolves,31,1992,30,9,1150,12.8,1,0,1,1,0,0,2,0,0.8,0.8,1.3,2.2,12,31,64,0.08,0.00,0.08,0.08,0.08,0.07,0.10,0.17,0.07,0.17,Matches,d557d734
151,Jeremy Doku,be BEL,"FW,MF",Manchester City,21,2002,29,18,1595,17.7,3,8,11,3,0,0,3,0,2.5,2.5,4.6,7.1,218,57,295,0.17,0.45,0.62,0.17,0.62,0.14,0.26,0.40,0.14,0.40,Matches,fffea3e5
152,Nicolás Domínguez,ar ARG,"MF,FW",Nott'ham Forest,25,1998,26,19,1495,16.6,2,2,4,2,0,0,4,0,1.3,1.3,1.0,2.3,14,91,43,0.12,0.12,0.24,0.12,0.24,0.08,0.06,0.14,0.08,0.14,Matches,20b3a502
153,Jamie Donley,eng ENG,FW,Tottenham,18,2005,3,0,3,0.0,0,0,0,0,0,0,1,0,0.0,0.0,0.0,0.0,0,0,0,0.00,0.00,0.00,0.00,0.00,0.00,0.00,0.00,0.00,0.00,Matches,5e4d9b48
154,Abdoulaye Doucouré,ml MLI,"FW,MF",Everton,30,1993,32,32,2629,29.2,7,1,8,7,0,0,7,0,8.8,8.8,2.9,11.6,55,97,140,0.24,0.03,0.27,0.24,0.27,0.30,0.10,0.40,0.30,0.40,Matches,02b29014
155,Cheick Doucouré,ml MLI,MF,Crystal Palace,23,2000,11,11,919,10.2,0,0,0,0,0,0,2,0,0.3,0.3,0.7,1.0,9,49,5,0.00,0.00,0.00,0.00,0.00,0.03,0.07,0.10,0.03,0.10,Matches,ce4f40c7
156,Alfie Doughty,eng ENG,DF,Luton Town,23,1999,37,34,2925,32.5,2,8,10,2,0,0,5,0,1.3,1.3,6.3,7.6,94,106,164,0.06,0.25,0.31,0.06,0.31,0.04,0.19,0.23,0.04,0.23,Matches,bf33b257
157,Tommy Doyle,eng ENG,MF,Wolves,21,2001,26,11,1222,13.6,0,0,0,0,0,0,2,0,0.4,0.4,0.4,0.9,21,81,17,0.00,0.00,0.00,0.00,0.00,0.03,0.03,0.06,0.03,0.06,Matches,5526deb1
158,Radu Drăgușin,ro ROU,DF,Tottenham,21,2002,9,4,429,4.8,0,0,0,0,0,0,1,0,0.1,0.1,0.0,0.1,5,8,1,0.00,0.00,0.00,0.00,0.00,0.03,0.00,0.03,0.03,0.03,Matches,620922ed
159,Martin Dúbravka,sk SVK,GK,Newcastle Utd,34,1989,23,22,1985,22.1,0,0,0,0,0,0,1,0,0.0,0.0,0.1,0.1,0,0,0,0.00,0.00,0.00,0.00,0.00,0.00,0.00,0.00,0.00,0.00,Matches,3a949a25
160,Paul Dummett,wls WAL,DF,Newcastle Utd,31,1991,5,0,20,0.2,0,0,0,0,0,0,0,0,0.0,0.0,0.0,0.0,1,1,0,0.00,0.00,0.00,0.00,0.00,0.11,0.00,0.11,0.11,0.11,Matches,3fe6bd8c
161,Lewis Dunk,eng ENG,DF,Brighton,31,1991,33,33,2869,31.9,3,1,4,3,0,0,7,1,3.1,3.1,0.9,4.0,33,152,13,0.09,0.03,0.13,0.09,0.13,0.10,0.03,0.12,0.10,0.12,Matches,282f75f3
162,Jhon Durán,co COL,"FW,MF",Aston Villa,19,2003,23,3,475,5.3,5,0,5,5,0,0,5,0,2.0,2.0,0.3,2.3,9,9,25,0.95,0.00,0.95,0.95,0.95,0.38,0.06,0.44,0.38,0.44,Matches,414184f7
163,George Earthy,eng ENG,FW,West Ham,18,2004,3,0,34,0.4,1,0,1,1,0,0,0,0,0.3,0.3,0.0,0.3,0,1,3,2.65,0.00,2.65,2.65,2.65,0.82,0.00,0.82,0.82,0.82,Matches,123d2733
164,Ederson,br BRA,GK,Manchester City,29,1993,33,33,2785,30.9,0,0,0,0,0,0,5,0,0.0,0.0,0.1,0.1,0,4,0,0.00,0.00,0.00,0.00,0.00,0.00,0.00,0.00,0.00,0.00,Matches,3bb7b8b4
165,Odsonne Édouard,fr FRA,"FW,MF",Crystal Palace,25,1998,30,17,1555,17.3,7,0,7,7,0,0,4,0,6.2,6.2,1.2,7.4,33,36,100,0.41,0.00,0.41,0.41,0.41,0.36,0.07,0.43,0.36,0.43,Matches,0562b7f1
166,John Egan,ie IRL,DF,Sheffield Utd,30,1992,6,6,482,5.4,0,0,0,0,0,0,2,0,0.2,0.2,0.0,0.2,0,5,1,0.00,0.00,0.00,0.00,0.00,0.03,0.00,0.03,0.03,0.03,Matches,debe38a0
167,Hjalmar Ekdal,se SWE,DF,Burnley,24,1998,8,5,437,4.9,0,0,0,0,0,0,2,0,0.1,0.1,0.1,0.1,5,11,1,0.00,0.00,0.00,0.00,0.00,0.01,0.01,0.03,0.01,0.03,Matches,3d554589
168,Anthony Elanga,se SWE,"FW,MF",Nott'ham Forest,21,2002,36,25,2433,27.0,5,9,14,5,0,0,1,0,6.6,6.6,6.7,13.3,98,49,196,0.18,0.33,0.52,0.18,0.52,0.24,0.25,0.49,0.24,0.49,Matches,2fba6108
169,Harvey Elliott,eng ENG,"MF,FW",Liverpool,20,2003,34,11,1352,15.0,3,6,9,3,0,0,2,0,2.7,2.7,3.5,6.2,44,128,122,0.20,0.40,0.60,0.20,0.60,0.18,0.23,0.42,0.18,0.42,Matches,b9e1436c
170,Mohamed Elneny,eg EGY,MF,Arsenal,31,1992,3,0,28,0.3,0,0,0,0,0,0,0,0,0.1,0.1,0.0,0.1,1,1,0,0.00,0.00,0.00,0.00,0.00,0.26,0.00,0.26,0.26,0.26,Matches,47a34c4f
171,Emerson,br BRA,DF,Tottenham,24,1999,22,11,1161,12.9,1,0,1,1,0,0,4,0,0.2,0.2,0.4,0.6,21,57,35,0.08,0.00,0.08,0.08,0.08,0.02,0.03,0.05,0.02,0.05,Matches,df8b52a5
172,Julio Enciso,py PAR,"MF,FW",Brighton,19,2004,12,5,475,5.3,0,2,2,0,0,0,2,0,1.4,1.4,1.7,3.2,28,21,29,0.00,0.38,0.38,0.00,0.38,0.27,0.32,0.59,0.27,0.59,Matches,9cfbad36
173,Wataru Endo,jp JPN,MF,Liverpool,30,1993,29,20,1722,19.1,1,0,1,1,0,0,10,0,0.5,0.5,1.7,2.3,10,101,21,0.05,0.00,0.05,0.05,0.05,0.03,0.09,0.12,0.03,0.12,Matches,c149016b
174,Christian Eriksen,dk DEN,MF,Manchester Utd,31,1992,22,12,1141,12.7,1,2,3,1,0,0,1,0,1.0,1.0,2.3,3.3,20,68,23,0.08,0.16,0.24,0.08,0.24,0.08,0.18,0.26,0.08,0.26,Matches,980522ec
175,Maxime Estève,fr FRA,DF,Burnley,21,2002,16,15,1309,14.5,0,0,0,0,0,0,6,0,0.3,0.3,0.0,0.3,15,40,3,0.00,0.00,0.00,0.00,0.00,0.02,0.00,0.02,0.02,0.02,Matches,1a066e69
176,Pervis Estupiñán,ec ECU,DF,Brighton,25,1998,19,15,1243,13.8,2,3,5,2,0,0,4,0,1.0,1.0,3.5,4.4,47,83,88,0.14,0.22,0.36,0.14,0.36,0.07,0.25,0.32,0.07,0.32,Matches,d38fdf53
177,Jonny Evans,nir NIR,DF,Manchester Utd,35,1988,23,15,1392,15.5,0,1,1,0,0,0,2,0,0.1,0.1,1.2,1.2,7,37,1,0.00,0.06,0.06,0.00,0.06,0.00,0.08,0.08,0.00,0.08,Matches,f8fcd2a5
178,Eberechi Eze,eng ENG,"MF,FW",Crystal Palace,25,1998,27,24,2055,22.8,11,4,15,10,1,1,3,0,9.1,8.3,5.2,13.5,68,93,139,0.48,0.18,0.66,0.44,0.61,0.40,0.23,0.62,0.36,0.59,Matches,ae4fc6a4
179,Łukasz Fabiański,pl POL,GK,West Ham,38,1985,10,7,721,8.0,0,0,0,0,0,0,0,0,0.0,0.0,0.0,0.0,0,1,0,0.00,0.00,0.00,0.00,0.00,0.00,0.00,0.00,0.00,0.00,Matches,9328b835
180,Romain Faivre,fr FRA,"MF,FW",Bournemouth,25,1998,5,0,41,0.5,0,0,0,0,0,0,1,0,0.2,0.2,0.0,0.2,4,5,4,0.00,0.00,0.00,0.00,0.00,0.34,0.00,0.34,0.34,0.34,Matches,745ca0a3
181,Ansu Fati,es ESP,"MF,FW",Brighton,20,2002,19,3,521,5.8,2,0,2,2,0,0,2,0,3.4,3.4,0.8,4.2,16,28,50,0.35,0.00,0.35,0.35,0.35,0.59,0.14,0.73,0.59,0.73,Matches,0ba976e4
182,Felipe,br BRA,DF,Nott'ham Forest,34,1989,7,4,375,4.2,0,0,0,0,0,0,4,0,0.1,0.1,0.1,0.2,1,6,0,0.00,0.00,0.00,0.00,0.00,0.03,0.01,0.04,0.03,0.04,Matches,51a3c4c8
183,Evan Ferguson,ie IRL,FW,Brighton,18,2004,27,15,1367,15.2,6,0,6,6,0,0,1,0,4.6,4.6,0.5,5.1,13,15,62,0.40,0.00,0.40,0.40,0.40,0.30,0.04,0.34,0.30,0.34,Matches,4596da74
184,Bruno Fernandes,pt POR,"MF,FW",Manchester Utd,28,1994,35,35,3118,34.6,10,8,18,6,4,5,9,0,10.0,6.1,11.8,17.8,86,297,182,0.29,0.23,0.52,0.17,0.40,0.29,0.34,0.63,0.18,0.51,Matches,507c7bdf
185,Enzo Fernández,ar ARG,MF,Chelsea,22,2001,28,26,2209,24.5,3,2,5,2,1,2,7,0,6.2,4.6,3.4,8.0,52,210,54,0.12,0.08,0.20,0.08,0.16,0.25,0.14,0.39,0.19,0.33,Matches,5ff4ab71
186,John Fleck,sct SCO,"MF,DF",Sheffield Utd,31,1991,4,1,92,1.0,0,0,0,0,0,0,1,0,0.0,0.0,0.4,0.4,2,3,0,0.00,0.00,0.00,0.00,0.00,0.00,0.44,0.44,0.00,0.44,Matches,b63e789d
187,Mark Flekken,nl NED,GK,Brentford,30,1993,37,37,3285,36.5,0,1,1,0,0,0,3,0,0.0,0.0,0.5,0.5,0,5,0,0.00,0.03,0.03,0.00,0.03,0.00,0.01,0.01,0.00,0.01,Matches,a92ab7be
188,Phil Foden,eng ENG,"FW,MF",Manchester City,23,2000,35,33,2857,31.7,19,8,27,19,0,0,2,0,10.3,10.3,8.4,18.7,93,168,269,0.60,0.25,0.85,0.60,0.85,0.33,0.26,0.59,0.33,0.59,Matches,ed1e53f3
189,Wes Foderingham,eng ENG,GK,Sheffield Utd,32,1991,30,29,2649,29.4,0,0,0,0,0,0,2,0,0.0,0.0,0.1,0.1,0,0,0,0.00,0.00,0.00,0.00,0.00,0.00,0.00,0.00,0.00,0.00,Matches,96cf7b61
190,Pablo Fornals,es ESP,"MF,FW",West Ham,27,1996,15,4,426,4.7,0,0,0,0,0,0,0,0,0.3,0.3,0.3,0.6,4,29,27,0.00,0.00,0.00,0.00,0.00,0.07,0.07,0.13,0.07,0.13,Matches,82927de4
191,Omari Forson,eng ENG,FW,Manchester Utd,19,2004,4,1,70,0.8,0,1,1,0,0,0,0,0,0.0,0.0,0.2,0.2,1,2,2,0.00,1.29,1.29,0.00,1.29,0.04,0.23,0.27,0.04,0.27,Matches,1b9728b0
192,Lyle Foster,za RSA,"FW,MF",Burnley,22,2000,24,22,1899,21.1,5,3,8,5,0,0,0,1,4.5,4.5,1.9,6.4,55,37,104,0.24,0.14,0.38,0.24,0.38,0.21,0.09,0.30,0.21,0.30,Matches,f84a807c
193,Matheus França,br BRA,"MF,FW",Crystal Palace,19,2004,10,1,232,2.6,0,1,1,0,0,0,1,0,0.4,0.4,0.9,1.2,12,8,12,0.00,0.39,0.39,0.00,0.39,0.14,0.34,0.48,0.14,0.48,Matches,077faf72
194,Nathan Fraser,ie IRL,FW,Wolves,18,2005,7,1,186,2.1,0,0,0,0,0,0,1,0,0.3,0.3,0.1,0.4,1,2,21,0.00,0.00,0.00,0.00,0.00,0.16,0.04,0.19,0.16,0.19,Matches,00b77ecf
195,Cody Gakpo,nl NED,"FW,MF",Liverpool,24,1999,35,17,1649,18.3,8,5,13,8,0,0,1,0,9.0,9.0,2.9,11.8,43,83,130,0.44,0.27,0.71,0.44,0.71,0.49,0.16,0.64,0.49,0.64,Matches,1971591f
196,Conor Gallagher,eng ENG,MF,Chelsea,23,2000,37,37,3128,34.8,5,7,12,5,0,0,9,1,4.2,4.2,5.0,9.2,62,172,122,0.14,0.20,0.35,0.14,0.35,0.12,0.15,0.27,0.12,0.27,Matches,c2731c10
197,Idrissa Gana Gueye,sn SEN,MF,Everton,33,1989,25,24,1884,20.9,4,0,4,4,0,0,8,0,1.3,1.3,1.1,2.4,29,83,41,0.19,0.00,0.19,0.19,0.19,0.06,0.05,0.12,0.06,0.12,Matches,72c812f3
198,Alejandro Garnacho,ar ARG,FW,Manchester Utd,19,2004,36,30,2565,28.5,7,4,11,7,0,0,4,0,8.4,8.3,5.1,13.4,178,62,281,0.25,0.14,0.39,0.25,0.39,0.29,0.18,0.47,0.29,0.47,Matches,7aa8adfe
199,James Garner,eng ENG,MF,Everton,22,2001,37,34,3004,33.4,1,2,3,1,0,0,7,0,2.7,2.7,4.6,7.3,36,100,76,0.03,0.06,0.09,0.03,0.09,0.08,0.14,0.22,0.08,0.22,Matches,4e015693
200,Saman Ghoddos,ir IRN,DF,Brentford,29,1993,19,7,739,8.2,1,0,1,1,0,0,5,0,0.3,0.3,1.1,1.4,22,36,31,0.12,0.00,0.12,0.12,0.12,0.04,0.13,0.17,0.04,0.17,Matches,f7b1d4e0
201,Morgan Gibbs-White,eng ENG,"MF,FW",Nott'ham Forest,23,2000,37,35,3156,35.1,5,10,15,4,1,1,9,0,6.9,6.1,8.4,14.6,80,170,181,0.14,0.29,0.43,0.11,0.40,0.20,0.24,0.44,0.17,0.42,Matches,32f60ed8
202,Bryan Gil,es ESP,"FW,MF",Tottenham,22,2001,11,2,209,2.3,0,0,0,0,0,0,0,0,0.8,0.8,0.2,1.0,11,16,49,0.00,0.00,0.00,0.00,0.00,0.32,0.09,0.41,0.32,0.41,Matches,7b5ab7f2
203,Alfie Gilchrist,eng ENG,DF,Chelsea,19,2003,11,2,207,2.3,1,0,1,1,0,0,1,0,0.3,0.3,0.0,0.3,1,7,4,0.43,0.00,0.43,0.43,0.43,0.14,0.00,0.14,0.14,0.14,Matches,d91f104d
204,Billy Gilmour,sct SCO,MF,Brighton,22,2001,30,24,2120,23.6,0,1,1,0,0,0,8,1,1.0,1.0,2.0,3.0,39,193,33,0.00,0.04,0.04,0.00,0.04,0.04,0.09,0.13,0.04,0.13,Matches,df10e27c
205,Ben Godfrey,eng ENG,DF,Everton,25,1998,15,13,1120,12.4,0,0,0,0,0,0,2,0,1.7,1.7,0.3,2.0,11,43,26,0.00,0.00,0.00,0.00,0.00,0.14,0.02,0.16,0.14,0.16,Matches,9f7c837d
206,André Gomes,pt POR,"MF,FW",Everton,30,1993,12,3,508,5.6,1,0,1,1,0,0,4,0,0.3,0.3,0.4,0.7,8,36,29,0.18,0.00,0.18,0.18,0.18,0.05,0.07,0.13,0.05,0.13,Matches,1961b2aa
207,João Gomes,br BRA,MF,Wolves,22,2001,34,32,2649,29.4,2,1,3,2,0,0,11,0,1.7,1.7,1.1,2.8,28,101,44,0.07,0.03,0.10,0.07,0.10,0.06,0.04,0.10,0.06,0.10,Matches,8b57ad2c
208,Toti Gomes,pt POR,DF,Wolves,24,1999,35,31,2772,30.8,1,3,4,1,0,0,7,0,1.6,1.6,1.2,2.8,22,79,11,0.03,0.10,0.13,0.03,0.13,0.05,0.04,0.09,0.05,0.09,Matches,f0caab96
209,Joe Gomez,eng ENG,DF,Liverpool,26,1997,32,17,1786,19.8,0,1,1,0,0,0,5,0,0.8,0.8,1.3,2.1,44,100,105,0.00,0.05,0.05,0.00,0.05,0.04,0.07,0.10,0.04,0.10,Matches,7a11550b
210,Sergio Gómez,es ESP,"FW,MF",Manchester City,22,2000,6,0,53,0.6,0,1,1,0,0,0,0,0,0.2,0.2,0.2,0.4,4,2,4,0.00,1.70,1.70,0.00,1.70,0.41,0.31,0.73,0.41,0.73,Matches,01e5f06e
211,Enso Gonzalez,py PAR,"MF,DF",Wolves,18,2005,1,0,1,0.0,0,0,0,0,0,0,0,0,0.0,0.0,0.0,0.0,0,0,2,0.00,0.00,0.00,0.00,0.00,0.00,0.00,0.00,0.00,0.00,Matches,7e5bebeb
212,Anthony Gordon,eng ENG,FW,Newcastle Utd,22,2001,35,34,2890,32.1,11,10,21,10,1,1,12,1,10.2,9.4,8.0,17.4,138,101,232,0.34,0.31,0.65,0.31,0.62,0.32,0.25,0.57,0.29,0.54,Matches,2bd83368
213,Kaide Gordon,eng ENG,FW,Liverpool,18,2004,1,0,1,0.0,0,0,0,0,0,0,0,0,0.0,0.0,0.0,0.0,0,1,0,0.00,0.00,0.00,0.00,0.00,0.00,0.00,0.00,0.00,0.00,Matches,19a9cb70
214,Daniel Gore,eng ENG,MF,Manchester Utd,18,2004,1,0,1,0.0,0,0,0,0,0,0,0,0,0.0,0.0,0.0,0.0,0,0,0,0.00,0.00,0.00,0.00,0.00,0.00,0.00,0.00,0.00,0.00,Matches,861e9b3b
215,Ryan Gravenberch,nl NED,MF,Liverpool,21,2002,26,12,1121,12.5,1,0,1,1,0,0,0,0,2.0,2.0,0.9,2.9,39,78,71,0.08,0.00,0.08,0.08,0.08,0.16,0.07,0.23,0.16,0.23,Matches,b8e740fb
216,Ivo Grbić,hr CRO,GK,Sheffield Utd,27,1996,9,9,771,8.6,0,0,0,0,0,0,1,0,0.0,0.0,0.0,0.0,0,0,0,0.00,0.00,0.00,0.00,0.00,0.00,0.00,0.00,0.00,0.00,Matches,3f034750
217,Jack Grealish,eng ENG,"FW,MF",Manchester City,27,1995,20,10,1009,11.2,3,1,4,3,0,0,6,0,2.1,2.1,2.5,4.6,87,50,146,0.27,0.09,0.36,0.27,0.36,0.19,0.22,0.41,0.19,0.41,Matches,b0b4fd3e
218,Pascal Groß,de GER,"MF,DF",Brighton,32,1991,36,34,3114,34.6,4,10,14,3,1,1,6,0,6.5,5.7,8.1,13.8,83,302,180,0.12,0.29,0.40,0.09,0.38,0.19,0.24,0.42,0.16,0.40,Matches,8aec0537
219,Marc Guéhi,eng ENG,DF,Crystal Palace,23,2000,25,23,2021,22.5,0,1,1,0,0,0,2,0,0.6,0.6,0.6,1.2,15,67,7,0.00,0.04,0.04,0.00,0.04,0.03,0.03,0.05,0.03,0.05,Matches,d0706b27
220,Bruno Guimarães,br BRA,MF,Newcastle Utd,25,1997,37,37,3263,36.3,7,8,15,7,0,0,9,0,4.8,4.8,6.4,11.2,65,283,73,0.19,0.22,0.41,0.19,0.41,0.13,0.18,0.31,0.13,0.31,Matches,82518f62
221,Malo Gusto,fr FRA,DF,Chelsea,20,2003,27,19,1751,19.5,0,6,6,0,0,0,7,1,0.9,0.9,4.3,5.2,78,86,135,0.00,0.31,0.31,0.00,0.31,0.05,0.22,0.27,0.05,0.27,Matches,d56b9520
222,Joško Gvardiol,hr CRO,DF,Manchester City,21,2002,28,26,2328,25.9,4,1,5,4,0,0,3,0,3.1,3.1,1.4,4.5,63,136,115,0.15,0.04,0.19,0.15,0.19,0.12,0.06,0.18,0.12,0.18,Matches,5ad50391
223,Erling Haaland,no NOR,FW,Manchester City,23,2000,31,29,2552,28.4,27,5,32,20,7,8,1,0,29.2,22.9,4.3,27.2,35,26,126,0.95,0.18,1.13,0.71,0.88,1.03,0.15,1.18,0.81,0.96,Matches,1f44ac21
224,Antwoine Hackford,eng ENG,FW,Sheffield Utd,19,2004,2,0,13,0.1,0,0,0,0,0,0,0,0,0.0,0.0,0.0,0.0,0,0,0,0.00,0.00,0.00,0.00,0.00,0.00,0.00,0.00,0.00,0.00,Matches,a7588cdc
225,Lewis Hall,eng ENG,DF,Newcastle Utd,18,2004,18,8,781,8.7,1,0,1,1,0,0,2,0,0.3,0.3,0.3,0.6,19,46,27,0.12,0.00,0.12,0.12,0.12,0.04,0.03,0.07,0.04,0.07,Matches,da011f18
226,Gustavo Hamer,nl NED,MF,Sheffield Utd,26,1997,36,34,2910,32.3,4,6,10,4,0,0,9,0,3.0,3.0,6.1,9.1,36,135,86,0.12,0.19,0.31,0.12,0.31,0.09,0.19,0.28,0.09,0.28,Matches,eebacc07
227,Luke Harris,wls WAL,MF,Fulham,18,2005,1,0,75,0.8,0,0,0,0,0,0,0,0,0.3,0.3,0.0,0.3,0,1,0,0.00,0.00,0.00,0.00,0.00,0.33,0.00,0.33,0.33,0.33,Matches,8c3078cd
228,Jack Harrison,eng ENG,"MF,FW",Everton,26,1996,29,25,2214,24.6,3,3,6,3,0,0,1,0,3.6,3.6,3.4,7.0,65,62,135,0.12,0.12,0.24,0.12,0.24,0.14,0.14,0.28,0.14,0.28,Matches,aa849a12
229,Daiki Hashioka,jp JPN,DF,Luton Town,24,1999,10,6,595,6.6,0,0,0,0,0,0,0,0,0.1,0.1,0.7,0.8,3,21,16,0.00,0.00,0.00,0.00,0.00,0.02,0.10,0.12,0.02,0.12,Matches,10cb48b7
230,Kai Havertz,de GER,"MF,FW",Arsenal,24,1999,37,30,2634,29.3,13,7,20,12,1,1,11,0,12.3,11.6,4.4,15.9,55,99,191,0.44,0.24,0.68,0.41,0.65,0.42,0.15,0.57,0.39,0.54,Matches,fed7cb61
231,Jan Paul van Hecke,nl NED,DF,Brighton,23,2000,28,26,2369,26.3,0,0,0,0,0,0,4,0,1.2,1.2,0.9,2.1,25,147,7,0.00,0.00,0.00,0.00,0.00,0.05,0.03,0.08,0.05,0.08,Matches,4fd08daa
232,Hwang Hee-chan,kr KOR,"FW,MF",Wolves,27,1996,29,25,2119,23.5,12,3,15,11,1,1,6,0,7.7,6.9,3.0,9.9,37,37,120,0.51,0.13,0.64,0.47,0.59,0.33,0.13,0.45,0.29,0.42,Matches,169fd162
233,Dean Henderson,eng ENG,GK,Crystal Palace,26,1997,18,18,1620,18.0,0,0,0,0,0,0,2,0,0.0,0.0,0.0,0.0,0,0,0,0.00,0.00,0.00,0.00,0.00,0.00,0.00,0.00,0.00,0.00,Matches,e5a76dfe
234,Rico Henry,eng ENG,DF,Brentford,26,1997,5,5,401,4.5,0,1,1,0,0,0,1,0,0.1,0.1,1.0,1.1,13,20,12,0.00,0.22,0.22,0.00,0.22,0.02,0.22,0.24,0.02,0.24,Matches,8a3c1dc7
235,Son Heung-min,kr KOR,FW,Tottenham,31,1992,35,34,2934,32.6,17,10,27,15,2,2,1,0,12.0,10.4,11.8,22.2,119,139,325,0.52,0.31,0.83,0.46,0.77,0.37,0.36,0.73,0.32,0.68,Matches,92e7e919
236,Aaron Hickey,sct SCO,DF,Brentford,21,2002,9,9,713,7.9,0,0,0,0,0,0,5,0,0.2,0.2,0.1,0.3,9,21,13,0.00,0.00,0.00,0.00,0.00,0.03,0.01,0.04,0.03,0.04,Matches,1780bb4a
237,James Hill,eng ENG,DF,Bournemouth,21,2002,5,1,76,0.8,0,0,0,0,0,0,0,0,0.0,0.0,0.0,0.0,0,5,1,0.00,0.00,0.00,0.00,0.00,0.00,0.00,0.00,0.00,0.00,Matches,69942fb3
238,Jack Hinshelwood,eng ENG,DF,Brighton,18,2005,12,8,869,9.7,3,0,3,3,0,0,1,0,1.9,1.9,0.7,2.5,16,19,38,0.31,0.00,0.31,0.31,0.31,0.19,0.07,0.26,0.19,0.26,Matches,e98211e7
239,Mason Holgate,eng ENG,DF,Sheffield Utd,26,1996,10,9,710,7.9,0,0,0,0,0,0,3,1,0.6,0.6,0.4,1.1,0,13,0,0.00,0.00,0.00,0.00,0.00,0.08,0.05,0.13,0.08,0.13,Matches,d0042ab9
240,Callum Hudson-Odoi,eng ENG,"FW,MF",Nott'ham Forest,22,2000,29,20,1854,20.6,8,1,9,8,0,0,0,0,2.7,2.7,2.8,5.5,111,58,171,0.39,0.05,0.44,0.39,0.44,0.13,0.14,0.27,0.13,0.27,Matches,15f3ec41
241,Will Hughes,eng ENG,MF,Crystal Palace,28,1995,30,23,1891,21.0,0,1,1,0,0,0,6,0,0.3,0.3,1.1,1.5,14,76,17,0.00,0.05,0.05,0.00,0.05,0.02,0.05,0.07,0.02,0.07,Matches,a0666d3e
242,Pierre Højbjerg,dk DEN,MF,Tottenham,27,1995,36,8,1311,14.6,0,0,0,0,0,0,4,0,0.7,0.7,1.2,1.9,17,134,29,0.00,0.00,0.00,0.00,0.00,0.05,0.08,0.13,0.05,0.13,Matches,8b04d6c1
243,Rasmus Højlund,dk DEN,FW,Manchester Utd,20,2003,30,25,2158,24.0,10,2,12,10,0,0,2,0,7.6,7.6,1.6,9.2,36,33,111,0.42,0.08,0.50,0.42,0.50,0.32,0.07,0.38,0.32,0.38,Matches,491a433d
244,Igor,br BRA,DF,Brighton,25,1998,24,17,1637,18.2,0,0,0,0,0,0,4,0,0.3,0.3,0.7,1.0,30,107,12,0.00,0.00,0.00,0.00,0.00,0.02,0.04,0.05,0.02,0.05,Matches,a4e85758
245,Danny Ings,eng ENG,FW,West Ham,31,1992,20,3,404,4.5,1,0,1,1,0,0,1,0,1.3,1.3,0.3,1.5,7,8,29,0.22,0.00,0.22,0.22,0.22,0.28,0.06,0.34,0.28,0.34,Matches,07802f7f
246,Tim Iroegbunam,eng ENG,MF,Aston Villa,20,2003,9,1,164,1.8,0,0,0,0,0,0,0,0,0.0,0.0,0.0,0.0,3,1,0,0.00,0.00,0.00,0.00,0.00,0.00,0.00,0.00,0.00,0.00,Matches,84c5ceea
247,Alexander Isak,se SWE,FW,Newcastle Utd,23,1999,30,27,2255,25.1,21,2,23,16,5,6,1,0,20.3,15.6,3.7,19.3,68,71,129,0.84,0.08,0.92,0.64,0.72,0.81,0.15,0.96,0.62,0.77,Matches,8e92be30
248,Alex Iwobi,ng NGA,MF,Everton,27,1996,2,2,140,1.6,0,0,0,0,0,0,0,0,0.3,0.3,0.2,0.5,6,4,8,0.00,0.00,0.00,0.00,0.00,0.21,0.14,0.35,0.21,0.35,Matches,6ca5ec4b
249,Alex Iwobi,ng NGA,"FW,MF",Fulham,27,1996,30,25,2192,24.4,5,2,7,5,0,0,2,0,5.3,5.3,4.7,10.0,109,147,175,0.21,0.08,0.29,0.21,0.29,0.22,0.19,0.41,0.22,0.41,Matches,6ca5ec4b
250,Nicolas Jackson,sn SEN,FW,Chelsea,22,2001,35,31,2799,31.1,14,5,19,14,0,0,10,0,18.6,18.6,4.3,22.9,70,67,200,0.45,0.16,0.61,0.45,0.61,0.60,0.14,0.74,0.60,0.74,Matches,9c36ed83
251,Reece James,eng ENG,DF,Chelsea,23,1999,10,5,419,4.7,0,2,2,0,0,0,2,2,0.3,0.3,1.7,2.1,19,21,35,0.00,0.43,0.43,0.00,0.43,0.07,0.37,0.44,0.07,0.44,Matches,1265a93a
252,Vitaly Janelt,de GER,"MF,DF",Brentford,25,1998,38,37,3054,33.9,1,3,4,1,0,0,8,0,1.8,1.8,4.8,6.5,25,123,81,0.03,0.09,0.12,0.03,0.12,0.05,0.14,0.19,0.05,0.19,Matches,8449d35e
253,Daniel Jebbison,eng ENG,FW,Sheffield Utd,19,2003,1,0,21,0.2,0,0,0,0,0,0,0,0,0.0,0.0,0.0,0.0,0,0,1,0.00,0.00,0.00,0.00,0.00,0.00,0.00,0.00,0.00,0.00,Matches,03edb878
254,Mathias Jensen,dk DEN,MF,Brentford,27,1996,32,27,2204,24.5,3,3,6,3,0,0,5,0,0.7,0.7,4.0,4.7,19,123,66,0.12,0.12,0.25,0.12,0.25,0.03,0.16,0.19,0.03,0.19,Matches,0f134faf
255,Gabriel Jesus,br BRA,FW,Arsenal,26,1997,27,17,1478,16.4,4,5,9,4,0,0,6,0,6.3,6.3,3.8,10.1,38,42,155,0.24,0.30,0.55,0.24,0.55,0.39,0.23,0.62,0.39,0.62,Matches,b66315ae
256,Raúl Jiménez,mx MEX,FW,Fulham,32,1991,24,18,1395,15.5,7,0,7,7,0,0,3,1,5.2,5.2,1.5,6.6,11,24,87,0.45,0.00,0.45,0.45,0.45,0.33,0.10,0.43,0.33,0.43,Matches,b561db50
257,João Pedro,br BRA,"FW,MF",Brighton,21,2001,31,19,2045,22.7,9,3,12,5,4,5,2,0,11.9,7.9,3.8,11.7,83,92,205,0.40,0.13,0.53,0.22,0.35,0.53,0.17,0.69,0.35,0.51,Matches,e8832875
258,Joelinton,br BRA,"MF,FW",Newcastle Utd,26,1996,20,15,1279,14.2,2,1,3,2,0,0,6,0,3.1,3.1,2.8,5.9,29,56,60,0.14,0.07,0.21,0.14,0.21,0.22,0.20,0.41,0.22,0.41,Matches,c17bfb65
259,Ryan John Giles,eng ENG,"DF,MF",Luton Town,23,2000,11,5,503,5.6,0,0,0,0,0,0,0,0,0.1,0.1,0.2,0.3,9,17,30,0.00,0.00,0.00,0.00,0.00,0.02,0.04,0.06,0.02,0.06,Matches,73b1d65b
260,Ben Johnson,eng ENG,"DF,FW",West Ham,23,2000,14,4,544,6.0,0,0,0,0,0,0,1,0,0.2,0.2,0.0,0.2,17,22,33,0.00,0.00,0.00,0.00,0.00,0.03,0.00,0.03,0.03,0.03,Matches,9319781b
261,Brennan Johnson,wls WAL,FW,Tottenham,22,2001,32,23,2085,23.2,5,10,15,5,0,0,3,0,10.3,10.3,8.1,18.3,97,72,293,0.22,0.43,0.65,0.22,0.65,0.44,0.35,0.79,0.44,0.79,Matches,0cd31129
262,Brennan Johnson,wls WAL,"FW,MF",Nott'ham Forest,22,2001,3,3,237,2.6,0,0,0,0,0,0,0,0,0.3,0.3,0.2,0.5,8,1,14,0.00,0.00,0.00,0.00,0.00,0.12,0.08,0.21,0.12,0.21,Matches,0cd31129
263,Joseph Johnson,eng ENG,DF,Luton Town,17,2006,2,0,77,0.9,0,0,0,0,0,0,1,0,0.0,0.0,0.0,0.0,0,2,1,0.00,0.00,0.00,0.00,0.00,0.00,0.00,0.00,0.00,0.00,Matches,d9e7c4da
264,Sam Johnstone,eng ENG,GK,Crystal Palace,30,1993,20,20,1796,20.0,0,0,0,0,0,0,1,0,0.0,0.0,0.0,0.0,0,0,0,0.00,0.00,0.00,0.00,0.00,0.00,0.00,0.00,0.00,0.00,Matches,9e5708be
265,Curtis Jones,eng ENG,MF,Liverpool,22,2001,23,14,1167,13.0,1,1,2,1,0,0,3,1,2.6,2.6,0.7,3.3,31,74,88,0.08,0.08,0.15,0.08,0.15,0.20,0.05,0.25,0.20,0.25,Matches,4fb9c88f
266,Jorginho,it ITA,MF,Arsenal,31,1991,24,10,921,10.2,0,2,2,0,0,0,1,0,0.1,0.1,1.4,1.5,8,101,8,0.00,0.20,0.20,0.00,0.20,0.01,0.13,0.14,0.01,0.14,Matches,45db685d
267,Diogo Jota,pt POR,FW,Liverpool,26,1996,21,14,1145,12.7,10,3,13,10,0,0,3,1,5.3,5.3,3.3,8.6,54,34,111,0.79,0.24,1.02,0.79,1.02,0.42,0.26,0.68,0.42,0.68,Matches,178ae8f8
268,Mads Juel Andersen,dk DEN,DF,Luton Town,25,1997,8,4,400,4.4,1,0,1,1,0,0,1,0,0.3,0.3,0.0,0.3,0,7,1,0.23,0.00,0.23,0.23,0.23,0.06,0.00,0.06,0.06,0.06,Matches,f098c03e
269,Hamed Junior Traorè,ci CIV,MF,Bournemouth,23,2000,3,0,47,0.5,0,0,0,0,0,0,0,0,0.2,0.2,0.0,0.2,2,3,4,0.00,0.00,0.00,0.00,0.00,0.34,0.07,0.41,0.34,0.41,Matches,570bb4b9
270,Mathias Jørgensen,dk DEN,DF,Brentford,33,1990,14,12,1087,12.1,1,0,1,1,0,0,4,0,0.7,0.7,0.9,1.7,5,50,4,0.08,0.00,0.08,0.08,0.08,0.06,0.08,0.14,0.06,0.14,Matches,0db5d2c8
271,Issa Kaboré,bf BFA,DF,Luton Town,22,2001,24,21,1729,19.2,0,2,2,0,0,0,7,0,0.2,0.2,2.1,2.3,60,54,85,0.00,0.10,0.10,0.00,0.10,0.01,0.11,0.12,0.01,0.12,Matches,c066d1a5
272,Sasa Kalajdzic,at AUT,FW,Wolves,26,1997,11,1,166,1.8,2,0,2,2,0,0,0,0,1.1,1.1,1.0,2.0,1,5,9,1.08,0.00,1.08,1.08,1.08,0.57,0.52,1.09,0.57,1.09,Matches,15f24fe7
273,Boubacar Kamara,fr FRA,MF,Aston Villa,23,1999,20,20,1652,18.4,0,1,1,0,0,0,7,1,0.1,0.1,1.3,1.4,19,83,10,0.00,0.05,0.05,0.00,0.05,0.01,0.07,0.08,0.01,0.08,Matches,cc77354e
274,Willy Kambwala,fr FRA,DF,Manchester Utd,18,2004,8,3,330,3.7,0,0,0,0,0,0,1,0,0.0,0.0,0.0,0.0,2,8,1,0.00,0.00,0.00,0.00,0.00,0.00,0.00,0.00,0.00,0.00,Matches,6a7353d7
275,Thomas Kaminski,be BEL,GK,Luton Town,30,1992,38,38,3405,37.8,0,0,0,0,0,0,3,0,0.0,0.0,0.0,0.0,0,1,0,0.00,0.00,0.00,0.00,0.00,0.00,0.00,0.00,0.00,0.00,Matches,1caa93a5
276,Loris Karius,de GER,GK,Newcastle Utd,30,1993,1,1,90,1.0,0,0,0,0,0,0,0,0,0.0,0.0,0.0,0.0,0,0,0,0.00,0.00,0.00,0.00,0.00,0.00,0.00,0.00,0.00,0.00,Matches,32e7ce92
277,Michael Keane,eng ENG,DF,Everton,30,1993,9,4,439,4.9,1,0,1,1,0,0,2,0,0.7,0.7,0.0,0.7,4,14,3,0.21,0.00,0.21,0.21,0.21,0.14,0.00,0.14,0.14,0.14,Matches,c5b7c315
278,Thilo Kehrer,de GER,"DF,MF",West Ham,26,1996,4,0,22,0.2,0,0,0,0,0,0,2,0,0.0,0.0,0.0,0.0,0,1,1,0.00,0.00,0.00,0.00,0.00,0.00,0.00,0.00,0.00,0.00,Matches,51dbeea9
279,Caoimhín Kelleher,ie IRL,GK,Liverpool,24,1998,10,10,900,10.0,0,0,0,0,0,0,0,0,0.0,0.0,0.0,0.0,0,1,0,0.00,0.00,0.00,0.00,0.00,0.00,0.00,0.00,0.00,0.00,Matches,62d7ef38
280,Lloyd Kelly,eng ENG,DF,Bournemouth,24,1998,23,17,1559,17.3,0,1,1,0,0,0,2,0,0.3,0.3,1.2,1.6,15,56,28,0.00,0.06,0.06,0.00,0.06,0.02,0.07,0.09,0.02,0.09,Matches,f31def1e
281,Omari Kellyman,eng ENG,FW,Aston Villa,17,2005,2,0,37,0.4,0,0,0,0,0,0,0,0,0.1,0.1,0.0,0.1,1,0,0,0.00,0.00,0.00,0.00,0.00,0.17,0.00,0.17,0.17,0.17,Matches,aa888da7
282,Milos Kerkez,hu HUN,DF,Bournemouth,19,2003,28,22,1970,21.9,0,1,1,0,0,0,4,1,1.2,1.2,0.8,2.0,46,44,93,0.00,0.05,0.05,0.00,0.05,0.06,0.04,0.09,0.06,0.09,Matches,0ad53bdc
283,Kaine Kesler-Hayden,eng ENG,"MF,DF",Aston Villa,20,2002,3,0,6,0.1,0,0,0,0,0,0,0,0,0.0,0.0,0.0,0.0,0,0,0,0.00,0.00,0.00,0.00,0.00,0.00,0.00,0.00,0.00,0.00,Matches,9b066938
284,Max Kilman,eng ENG,DF,Wolves,26,1997,38,38,3420,38.0,2,0,2,2,0,0,7,0,1.8,1.8,1.4,3.2,22,117,5,0.05,0.00,0.05,0.05,0.05,0.05,0.04,0.08,0.05,0.08,Matches,d0f72bf1
285,Jakub Kiwior,pl POL,DF,Arsenal,23,2000,20,11,946,10.5,1,3,4,1,0,0,1,0,0.8,0.8,0.9,1.7,4,55,16,0.10,0.29,0.38,0.10,0.38,0.08,0.09,0.16,0.08,0.16,Matches,dc3e663e
286,Justin Kluivert,nl NED,"MF,FW",Bournemouth,24,1999,32,26,1916,21.3,7,1,8,7,0,0,5,0,6.2,6.2,1.9,8.1,65,50,114,0.33,0.05,0.38,0.33,0.38,0.29,0.09,0.38,0.29,0.38,Matches,4c3a6744
287,Luca Koleosho,it ITA,"MF,FW",Burnley,18,2004,15,13,974,10.8,1,1,2,1,0,0,0,0,2.0,2.0,1.3,3.3,53,19,82,0.09,0.09,0.18,0.09,0.18,0.18,0.12,0.30,0.18,0.30,Matches,fc076f78
288,Ibrahima Konaté,fr FRA,DF,Liverpool,24,1999,22,17,1574,17.5,0,0,0,0,0,0,5,1,0.7,0.7,0.4,1.1,24,118,3,0.00,0.00,0.00,0.00,0.00,0.04,0.02,0.06,0.04,0.06,Matches,5ed9b537
289,Ezri Konsa,eng ENG,DF,Aston Villa,25,1997,35,35,3069,34.1,1,0,1,1,0,0,5,0,2.5,2.5,0.5,3.0,37,136,33,0.03,0.00,0.03,0.03,0.03,0.07,0.02,0.09,0.07,0.09,Matches,0313a347
290,Cheikhou Kouyaté,sn SEN,MF,Nott'ham Forest,33,1989,12,2,212,2.4,0,0,0,0,0,0,2,0,0.3,0.3,0.0,0.3,0,5,5,0.00,0.00,0.00,0.00,0.00,0.12,0.02,0.14,0.12,0.14,Matches,8d3c902d
291,Mateo Kovačić,hr CRO,MF,Manchester City,29,1994,30,16,1551,17.2,1,0,1,1,0,0,4,0,1.3,1.3,1.6,2.9,37,100,38,0.06,0.00,0.06,0.06,0.06,0.07,0.09,0.17,0.07,0.17,Matches,79c0821a
292,Emil Krafth,se SWE,DF,Newcastle Utd,28,1994,17,8,913,10.1,0,0,0,0,0,0,2,0,0.2,0.2,1.0,1.2,12,29,33,0.00,0.00,0.00,0.00,0.00,0.02,0.10,0.12,0.02,0.12,Matches,77cf6852
293,Mohammed Kudus,gh GHA,"FW,MF",West Ham,22,2000,33,27,2484,27.6,8,6,14,8,0,0,6,0,5.1,5.1,3.5,8.6,117,80,216,0.29,0.22,0.51,0.29,0.51,0.19,0.13,0.31,0.19,0.31,Matches,b62878a5
294,Dejan Kulusevski,se SWE,"FW,MF",Tottenham,23,2000,36,31,2762,30.7,8,3,11,8,0,0,7,0,4.7,4.7,7.7,12.4,151,144,388,0.26,0.10,0.36,0.26,0.36,0.15,0.25,0.40,0.15,0.40,Matches,df3cda47
295,Adam Lallana,eng ENG,"MF,FW",Brighton,35,1988,25,13,850,9.4,0,1,1,0,0,0,2,0,0.8,0.8,1.7,2.5,9,39,55,0.00,0.11,0.11,0.00,0.11,0.09,0.18,0.27,0.09,0.27,Matches,99813635
296,Tariq Lamptey,gh GHA,"DF,FW",Brighton,22,2000,19,10,914,10.2,0,3,3,0,0,0,3,0,0.4,0.4,1.2,1.7,39,17,64,0.00,0.30,0.30,0.00,0.30,0.04,0.12,0.16,0.04,0.16,Matches,f4e433d4
297,Aymeric Laporte,es ESP,DF,Manchester City,29,1994,1,0,12,0.1,0,0,0,0,0,0,0,0,0.0,0.0,0.0,0.0,0,0,0,0.00,0.00,0.00,0.00,0.00,0.27,0.00,0.27,0.27,0.27,Matches,119b9a8e
298,Yasser Larouci,dz ALG,DF,Sheffield Utd,22,2001,11,6,531,5.9,0,0,0,0,0,0,1,0,0.2,0.2,0.3,0.5,18,14,12,0.00,0.00,0.00,0.00,0.00,0.04,0.05,0.09,0.04,0.09,Matches,0ed063d6
299,Jamaal Lascelles,eng ENG,DF,Newcastle Utd,29,1993,16,13,1080,12.0,1,0,1,1,0,0,4,0,0.7,0.7,0.1,0.8,8,31,3,0.08,0.00,0.08,0.08,0.08,0.06,0.01,0.07,0.06,0.07,Matches,450ab6fc
300,Roméo Lavia,be BEL,MF,Chelsea,19,2004,1,0,33,0.4,0,0,0,0,0,0,0,0,0.0,0.0,0.0,0.0,0,1,0,0.00,0.00,0.00,0.00,0.00,0.00,0.00,0.00,0.00,0.00,Matches,ecad9aa5
301,Mario Lemina,ga GAB,MF,Wolves,29,1993,35,34,2968,33.0,4,1,5,4,0,0,12,1,4.6,4.6,1.5,6.2,32,76,49,0.12,0.03,0.15,0.12,0.15,0.14,0.05,0.19,0.14,0.19,Matches,2b471f99
302,Clément Lenglet,fr FRA,DF,Aston Villa,28,1995,14,14,1153,12.8,0,1,1,0,0,0,3,0,0.9,0.9,0.8,1.6,26,51,1,0.00,0.08,0.08,0.00,0.08,0.07,0.06,0.13,0.07,0.13,Matches,4f28a6ff
303,Bernd Leno,de GER,GK,Fulham,31,1992,38,38,3420,38.0,0,0,0,0,0,0,3,0,0.0,0.0,0.0,0.0,0,0,0,0.00,0.00,0.00,0.00,0.00,0.00,0.00,0.00,0.00,0.00,Matches,2628fd2b
304,Jefferson Lerma,co COL,"MF,DF",Crystal Palace,28,1994,28,27,2400,26.7,1,1,2,1,0,0,8,0,2.7,2.7,2.2,4.8,14,106,51,0.04,0.04,0.07,0.04,0.07,0.10,0.08,0.18,0.10,0.18,Matches,9b5ce51a
305,Rico Lewis,eng ENG,"DF,MF",Manchester City,18,2004,16,8,809,9.0,2,0,2,2,0,0,1,0,0.6,0.6,1.1,1.8,21,33,46,0.22,0.00,0.22,0.22,0.22,0.07,0.12,0.19,0.07,0.19,Matches,b57e066e
306,Keane Lewis-Potter,eng ENG,"FW,DF",Brentford,22,2001,30,15,1441,16.0,3,1,4,3,0,0,0,0,6.3,6.3,1.7,8.0,56,32,135,0.19,0.06,0.25,0.19,0.25,0.39,0.11,0.50,0.39,0.50,Matches,41f08ac8
307,Victor Lindelöf,se SWE,DF,Manchester Utd,29,1994,19,14,1328,14.8,1,1,2,1,0,0,2,0,0.8,0.8,0.3,1.1,17,40,17,0.07,0.07,0.14,0.07,0.14,0.05,0.02,0.07,0.05,0.07,Matches,f5deef4c
308,Valentino Livramento,eng ENG,DF,Newcastle Utd,20,2002,26,12,1314,14.6,1,0,1,1,0,0,1,0,0.4,0.4,0.8,1.2,44,61,76,0.07,0.00,0.07,0.07,0.07,0.03,0.05,0.08,0.03,0.08,Matches,afed6722
309,Giovani Lo Celso,ar ARG,MF,Tottenham,27,1996,22,4,506,5.6,2,2,4,2,0,0,2,0,0.6,0.6,1.9,2.5,25,68,29,0.36,0.36,0.71,0.36,0.71,0.10,0.34,0.45,0.10,0.45,Matches,d7553721
310,Tom Lockyer,wls WAL,DF,Luton Town,28,1994,14,14,1169,13.0,1,1,2,1,0,0,4,0,1.1,1.1,0.6,1.7,6,37,2,0.08,0.08,0.15,0.08,0.15,0.08,0.05,0.13,0.08,0.13,Matches,37118440
311,Sean Longstaff,eng ENG,MF,Newcastle Utd,25,1997,35,30,2747,30.5,6,2,8,6,0,0,7,0,6.6,6.6,2.3,8.8,24,145,116,0.20,0.07,0.26,0.20,0.26,0.22,0.07,0.29,0.22,0.29,Matches,a2b105e0
312,Max Lowe,eng ENG,"DF,MF",Sheffield Utd,26,1997,10,4,503,5.6,0,0,0,0,0,0,1,0,0.6,0.6,0.7,1.3,5,12,11,0.00,0.00,0.00,0.00,0.00,0.10,0.13,0.23,0.10,0.23,Matches,7af88b33
313,Douglas Luiz,br BRA,MF,Aston Villa,25,1998,35,35,2993,33.3,9,5,14,5,4,4,12,0,6.9,3.8,5.4,9.2,60,168,50,0.27,0.15,0.42,0.15,0.30,0.21,0.16,0.37,0.11,0.28,Matches,6f7d826d
314,Saša Lukić,rs SRB,MF,Fulham,26,1996,24,13,1122,12.5,1,0,1,1,0,0,3,0,1.6,1.6,0.8,2.4,12,43,27,0.08,0.00,0.08,0.08,0.08,0.13,0.06,0.19,0.13,0.19,Matches,c6e8cf1f
315,Ian Maatsen,nl NED,"FW,MF",Chelsea,21,2002,12,1,209,2.3,0,0,0,0,0,0,1,0,0.8,0.8,0.1,0.9,9,8,15,0.00,0.00,0.00,0.00,0.00,0.35,0.04,0.39,0.35,0.39,Matches,cab9634e
316,Alexis Mac Allister,ar ARG,MF,Liverpool,24,1998,33,31,2599,28.9,5,5,10,4,1,1,7,1,3.7,2.9,3.6,6.4,44,209,48,0.17,0.17,0.35,0.14,0.31,0.13,0.12,0.25,0.10,0.22,Matches,83d074ff
317,James Maddison,eng ENG,MF,Tottenham,26,1996,28,26,2135,23.7,4,9,13,4,0,0,5,0,6.4,6.4,5.9,12.4,58,224,156,0.17,0.38,0.55,0.17,0.55,0.27,0.25,0.52,0.27,0.52,Matches,ee38d9c5
318,Noni Madueke,eng ENG,FW,Chelsea,21,2002,23,13,1053,11.7,5,2,7,4,1,1,2,0,2.5,1.7,2.6,4.3,76,52,136,0.43,0.17,0.60,0.34,0.51,0.21,0.23,0.44,0.14,0.37,Matches,bf34eebd
319,Gabriel Magalhães,br BRA,DF,Arsenal,25,1997,36,34,3044,33.8,4,0,4,4,0,0,4,0,4.3,4.3,0.7,5.0,13,117,8,0.12,0.00,0.12,0.12,0.12,0.13,0.02,0.15,0.13,0.15,Matches,67ac5bb8
320,Harry Maguire,eng ENG,DF,Manchester Utd,30,1993,22,18,1653,18.4,2,2,4,2,0,0,4,0,2.0,2.0,1.2,3.3,20,73,2,0.11,0.11,0.22,0.11,0.22,0.11,0.07,0.18,0.11,0.18,Matches,d8931174
321,Kobbie Mainoo,eng ENG,MF,Manchester Utd,18,2005,24,24,1924,21.4,3,1,4,3,0,0,3,0,0.9,0.9,0.7,1.6,25,64,36,0.14,0.05,0.19,0.14,0.19,0.04,0.03,0.07,0.04,0.07,Matches,c6220452
322,Orel Mangala,be BEL,MF,Nott'ham Forest,25,1998,20,19,1563,17.4,1,0,1,1,0,0,6,0,0.8,0.8,0.2,1.1,13,45,14,0.06,0.00,0.06,0.06,0.06,0.05,0.01,0.06,0.05,0.06,Matches,a572e291
323,Benson Manuel,ao ANG,"MF,FW",Burnley,26,1997,8,1,116,1.3,0,0,0,0,0,0,0,0,0.1,0.1,0.0,0.1,5,2,14,0.00,0.00,0.00,0.00,0.00,0.05,0.03,0.08,0.05,0.08,Matches,d7f99582
324,Solly March,eng ENG,"FW,DF",Brighton,29,1994,7,7,554,6.2,3,1,4,3,0,0,1,0,2.0,2.0,1.0,2.9,14,24,44,0.49,0.16,0.65,0.49,0.65,0.32,0.16,0.47,0.32,0.47,Matches,bb5fbd2b
325,Anthony Martial,fr FRA,FW,Manchester Utd,27,1995,13,5,448,5.0,1,0,1,1,0,0,0,0,1.2,1.2,0.2,1.5,6,12,36,0.20,0.00,0.20,0.20,0.20,0.25,0.05,0.29,0.25,0.29,Matches,8b788c01
326,Gabriel Martinelli,br BRA,FW,Arsenal,22,2001,35,24,2019,22.4,6,4,10,6,0,0,1,0,6.8,6.8,6.1,12.9,127,65,345,0.27,0.18,0.45,0.27,0.45,0.31,0.27,0.58,0.31,0.58,Matches,48a5a5d6
327,Emiliano Martínez,ar ARG,GK,Aston Villa,30,1992,34,34,3015,33.5,0,0,0,0,0,0,4,0,0.0,0.0,0.0,0.0,0,2,0,0.00,0.00,0.00,0.00,0.00,0.00,0.00,0.00,0.00,0.00,Matches,7956236f
328,Lisandro Martínez,ar ARG,DF,Manchester Utd,25,1998,11,8,646,7.2,0,1,1,0,0,0,3,0,0.0,0.0,0.1,0.1,8,28,1,0.00,0.14,0.14,0.00,0.14,0.00,0.01,0.01,0.00,0.01,Matches,bac46a10
329,Han-Noah Massengo,fr FRA,"MF,DF",Burnley,22,2001,3,0,16,0.2,0,0,0,0,0,0,0,0,0.0,0.0,0.0,0.0,2,0,0,0.00,0.00,0.00,0.00,0.00,0.00,0.00,0.00,0.00,0.00,Matches,eba1e557
330,Pape Matar Sarr,sn SEN,MF,Tottenham,20,2002,34,27,2069,23.0,3,3,6,3,0,0,9,0,3.4,3.4,2.2,5.7,43,150,90,0.13,0.13,0.26,0.13,0.26,0.15,0.10,0.25,0.15,0.25,Matches,feb5d972
331,Jean-Philippe Mateta,fr FRA,FW,Crystal Palace,26,1997,35,25,2282,25.4,16,5,21,14,2,2,3,0,10.9,9.4,3.1,12.5,29,25,135,0.63,0.20,0.83,0.55,0.75,0.43,0.12,0.56,0.37,0.49,Matches,50e6dc35
332,Joël Matip,cm CMR,DF,Liverpool,31,1991,10,9,781,8.7,0,0,0,0,0,0,2,0,0.5,0.5,0.1,0.6,8,34,1,0.00,0.00,0.00,0.00,0.00,0.06,0.01,0.06,0.06,0.06,Matches,b217ef29
333,Alex Matos,eng ENG,MF,Chelsea,18,2004,1,0,1,0.0,0,0,0,0,0,0,0,0,0.0,0.0,0.0,0.0,0,0,0,0.00,0.00,0.00,0.00,0.00,0.00,0.00,0.00,0.00,0.00,Matches,ed383e43
334,Remi Matthews,eng ENG,GK,Crystal Palace,29,1994,1,0,4,0.0,0,0,0,0,0,0,0,0,0.0,0.0,0.0,0.0,0,0,0,0.00,0.00,0.00,0.00,0.00,0.00,0.00,0.00,0.00,0.00,Matches,27f4f772
335,Neal Maupay,fr FRA,FW,Brentford,26,1996,29,13,1321,14.7,6,3,9,6,0,0,8,0,5.7,5.7,2.3,8.1,21,37,91,0.41,0.20,0.61,0.41,0.61,0.39,0.16,0.55,0.39,0.55,Matches,4bcf39f6
336,Neal Maupay,fr FRA,FW,Everton,26,1996,2,1,111,1.2,0,0,0,0,0,0,0,0,1.4,1.4,0.1,1.5,1,0,6,0.00,0.00,0.00,0.00,0.00,1.16,0.05,1.22,1.16,1.22,Matches,4bcf39f6
337,Konstantinos Mavropanos,gr GRE,DF,West Ham,25,1997,19,16,1500,16.7,1,0,1,1,0,0,2,0,1.2,1.2,0.2,1.4,10,38,2,0.06,0.00,0.06,0.06,0.06,0.07,0.01,0.08,0.07,0.08,Matches,00963611
338,Bryan Mbeumo,cm CMR,FW,Brentford,23,1999,25,22,1960,21.8,9,6,15,6,3,3,2,0,9.8,7.4,4.6,12.1,74,88,195,0.41,0.28,0.69,0.28,0.55,0.45,0.21,0.66,0.34,0.55,Matches,6afaebf2
339,James Mcatee,eng ENG,"MF,FW",Sheffield Utd,20,2002,30,20,1822,20.2,3,3,6,2,1,1,2,0,3.1,2.3,2.9,5.2,55,51,110,0.15,0.15,0.30,0.10,0.25,0.15,0.15,0.30,0.11,0.26,Matches,96593e89
340,James Mcatee,eng ENG,MF,Manchester City,20,2002,1,0,1,0.0,0,0,0,0,0,0,0,0,0.0,0.0,0.0,0.0,0,0,0,0.00,0.00,0.00,0.00,0.00,0.00,0.00,0.00,0.00,0.00,Matches,96593e89
341,Oliver McBurnie,sct SCO,FW,Sheffield Utd,27,1996,21,15,1280,14.2,6,3,9,4,2,2,7,2,6.9,5.3,2.0,7.3,6,30,60,0.42,0.21,0.63,0.28,0.49,0.48,0.14,0.62,0.37,0.51,Matches,78b8ac63
342,James McConnell,eng ENG,MF,Liverpool,18,2004,3,0,4,0.0,0,0,0,0,0,0,0,0,0.0,0.0,0.0,0.0,0,1,0,0.00,0.00,0.00,0.00,0.00,0.00,0.00,0.00,0.00,0.00,Matches,bf973eeb
343,John McGinn,sct SCO,"MF,FW",Aston Villa,28,1994,35,35,2999,33.3,6,4,10,6,0,0,9,1,5.0,5.0,4.6,9.6,59,189,84,0.18,0.12,0.30,0.18,0.30,0.15,0.14,0.29,0.15,0.29,Matches,90f91999
344,Scott McKenna,sct SCO,DF,Nott'ham Forest,26,1996,5,5,416,4.6,0,0,0,0,0,0,0,0,0.2,0.2,0.2,0.4,1,10,0,0.00,0.00,0.00,0.00,0.00,0.05,0.04,0.08,0.05,0.08,Matches,4e5a4cbc
345,Dwight McNeil,eng ENG,"MF,FW",Everton,23,1999,35,33,2892,32.1,3,6,9,3,0,0,2,0,3.4,3.4,8.8,12.2,80,114,147,0.09,0.19,0.28,0.09,0.28,0.11,0.27,0.38,0.11,0.38,Matches,fc15fb84
346,Scott McTominay,sct SCO,"MF,FW",Manchester Utd,26,1996,32,18,1901,21.1,7,1,8,7,0,0,2,0,5.7,5.7,0.8,6.6,29,64,47,0.33,0.05,0.38,0.33,0.38,0.27,0.04,0.31,0.27,0.31,Matches,d93c2511
347,Ben Mee,eng ENG,DF,Brentford,33,1989,16,15,1272,14.1,2,0,2,2,0,0,1,1,1.5,1.5,0.3,1.8,11,49,9,0.14,0.00,0.14,0.14,0.14,0.10,0.02,0.13,0.10,0.13,Matches,8df7a2fb
348,Hannibal Mejbri,tn TUN,"MF,FW",Manchester Utd,20,2003,5,1,133,1.5,1,0,1,1,0,0,1,0,0.0,0.0,0.4,0.4,2,6,10,0.68,0.00,0.68,0.68,0.68,0.02,0.25,0.27,0.02,0.27,Matches,ca22ccb0
349,Teden Mengi,eng ENG,DF,Luton Town,21,2002,30,28,2469,27.4,1,0,1,1,0,0,3,0,0.6,0.6,0.3,0.9,15,54,1,0.04,0.00,0.04,0.04,0.04,0.02,0.01,0.03,0.02,0.03,Matches,91748070
350,Chris Mepham,wls WAL,DF,Bournemouth,25,1997,10,6,617,6.9,0,1,1,0,0,0,2,0,0.1,0.1,0.4,0.5,4,25,1,0.00,0.15,0.15,0.00,0.15,0.01,0.06,0.07,0.01,0.07,Matches,fed96827
351,Lewis Miley,eng ENG,MF,Newcastle Utd,17,2006,17,14,1202,13.4,1,3,4,1,0,0,1,0,1.2,1.2,1.7,2.9,14,53,54,0.07,0.22,0.30,0.07,0.30,0.09,0.13,0.22,0.09,0.22,Matches,2c6835e5
352,James Milner,eng ENG,"DF,MF",Brighton,37,1986,15,11,773,8.6,0,2,2,0,0,0,3,0,0.3,0.3,1.8,2.0,11,69,73,0.00,0.23,0.23,0.00,0.23,0.03,0.21,0.24,0.03,0.24,Matches,2f90f6b8
353,Tyrone Mings,eng ENG,DF,Aston Villa,30,1993,1,1,30,0.3,0,0,0,0,0,0,0,0,0.0,0.0,0.0,0.0,0,0,0,0.00,0.00,0.00,0.00,0.00,0.02,0.07,0.09,0.02,0.09,Matches,8397a50c
354,Tyrick Mitchell,eng ENG,"DF,MF",Crystal Palace,23,1999,37,37,3204,35.6,2,3,5,2,0,0,6,0,1.6,1.6,2.8,4.4,32,94,159,0.06,0.08,0.14,0.06,0.14,0.04,0.08,0.12,0.04,0.12,Matches,5cbd1eb0
355,Kaoru Mitoma,jp JPN,FW,Brighton,26,1997,19,15,1486,16.5,3,4,7,3,0,0,4,0,3.5,3.5,2.7,6.2,121,64,239,0.18,0.24,0.42,0.18,0.42,0.21,0.16,0.37,0.21,0.37,Matches,74618572
356,Aleksandar Mitrović,rs SRB,FW,Fulham,28,1994,1,0,33,0.4,0,0,0,0,0,0,0,0,0.2,0.2,0.0,0.2,0,1,0,0.00,0.00,0.00,0.00,0.00,0.44,0.00,0.44,0.44,0.44,Matches,3925dbd6
357,Jakub Moder,pl POL,"MF,DF",Brighton,24,1999,17,6,618,6.9,0,0,0,0,0,0,2,0,0.6,0.6,0.8,1.3,10,23,26,0.00,0.00,0.00,0.00,0.00,0.08,0.11,0.20,0.08,0.20,Matches,f230bc30
358,Gonzalo Montiel,ar ARG,DF,Nott'ham Forest,26,1997,14,8,801,8.9,0,2,2,0,0,0,5,0,0.1,0.1,1.4,1.5,10,28,32,0.00,0.22,0.22,0.00,0.22,0.01,0.15,0.17,0.01,0.17,Matches,374d5158
359,Kieffer Moore,wls WAL,"FW,MF",Bournemouth,30,1992,8,0,108,1.2,1,0,1,1,0,0,0,0,1.5,1.5,0.2,1.7,2,4,15,0.83,0.00,0.83,0.83,0.83,1.23,0.20,1.44,1.23,1.44,Matches,01ce9e70
360,Mikey Moore,eng ENG,MF,Tottenham,15,2007,2,0,4,0.0,0,0,0,0,0,0,0,0,0.0,0.0,0.0,0.0,2,1,2,0.00,0.00,0.00,0.00,0.00,0.00,0.00,0.00,0.00,0.00,Matches,00953a9d
361,Álex Moreno,es ESP,DF,Aston Villa,30,1993,21,11,1031,11.5,2,0,2,2,0,0,2,0,1.1,1.1,1.1,2.3,32,24,83,0.17,0.00,0.17,0.17,0.17,0.10,0.10,0.20,0.10,0.20,Matches,16e9d0ea
362,Carlton Morris,eng ENG,"FW,MF",Luton Town,27,1995,38,32,2862,31.8,11,4,15,6,5,5,4,0,11.4,7.5,2.8,10.2,37,56,120,0.35,0.13,0.47,0.19,0.31,0.36,0.09,0.45,0.23,0.32,Matches,2da834f1
363,Mason Mount,eng ENG,"MF,FW",Manchester Utd,24,1999,14,5,516,5.7,1,0,1,1,0,0,2,0,0.4,0.4,0.3,0.7,9,21,34,0.17,0.00,0.17,0.17,0.17,0.07,0.06,0.13,0.07,0.13,Matches,9674002f
364,Divin Mubama,eng ENG,FW,West Ham,18,2004,5,0,80,0.9,0,0,0,0,0,0,0,0,0.1,0.1,0.0,0.1,0,0,5,0.00,0.00,0.00,0.00,0.00,0.17,0.00,0.17,0.17,0.17,Matches,92868cb5
365,Mykhailo Mudryk,ua UKR,FW,Chelsea,22,2001,31,18,1576,17.5,5,2,7,5,0,0,5,0,4.4,4.4,4.1,8.5,92,45,139,0.29,0.11,0.40,0.29,0.40,0.25,0.23,0.48,0.25,0.48,Matches,049a888d
366,Rodrigo Muniz,br BRA,FW,Fulham,22,2001,26,18,1593,17.7,9,1,10,9,0,0,1,0,8.7,8.7,2.0,10.7,8,19,76,0.51,0.06,0.56,0.51,0.56,0.49,0.12,0.61,0.49,0.61,Matches,a755db8c
367,Daniel Muñoz,co COL,"DF,MF",Crystal Palace,27,1996,16,16,1439,16.0,0,4,4,0,0,0,4,0,1.2,1.2,2.4,3.7,25,38,80,0.00,0.25,0.25,0.00,0.25,0.08,0.15,0.23,0.08,0.23,Matches,778ef829
368,Finley Munroe,eng ENG,MF,Aston Villa,18,2005,1,0,4,0.0,0,0,0,0,0,0,0,0,0.0,0.0,0.0,0.0,0,0,0,0.00,0.00,0.00,0.00,0.00,0.00,0.00,0.00,0.00,0.00,Matches,36625c27
369,Arijanet Muric,xk KVX,GK,Burnley,24,1998,10,10,900,10.0,0,0,0,0,0,0,0,0,0.0,0.0,0.2,0.2,0,1,0,0.00,0.00,0.00,0.00,0.00,0.00,0.02,0.02,0.00,0.02,Matches,99aa1a84
370,Murillo,br BRA,DF,Nott'ham Forest,21,2002,32,32,2789,31.0,0,2,2,0,0,0,5,0,1.8,1.8,1.2,3.0,22,89,7,0.00,0.06,0.06,0.00,0.06,0.06,0.04,0.10,0.06,0.10,Matches,1704b0b8
371,Alex Murphy,ie IRL,"DF,FW",Newcastle Utd,19,2004,2,0,13,0.1,0,0,0,0,0,0,0,0,0.0,0.0,0.0,0.0,0,1,0,0.00,0.00,0.00,0.00,0.00,0.00,0.00,0.00,0.00,0.00,Matches,f1c42eb3
372,Jacob Murphy,eng ENG,"FW,DF",Newcastle Utd,28,1995,21,14,1189,13.2,3,7,10,3,0,0,1,0,2.1,2.1,5.0,7.1,33,52,113,0.23,0.53,0.76,0.23,0.76,0.16,0.37,0.54,0.16,0.54,Matches,de112b84
373,Vitaliy Mykolenko,ua UKR,DF,Everton,24,1999,28,28,2469,27.4,2,0,2,2,0,0,1,0,1.5,1.5,0.9,2.4,14,55,68,0.07,0.00,0.07,0.07,0.07,0.06,0.03,0.09,0.06,0.09,Matches,30d4a2e5
374,Marvelous Nakamba,zw ZIM,MF,Luton Town,29,1994,13,13,1130,12.6,0,0,0,0,0,0,5,0,0.2,0.2,0.4,0.6,1,36,5,0.00,0.00,0.00,0.00,0.00,0.01,0.03,0.05,0.01,0.05,Matches,de5b5570
375,Michael Ndiweni,eng ENG,FW,Newcastle Utd,19,2003,1,0,1,0.0,0,0,0,0,0,0,0,0,0.0,0.0,0.0,0.0,0,0,0,0.00,0.00,0.00,0.00,0.00,0.00,0.00,0.00,0.00,0.00,Matches,8aff2b51
376,Reiss Nelson,eng ENG,FW,Arsenal,23,1999,15,1,268,3.0,0,0,0,0,0,0,1,0,0.2,0.2,0.6,0.8,9,5,26,0.00,0.00,0.00,0.00,0.00,0.07,0.20,0.27,0.07,0.27,Matches,c5bdb6e3
377,Zack Nelson,eng ENG,"MF,DF",Luton Town,18,2004,2,0,7,0.1,0,0,0,0,0,0,0,0,0.0,0.0,0.0,0.0,0,0,0,0.00,0.00,0.00,0.00,0.00,0.00,0.00,0.00,0.00,0.00,Matches,de0abf23
378,Neto,br BRA,GK,Bournemouth,34,1989,32,32,2880,32.0,0,0,0,0,0,0,5,0,0.0,0.0,0.0,0.0,0,0,0,0.00,0.00,0.00,0.00,0.00,0.00,0.00,0.00,0.00,0.00,Matches,a9dc785c
379,Pedro Neto,pt POR,"FW,MF",Wolves,23,2000,20,18,1516,16.8,2,9,11,2,0,0,4,0,3.5,3.5,4.4,7.9,98,54,149,0.12,0.53,0.65,0.12,0.65,0.21,0.26,0.47,0.21,0.47,Matches,7ba2eaa9
380,Moussa Niakhate,sn SEN,DF,Nott'ham Forest,27,1996,21,15,1460,16.2,1,0,1,1,0,0,5,1,1.1,1.1,0.1,1.2,13,39,6,0.06,0.00,0.06,0.06,0.06,0.07,0.01,0.08,0.07,0.08,Matches,00242715
381,Eddie Nketiah,eng ENG,FW,Arsenal,24,1999,27,10,1082,12.0,5,2,7,5,0,0,3,0,4.5,4.5,0.8,5.4,22,20,77,0.42,0.17,0.58,0.42,0.58,0.38,0.07,0.45,0.38,0.45,Matches,a53649b7
382,Christopher Nkunku,fr FRA,"FW,MF",Chelsea,25,1997,11,2,443,4.9,3,0,3,3,0,0,0,0,2.3,2.3,0.2,2.5,10,19,35,0.61,0.00,0.61,0.61,0.61,0.47,0.05,0.52,0.47,0.52,Matches,7c56da38
383,Rhys Norrington-Davies,wls WAL,DF,Sheffield Utd,24,1999,5,2,110,1.2,0,0,0,0,0,0,1,0,0.0,0.0,0.0,0.0,3,2,6,0.00,0.00,0.00,0.00,0.00,0.00,0.01,0.01,0.00,0.01,Matches,ca76b087
384,Oliver Norwood,nir NIR,MF,Sheffield Utd,32,1991,27,16,1440,16.0,1,0,1,0,1,1,8,0,1.1,0.3,0.6,0.9,3,73,10,0.06,0.00,0.06,0.00,0.00,0.07,0.04,0.11,0.02,0.06,Matches,43439614
385,Matheus Nunes,pt POR,MF,Wolves,24,1998,2,2,179,2.0,0,0,0,0,0,0,2,1,0.1,0.1,0.1,0.2,7,8,9,0.00,0.00,0.00,0.00,0.00,0.04,0.05,0.09,0.04,0.09,Matches,e6af02e0
386,Matheus Nunes,pt POR,MF,Manchester City,24,1998,17,7,661,7.3,0,2,2,0,0,0,0,0,0.8,0.8,1.1,2.0,28,34,58,0.00,0.27,0.27,0.00,0.27,0.11,0.15,0.27,0.11,0.27,Matches,e6af02e0
387,Darwin Núñez,uy URU,FW,Liverpool,24,1999,36,22,2047,22.7,11,8,19,11,0,1,9,0,16.3,15.5,6.0,21.5,58,54,206,0.48,0.35,0.84,0.48,0.84,0.72,0.27,0.98,0.68,0.95,Matches,4d77b365
388,Ethan Nwaneri,eng ENG,FW,Arsenal,16,2007,1,0,14,0.2,0,0,0,0,0,0,0,0,0.0,0.0,0.0,0.0,2,2,1,0.00,0.00,0.00,0.00,0.00,0.00,0.15,0.15,0.00,0.15,Matches,7f94982c
389,Christian Nørgaard,dk DEN,MF,Brentford,29,1994,31,30,2505,27.8,2,1,3,2,0,0,8,0,3.5,3.5,1.9,5.4,15,161,42,0.07,0.04,0.11,0.07,0.11,0.12,0.07,0.19,0.12,0.19,Matches,df0a4c90
390,Mark O'Mahony,ie IRL,FW,Brighton,18,2005,3,1,63,0.7,0,0,0,0,0,0,1,0,0.1,0.1,0.0,0.1,0,0,0,0.00,0.00,0.00,0.00,0.00,0.08,0.00,0.08,0.08,0.08,Matches,a3afdd69
391,Dara O'Shea,ie IRL,DF,Burnley,24,1999,33,32,2892,32.1,3,4,7,3,0,0,5,1,0.7,0.7,2.0,2.7,32,122,10,0.09,0.12,0.22,0.09,0.22,0.02,0.06,0.08,0.02,0.08,Matches,1d042188
392,Michael Obafemi,ie IRL,"FW,MF",Burnley,23,2000,2,0,20,0.2,0,0,0,0,0,0,0,0,0.1,0.1,0.0,0.1,0,0,3,0.00,0.00,0.00,0.00,0.00,0.40,0.00,0.40,0.40,0.40,Matches,caa1a7f0
393,Wilson Odobert,fr FRA,"MF,FW",Burnley,18,2004,29,25,2098,23.3,3,2,5,3,0,0,3,0,2.8,2.8,3.3,6.1,102,58,123,0.13,0.09,0.21,0.13,0.21,0.12,0.14,0.26,0.12,0.26,Matches,35516eac
394,Odeluga Offiah,eng ENG,DF,Brighton,20,2002,4,1,128,1.4,0,0,0,0,0,0,0,0,0.0,0.0,0.0,0.0,9,4,9,0.00,0.00,0.00,0.00,0.00,0.00,0.00,0.00,0.00,0.00,Matches,65c3efa2
395,Chiedozie Ogbene,ie IRL,"MF,DF",Luton Town,26,1997,30,20,1995,22.2,4,1,5,4,0,0,1,0,4.2,4.2,3.1,7.4,127,53,150,0.18,0.05,0.23,0.18,0.23,0.19,0.14,0.33,0.19,0.33,Matches,788c0277
396,Angelo Ogbonna,it ITA,DF,West Ham,35,1988,11,7,635,7.1,0,0,0,0,0,0,1,0,0.0,0.0,0.0,0.0,2,4,0,0.00,0.00,0.00,0.00,0.00,0.01,0.00,0.01,0.01,0.01,Matches,74b2cd7e
397,Michael Olakigbe,eng ENG,"DF,FW",Brentford,19,2004,8,0,59,0.7,0,0,0,0,0,0,0,0,0.1,0.1,0.0,0.1,10,4,17,0.00,0.00,0.00,0.00,0.00,0.18,0.00,0.18,0.18,0.18,Matches,cdd70dc0
398,Michael Olise,fr FRA,"FW,MF",Crystal Palace,21,2001,19,14,1275,14.2,10,6,16,9,1,1,0,0,5.5,4.7,5.8,10.5,68,78,134,0.71,0.42,1.13,0.64,1.06,0.39,0.41,0.80,0.33,0.74,Matches,c4486bac
399,Robin Olsen,se SWE,GK,Aston Villa,33,1990,5,4,405,4.5,0,0,0,0,0,0,0,0,0.0,0.0,0.0,0.0,0,0,0,0.00,0.00,0.00,0.00,0.00,0.00,0.00,0.00,0.00,0.00,Matches,e7ee38c3
400,Andrew Omobamidele,ie IRL,DF,Nott'ham Forest,21,2002,11,8,783,8.7,0,0,0,0,0,0,2,0,0.1,0.1,0.1,0.2,1,8,0,0.00,0.00,0.00,0.00,0.00,0.02,0.01,0.03,0.02,0.03,Matches,c393a6c4
401,Amadou Onana,be BEL,MF,Everton,21,2001,30,23,2091,23.2,2,0,2,2,0,0,5,0,2.0,2.0,2.7,4.7,21,107,39,0.09,0.00,0.09,0.09,0.09,0.09,0.11,0.20,0.09,0.20,Matches,828657ff
402,André Onana,cm CMR,GK,Manchester Utd,27,1996,38,38,3420,38.0,0,0,0,0,0,0,5,0,0.0,0.0,0.1,0.1,1,5,0,0.00,0.00,0.00,0.00,0.00,0.00,0.00,0.00,0.00,0.00,Matches,e9c0c1b2
403,Ryan One,sct SCO,FW,Sheffield Utd,17,2006,1,0,8,0.1,0,0,0,0,0,0,0,0,0.0,0.0,0.0,0.0,1,0,0,0.00,0.00,0.00,0.00,0.00,0.00,0.00,0.00,0.00,0.00,Matches,d4aa4582
404,Tyler Onyango,eng ENG,MF,Everton,20,2003,1,0,1,0.0,0,0,0,0,0,0,0,0,0.0,0.0,0.0,0.0,0,0,0,0.00,0.00,0.00,0.00,0.00,0.00,0.00,0.00,0.00,0.00,Matches,d86a1f3e
405,Fred Onyedinma,eng ENG,"DF,MF",Luton Town,26,1996,8,4,407,4.5,0,0,0,0,0,0,1,0,0.2,0.2,0.1,0.3,9,6,21,0.00,0.00,0.00,0.00,0.00,0.04,0.02,0.06,0.04,0.06,Matches,387d06b2
406,Frank Onyeka,ng NGA,MF,Brentford,25,1998,26,11,1161,12.9,1,2,3,1,0,0,8,0,2.2,2.2,1.8,4.0,17,33,39,0.08,0.16,0.23,0.08,0.23,0.17,0.14,0.31,0.17,0.31,Matches,2944f86f
407,Divock Origi,be BEL,FW,Nott'ham Forest,28,1995,20,6,606,6.7,0,1,1,0,0,0,1,0,1.4,1.4,2.1,3.5,19,14,41,0.00,0.15,0.15,0.00,0.15,0.21,0.31,0.51,0.21,0.51,Matches,43a166b4
408,Stefan Ortega,de GER,GK,Manchester City,30,1992,9,5,635,7.1,0,0,0,0,0,0,0,0,0.0,0.0,0.0,0.0,0,0,0,0.00,0.00,0.00,0.00,0.00,0.00,0.00,0.00,0.00,0.00,Matches,c1242d4e
409,Ben Osborn,eng ENG,"DF,MF",Sheffield Utd,28,1994,24,14,1367,15.2,0,2,2,0,0,0,3,0,0.2,0.2,0.9,1.1,16,55,44,0.00,0.13,0.13,0.00,0.13,0.01,0.06,0.07,0.01,0.07,Matches,79bc4c45
410,Gabriel Osho,ng NGA,DF,Luton Town,24,1998,21,21,1846,20.5,2,0,2,2,0,0,3,0,1.1,1.1,0.1,1.2,10,37,4,0.10,0.00,0.10,0.10,0.10,0.05,0.01,0.06,0.05,0.06,Matches,cd889153
411,William Osula,dk DEN,FW,Sheffield Utd,19,2003,21,9,786,8.7,0,0,0,0,0,0,4,0,1.6,1.6,0.1,1.7,7,2,41,0.00,0.00,0.00,0.00,0.00,0.19,0.01,0.20,0.19,0.20,Matches,7b355808
412,Dango Ouattara,bf BFA,"FW,DF",Bournemouth,21,2002,30,12,1229,13.7,1,2,3,1,0,0,3,0,2.6,2.6,1.5,4.1,47,35,90,0.07,0.15,0.22,0.07,0.22,0.19,0.11,0.30,0.19,0.30,Matches,2f9e4435
413,David Ozoh,eng ENG,"MF,DF",Crystal Palace,18,2005,9,0,156,1.7,0,0,0,0,0,0,1,0,0.0,0.0,0.0,0.0,2,4,3,0.00,0.00,0.00,0.00,0.00,0.00,0.00,0.00,0.00,0.00,Matches,d00d45ab
414,João Palhinha,pt POR,MF,Fulham,28,1995,33,31,2699,30.0,4,1,5,4,0,0,13,0,3.3,3.3,0.8,4.1,8,97,14,0.13,0.03,0.17,0.13,0.17,0.11,0.03,0.14,0.11,0.14,Matches,a78ff07f
415,Cole Palmer,eng ENG,"FW,MF",Chelsea,21,2002,33,29,2607,29.0,22,11,33,13,9,9,7,0,18.2,11.1,11.1,22.2,117,197,195,0.76,0.38,1.14,0.45,0.83,0.63,0.38,1.01,0.38,0.77,Matches,dc7f8a28
416,Cole Palmer,eng ENG,MF,Manchester City,21,2002,1,0,11,0.1,0,0,0,0,0,0,0,0,0.0,0.0,0.0,0.0,0,0,0,0.00,0.00,0.00,0.00,0.00,0.00,0.00,0.00,0.00,0.00,Matches,dc7f8a28
417,Emerson Palmieri,it ITA,DF,West Ham,28,1994,36,35,3137,34.9,1,2,3,1,0,0,10,0,1.5,1.5,2.4,3.9,59,125,124,0.03,0.06,0.09,0.03,0.09,0.04,0.07,0.11,0.04,0.11,Matches,e0bc6fdc
418,Lucas Paquetá,br BRA,"FW,MF",West Ham,25,1997,31,31,2622,29.1,4,6,10,2,2,2,10,0,5.4,3.8,5.4,9.2,34,187,116,0.14,0.21,0.34,0.07,0.27,0.18,0.18,0.37,0.13,0.32,Matches,9b6f7fd5
419,Ben Parkinson,eng ENG,FW,Newcastle Utd,18,2005,1,0,25,0.3,0,0,0,0,0,0,0,0,0.0,0.0,0.0,0.0,0,0,0,0.00,0.00,0.00,0.00,0.00,0.00,0.00,0.00,0.00,0.00,Matches,32163807
420,Thomas Partey,gh GHA,"MF,DF",Arsenal,30,1993,14,9,788,8.8,0,0,0,0,0,0,3,0,0.4,0.4,0.3,0.7,15,72,10,0.00,0.00,0.00,0.00,0.00,0.05,0.03,0.08,0.05,0.08,Matches,529f49ab
421,Nathan Patterson,sct SCO,DF,Everton,21,2001,20,9,1005,11.2,0,2,2,0,0,0,4,0,0.3,0.3,1.7,2.0,17,38,39,0.00,0.18,0.18,0.00,0.18,0.03,0.15,0.18,0.03,0.18,Matches,230f0471
422,Myles Peart-Harris,eng ENG,"DF,MF",Brentford,20,2002,3,0,13,0.1,0,0,0,0,0,0,0,0,0.0,0.0,0.0,0.0,2,1,1,0.00,0.00,0.00,0.00,0.00,0.00,0.12,0.12,0.00,0.12,Matches,ea1a5662
423,Sydie Peck,eng ENG,MF,Sheffield Utd,18,2004,1,0,10,0.1,0,0,0,0,0,0,0,0,0.0,0.0,0.0,0.0,0,0,0,0.00,0.00,0.00,0.00,0.00,0.00,0.00,0.00,0.00,0.00,Matches,767d9605
424,Facundo Pellistri,uy URU,"FW,MF",Manchester Utd,21,2001,9,1,172,1.9,0,1,1,0,0,0,0,0,0.7,0.7,0.1,0.8,6,6,31,0.00,0.52,0.52,0.00,0.52,0.38,0.05,0.43,0.38,0.43,Matches,ac7e7b1c
425,Andreas Pereira,br BRA,MF,Fulham,27,1996,37,34,2613,29.0,3,7,10,3,0,0,6,0,4.6,4.6,7.1,11.7,56,138,125,0.10,0.24,0.34,0.10,0.34,0.16,0.24,0.40,0.16,0.40,Matches,6639e500
426,Ivan Perišić,hr CRO,FW,Tottenham,34,1989,5,0,103,1.1,0,1,1,0,0,0,2,0,0.1,0.1,0.9,1.0,15,9,17,0.00,0.87,0.87,0.00,0.87,0.10,0.75,0.85,0.10,0.85,Matches,6fe90922
427,Đorđe Petrović,rs SRB,GK,Chelsea,23,1999,23,22,1987,22.1,0,0,0,0,0,0,2,0,0.0,0.0,0.0,0.0,0,1,0,0.00,0.00,0.00,0.00,0.00,0.00,0.00,0.00,0.00,0.00,Matches,0cf321c8
428,Kalvin Phillips,eng ENG,MF,West Ham,27,1995,8,3,309,3.4,0,0,0,0,0,0,3,1,0.1,0.1,0.0,0.1,3,19,4,0.00,0.00,0.00,0.00,0.00,0.02,0.00,0.02,0.02,0.02,Matches,4f565d77
429,Kalvin Phillips,eng ENG,MF,Manchester City,27,1995,4,0,93,1.0,0,0,0,0,0,0,0,0,0.1,0.1,0.0,0.1,7,7,3,0.00,0.00,0.00,0.00,0.00,0.07,0.00,0.07,0.07,0.07,Matches,4f565d77
430,Jaden Philogene Bidace,eng ENG,FW,Aston Villa,21,2002,1,0,4,0.0,0,0,0,0,0,0,0,0,0.0,0.0,0.0,0.0,2,0,1,0.00,0.00,0.00,0.00,0.00,0.00,0.00,0.00,0.00,0.00,Matches,19f4d211
431,Jordan Pickford,eng ENG,GK,Everton,29,1994,38,38,3420,38.0,0,0,0,0,0,0,5,0,0.0,0.0,0.1,0.1,1,6,0,0.00,0.00,0.00,0.00,0.00,0.00,0.00,0.00,0.00,0.00,Matches,4806ec67
432,Ethan Pinnock,jm JAM,DF,Brentford,30,1993,29,28,2521,28.0,2,0,2,2,0,0,1,0,2.0,2.0,1.0,3.0,11,61,16,0.07,0.00,0.07,0.07,0.07,0.07,0.04,0.11,0.07,0.11,Matches,e541326e
433,Nick Pope,eng ENG,GK,Newcastle Utd,31,1992,15,15,1345,14.9,0,0,0,0,0,0,1,0,0.0,0.0,0.0,0.0,0,0,0,0.00,0.00,0.00,0.00,0.00,0.00,0.00,0.00,0.00,0.00,Matches,4b40d9ca
434,Pedro Porro,es ESP,DF,Tottenham,23,1999,35,35,3089,34.3,3,7,10,3,0,0,3,0,2.9,2.9,7.2,10.1,57,194,158,0.09,0.20,0.29,0.09,0.29,0.09,0.21,0.30,0.09,0.30,Matches,27d0a506
435,Jarell Quansah,eng ENG,DF,Liverpool,20,2003,17,13,1190,13.2,2,0,2,2,0,0,1,0,1.0,1.0,0.1,1.1,13,67,1,0.15,0.00,0.15,0.15,0.15,0.08,0.01,0.08,0.08,0.08,Matches,4125cb98
436,Ionuț Radu,ro ROU,GK,Bournemouth,26,1997,2,2,180,2.0,0,0,0,0,0,0,0,0,0.0,0.0,0.0,0.0,0,0,0,0.00,0.00,0.00,0.00,0.00,0.00,0.00,0.00,0.00,0.00,Matches,67f649be
437,Jesurun Rak Sakyi,eng ENG,"MF,FW",Crystal Palace,20,2002,6,0,136,1.5,0,0,0,0,0,0,0,0,0.4,0.4,0.2,0.6,7,2,18,0.00,0.00,0.00,0.00,0.00,0.28,0.10,0.38,0.28,0.38,Matches,45685411
438,Aaron Ramsdale,eng ENG,GK,Arsenal,25,1998,6,6,540,6.0,0,0,0,0,0,0,0,0,0.0,0.0,0.0,0.0,0,2,0,0.00,0.00,0.00,0.00,0.00,0.00,0.00,0.00,0.00,0.00,Matches,466fb2c5
439,Aaron Ramsey,eng ENG,"MF,FW",Burnley,20,2003,14,5,527,5.9,0,0,0,0,0,0,1,0,0.3,0.3,0.4,0.7,8,8,17,0.00,0.00,0.00,0.00,0.00,0.06,0.07,0.13,0.06,0.13,Matches,e1618c22
440,Jacob Ramsey,eng ENG,"FW,MF",Aston Villa,22,2001,16,8,853,9.5,1,1,2,1,0,0,2,0,2.2,2.2,1.0,3.2,33,28,69,0.11,0.11,0.21,0.11,0.21,0.23,0.11,0.34,0.23,0.34,Matches,1544f145
441,Marcus Rashford,eng ENG,FW,Manchester Utd,25,1997,33,26,2271,25.2,7,2,9,5,2,2,2,0,7.4,5.8,2.3,8.1,95,65,184,0.28,0.08,0.36,0.20,0.28,0.29,0.09,0.38,0.23,0.32,Matches,a1d5bd30
442,David Raya,es ESP,GK,Arsenal,27,1995,32,32,2880,32.0,0,0,0,0,0,0,2,0,0.0,0.0,0.0,0.0,0,2,0,0.00,0.00,0.00,0.00,0.00,0.00,0.00,0.00,0.00,0.00,Matches,98ea5115
443,Tim Ream,us USA,DF,Fulham,35,1987,18,17,1503,16.7,1,0,1,1,0,0,4,1,1.0,1.0,0.0,1.0,11,65,3,0.06,0.00,0.06,0.06,0.06,0.06,0.00,0.06,0.06,0.06,Matches,28b40c9c
444,Nathan Redmond,eng ENG,"FW,MF",Burnley,29,1994,12,0,142,1.6,0,0,0,0,0,0,1,0,0.0,0.0,0.3,0.3,7,8,22,0.00,0.00,0.00,0.00,0.00,0.00,0.19,0.19,0.00,0.19,Matches,ab651565
445,Harrison Reed,eng ENG,MF,Fulham,28,1995,27,15,1325,14.7,0,2,2,0,0,0,6,0,0.3,0.3,1.1,1.4,10,56,40,0.00,0.14,0.14,0.00,0.14,0.02,0.07,0.09,0.02,0.09,Matches,803ae100
446,Sergio Reguilón,es ESP,DF,Manchester Utd,26,1996,9,4,412,4.6,0,0,0,0,0,0,3,0,0.2,0.2,0.7,0.9,11,27,38,0.00,0.00,0.00,0.00,0.00,0.04,0.16,0.20,0.04,0.20,Matches,3353737a
447,Sergio Reguilón,es ESP,DF,Brentford,26,1996,16,14,1118,12.4,0,4,4,0,0,0,4,1,0.8,0.8,2.8,3.6,34,38,40,0.00,0.32,0.32,0.00,0.32,0.06,0.23,0.29,0.06,0.29,Matches,3353737a
448,Bobby Reid,jm JAM,FW,Fulham,30,1993,33,17,1423,15.8,6,2,8,6,0,0,4,0,4.6,4.6,1.8,6.4,35,47,95,0.38,0.13,0.51,0.38,0.51,0.28,0.11,0.40,0.28,0.40,Matches,0f7533cd
449,Gio Reyna,us USA,"FW,MF",Nott'ham Forest,20,2002,9,2,235,2.6,0,1,1,0,0,0,0,0,0.3,0.3,0.5,0.8,3,12,14,0.00,0.38,0.38,0.00,0.38,0.11,0.18,0.29,0.11,0.29,Matches,7fa4e703
450,Rodrigo Ribeiro,pt POR,"MF,FW",Nott'ham Forest,18,2005,4,0,17,0.2,0,0,0,0,0,0,0,0,0.0,0.0,0.0,0.0,2,2,1,0.00,0.00,0.00,0.00,0.00,0.00,0.00,0.00,0.00,0.00,Matches,484a3eae
451,Declan Rice,eng ENG,MF,Arsenal,24,1999,38,37,3225,35.8,7,8,15,7,0,0,5,0,3.3,3.3,5.3,8.6,75,278,64,0.20,0.22,0.42,0.20,0.42,0.09,0.15,0.24,0.09,0.24,Matches,1c7012b8
452,Chris Richards,us USA,"DF,MF",Crystal Palace,23,2000,26,23,2094,23.3,1,1,2,1,0,0,3,0,0.6,0.6,0.4,1.0,1,43,1,0.04,0.04,0.09,0.04,0.09,0.03,0.02,0.04,0.03,0.04,Matches,0a3d6d2b
453,Richarlison,br BRA,FW,Tottenham,26,1997,28,18,1491,16.6,11,4,15,11,0,0,3,0,9.6,9.6,2.1,11.7,26,38,106,0.66,0.24,0.91,0.66,0.91,0.58,0.13,0.70,0.58,0.70,Matches,fa031b34
454,Jaïro Riedewald,nl NED,"MF,FW",Crystal Palace,26,1996,9,2,235,2.6,0,0,0,0,0,0,0,0,0.0,0.0,0.0,0.0,3,10,3,0.00,0.00,0.00,0.00,0.00,0.01,0.00,0.01,0.01,0.01,Matches,7a1f2c08
455,Matt Ritchie,sct SCO,"FW,MF",Newcastle Utd,33,1989,13,0,128,1.4,1,0,1,1,0,0,1,0,1.0,1.0,0.0,1.0,5,8,13,0.70,0.00,0.70,0.70,0.70,0.68,0.00,0.68,0.68,0.68,Matches,71ef519e
456,Connor Roberts,wls WAL,DF,Burnley,27,1995,14,8,823,9.1,0,1,1,0,0,0,5,1,0.0,0.0,0.2,0.2,6,38,13,0.00,0.11,0.11,0.00,0.11,0.00,0.02,0.02,0.00,0.02,Matches,24fae784
457,Andrew Robertson,sct SCO,DF,Liverpool,29,1994,23,18,1693,18.8,3,2,5,3,0,0,2,0,1.9,1.9,5.4,7.3,63,140,130,0.16,0.11,0.27,0.16,0.27,0.10,0.29,0.39,0.10,0.39,Matches,2e4f5f03
458,Antonee Robinson,us USA,DF,Fulham,25,1997,37,37,3265,36.3,0,6,6,0,0,0,6,0,0.7,0.7,4.2,4.8,99,129,194,0.00,0.17,0.17,0.00,0.17,0.02,0.11,0.13,0.02,0.13,Matches,289601e6
459,Jack Robinson,eng ENG,DF,Sheffield Utd,29,1993,34,31,2885,32.1,1,1,2,1,0,0,10,0,1.2,1.2,1.2,2.4,8,63,14,0.03,0.03,0.06,0.03,0.06,0.04,0.04,0.08,0.04,0.08,Matches,7399c7a8
460,Rodri,es ESP,MF,Manchester City,27,1996,34,34,2931,32.6,8,9,17,8,0,0,8,1,4.1,4.1,3.9,8.0,76,376,55,0.25,0.28,0.52,0.25,0.52,0.12,0.12,0.24,0.12,0.24,Matches,6434f10d
461,Jay Rodriguez,eng ENG,FW,Burnley,34,1989,21,7,822,9.1,2,1,3,1,1,1,0,0,3.5,2.7,0.2,2.9,2,17,28,0.22,0.11,0.33,0.11,0.22,0.38,0.02,0.40,0.30,0.32,Matches,4ab53cdb
462,Mads Roerslev,dk DEN,DF,Brentford,24,1999,34,22,1985,22.1,1,2,3,1,0,0,1,0,0.9,0.9,1.8,2.7,18,43,90,0.05,0.09,0.14,0.05,0.14,0.04,0.08,0.12,0.04,0.12,Matches,57c94db2
463,Morgan Rogers,eng ENG,"MF,FW",Aston Villa,21,2002,11,8,638,7.1,3,1,4,3,0,0,3,0,1.4,1.4,0.6,2.0,22,28,30,0.42,0.14,0.56,0.42,0.56,0.19,0.09,0.28,0.19,0.28,Matches,2e5915f1
464,Cristian Romero,ar ARG,DF,Tottenham,25,1998,33,33,2790,31.0,5,0,5,5,0,0,7,1,3.5,3.5,0.4,3.9,32,179,8,0.16,0.00,0.16,0.16,0.16,0.11,0.01,0.13,0.11,0.13,Matches,a3d94a58
465,Joe Rothwell,eng ENG,MF,Bournemouth,28,1995,11,3,386,4.3,0,0,0,0,0,0,0,0,0.1,0.1,0.2,0.3,6,20,3,0.00,0.00,0.00,0.00,0.00,0.02,0.06,0.08,0.02,0.08,Matches,10a10454
466,Pelly Ruddock Mpanzu,cd COD,MF,Luton Town,30,1993,27,11,1101,12.2,0,0,0,0,0,0,1,0,0.6,0.6,0.4,1.1,10,34,15,0.00,0.00,0.00,0.00,0.00,0.05,0.04,0.09,0.05,0.09,Matches,a9b1c319
467,José Sá,pt POR,GK,Wolves,30,1993,35,35,3037,33.7,0,1,1,0,0,0,1,0,0.0,0.0,0.0,0.0,0,1,0,0.00,0.03,0.03,0.00,0.03,0.00,0.00,0.00,0.00,0.00,Matches,903b6e8b
468,Dominic Sadi,eng ENG,FW,Bournemouth,19,2003,1,0,1,0.0,0,0,0,0,0,0,0,0,0.0,0.0,0.0,0.0,0,0,0,0.00,0.00,0.00,0.00,0.00,0.00,0.00,0.00,0.00,0.00,Matches,54778940
469,Bukayo Saka,eng ENG,FW,Arsenal,21,2001,35,35,2919,32.4,16,9,25,10,6,6,4,0,15.5,10.8,10.5,21.2,155,126,508,0.49,0.28,0.77,0.31,0.59,0.48,0.32,0.80,0.33,0.65,Matches,bc7dc64d
470,Mohamed Salah,eg EGY,FW,Liverpool,31,1992,32,28,2534,28.2,18,10,28,13,5,7,2,0,21.2,15.5,11.8,27.3,98,147,341,0.64,0.36,0.99,0.46,0.82,0.75,0.42,1.17,0.55,0.97,Matches,e342ad68
471,William Saliba,fr FRA,DF,Arsenal,22,2001,38,38,3420,38.0,2,1,3,2,0,0,4,0,1.6,1.6,0.2,1.8,16,157,6,0.05,0.03,0.08,0.05,0.08,0.04,0.01,0.05,0.04,0.05,Matches,972aeb2a
472,Albert Sambi Lokonga,be BEL,MF,Luton Town,23,1999,17,16,1303,14.5,1,3,4,1,0,0,4,0,0.6,0.6,1.4,2.0,29,72,13,0.07,0.21,0.28,0.07,0.28,0.04,0.10,0.14,0.04,0.14,Matches,1b4f1169
473,Davinson Sánchez,co COL,DF,Tottenham,27,1996,1,0,77,0.9,0,0,0,0,0,0,1,0,0.1,0.1,0.0,0.1,0,2,0,0.00,0.00,0.00,0.00,0.00,0.14,0.00,0.14,0.14,0.14,Matches,da7b447d
474,Robert Sánchez,es ESP,GK,Chelsea,25,1997,16,16,1433,15.9,0,0,0,0,0,0,2,0,0.0,0.0,0.0,0.0,0,1,0,0.00,0.00,0.00,0.00,0.00,0.00,0.00,0.00,0.00,0.00,Matches,6a713852
475,Jadon Sancho,eng ENG,"FW,MF",Manchester Utd,23,2000,3,0,79,0.9,0,0,0,0,0,0,0,0,0.0,0.0,0.1,0.1,10,4,5,0.00,0.00,0.00,0.00,0.00,0.00,0.06,0.06,0.00,0.06,Matches,dbf053da
476,Ibrahim Sangaré,ci CIV,MF,Nott'ham Forest,25,1997,17,13,1035,11.5,0,0,0,0,0,0,6,0,0.6,0.6,0.4,1.0,5,44,7,0.00,0.00,0.00,0.00,0.00,0.06,0.03,0.09,0.06,0.09,Matches,bced0375
477,Andrey Santos,br BRA,MF,Nott'ham Forest,19,2004,1,0,8,0.1,0,0,0,0,0,0,0,0,0.1,0.1,0.0,0.1,0,0,0,0.00,0.00,0.00,0.00,0.00,0.64,0.00,0.64,0.64,0.64,Matches,dd745366
478,Pablo Sarabia,es ESP,"MF,FW",Wolves,31,1992,30,20,1745,19.4,4,7,11,2,2,2,5,0,5.5,3.9,5.9,9.8,41,109,137,0.21,0.36,0.57,0.10,0.46,0.28,0.30,0.59,0.20,0.50,Matches,9744ff80
479,Dane Scarlett,eng ENG,FW,Tottenham,19,2004,4,0,22,0.2,0,0,0,0,0,0,0,0,0.0,0.0,0.0,0.0,0,1,4,0.00,0.00,0.00,0.00,0.00,0.00,0.00,0.00,0.00,0.00,Matches,21945a9e
480,Kevin Schade,de GER,"FW,MF",Brentford,21,2001,11,3,333,3.7,2,1,3,2,0,0,0,0,1.2,1.2,0.7,1.9,8,9,23,0.54,0.27,0.81,0.54,0.81,0.32,0.19,0.52,0.32,0.52,Matches,52afb588
481,Fabian Schär,ch SUI,DF,Newcastle Utd,31,1991,36,35,3054,33.9,4,1,5,4,0,0,5,0,2.5,2.5,0.7,3.3,28,133,20,0.12,0.03,0.15,0.12,0.15,0.07,0.02,0.10,0.07,0.10,Matches,c8aa95da
482,Jeffrey Schlupp,gh GHA,"FW,MF",Crystal Palace,30,1992,29,17,1352,15.0,2,2,4,2,0,0,1,0,1.8,1.8,2.3,4.1,20,33,52,0.13,0.13,0.27,0.13,0.27,0.12,0.15,0.27,0.12,0.27,Matches,3312f911
483,Alex Scott,eng ENG,MF,Bournemouth,19,2003,23,11,1014,11.3,1,1,2,1,0,0,3,0,0.7,0.7,1.7,2.4,24,50,35,0.09,0.09,0.18,0.09,0.18,0.06,0.15,0.22,0.06,0.22,Matches,104d0bb8
484,Matz Sels,be BEL,GK,Nott'ham Forest,31,1992,16,16,1440,16.0,0,0,0,0,0,0,1,0,0.0,0.0,0.1,0.1,0,0,0,0.00,0.00,0.00,0.00,0.00,0.00,0.00,0.00,0.00,0.00,Matches,834b5c4c
485,Nélson Semedo,pt POR,"DF,MF",Wolves,29,1993,36,36,3084,34.3,0,1,1,0,0,0,10,1,1.3,1.3,1.7,3.0,103,138,150,0.00,0.03,0.03,0.00,0.03,0.04,0.05,0.09,0.04,0.09,Matches,d04b94db
486,Antoine Semenyo,gh GHA,FW,Bournemouth,23,2000,33,25,2105,23.4,8,2,10,8,0,0,6,0,4.6,4.6,3.2,7.8,89,64,188,0.34,0.09,0.43,0.34,0.43,0.20,0.14,0.34,0.20,0.34,Matches,efd2ec23
487,Marcos Senesi,ar ARG,DF,Bournemouth,26,1997,31,26,2242,24.9,4,5,9,4,0,0,13,0,2.0,2.0,1.7,3.7,31,127,4,0.16,0.20,0.36,0.16,0.36,0.08,0.07,0.15,0.08,0.15,Matches,35141f4c
488,Luke Shaw,eng ENG,DF,Manchester Utd,28,1995,12,12,959,10.7,0,0,0,0,0,0,6,0,0.0,0.0,1.0,1.0,10,45,30,0.00,0.00,0.00,0.00,0.00,0.00,0.09,0.10,0.00,0.10,Matches,9c94165b
489,James Shea,eng ENG,GK,Luton Town,32,1991,1,0,15,0.2,0,0,0,0,0,0,0,0,0.0,0.0,0.0,0.0,0,0,0,0.00,0.00,0.00,0.00,0.00,0.00,0.00,0.00,0.00,0.00,Matches,ee7c0a5e
490,Bernardo Silva,pt POR,"MF,FW",Manchester City,28,1994,33,29,2578,28.6,6,9,15,6,0,0,8,0,3.7,3.7,7.6,11.3,140,177,260,0.21,0.31,0.52,0.21,0.52,0.13,0.27,0.40,0.13,0.40,Matches,3eb22ec9
491,Fábio Silva,pt POR,FW,Wolves,21,2002,8,3,264,2.9,0,0,0,0,0,0,2,0,1.0,1.0,0.2,1.2,5,10,13,0.00,0.00,0.00,0.00,0.00,0.35,0.07,0.42,0.35,0.42,Matches,e7aa9d7c
492,Thiago Silva,br BRA,DF,Chelsea,38,1984,31,28,2527,28.1,3,1,4,3,0,0,4,0,0.8,0.8,1.0,1.8,2,102,5,0.11,0.04,0.14,0.11,0.14,0.03,0.04,0.06,0.03,0.06,Matches,86e7deaf
493,Luis Sinisterra,co COL,"FW,MF",Bournemouth,24,1999,20,7,699,7.8,2,2,4,2,0,0,0,0,2.5,2.5,2.4,5.0,51,38,85,0.26,0.26,0.52,0.26,0.52,0.33,0.31,0.64,0.33,0.64,Matches,8e16dd48
494,Oliver Skipp,eng ENG,"MF,DF",Tottenham,22,2000,21,5,707,7.9,0,0,0,0,0,0,3,0,0.7,0.7,0.6,1.3,8,37,25,0.00,0.00,0.00,0.00,0.00,0.09,0.07,0.16,0.09,0.16,Matches,6250083a
495,Adam Smith,eng ENG,DF,Bournemouth,32,1991,28,25,2150,23.9,0,2,2,0,0,0,6,0,0.1,0.1,1.3,1.4,24,89,28,0.00,0.08,0.08,0.00,0.08,0.00,0.05,0.06,0.00,0.06,Matches,20b104bc
496,Emile Smith Rowe,eng ENG,MF,Arsenal,23,2000,13,3,353,3.9,0,1,1,0,0,0,0,0,2.0,2.0,0.2,2.2,11,23,18,0.00,0.25,0.25,0.00,0.25,0.50,0.06,0.56,0.50,0.56,Matches,17695062
497,Cédric Soares,pt POR,DF,Arsenal,31,1991,3,0,62,0.7,0,0,0,0,0,0,0,0,0.0,0.0,0.0,0.0,0,3,6,0.00,0.00,0.00,0.00,0.00,0.00,0.00,0.00,0.00,0.00,Matches,839c14e1
498,Dominic Solanke,eng ENG,FW,Bournemouth,25,1997,38,37,3325,36.9,19,3,22,17,2,3,3,0,19.6,17.2,3.0,20.3,52,60,184,0.51,0.08,0.60,0.46,0.54,0.53,0.08,0.61,0.47,0.55,Matches,e77dc3b2
499,Manor Solomon,il ISR,FW,Tottenham,24,1999,5,2,199,2.2,0,2,2,0,0,0,1,0,0.4,0.4,0.8,1.2,17,11,44,0.00,0.90,0.90,0.00,0.90,0.19,0.38,0.56,0.19,0.56,Matches,886f9aac
500,Tomáš Souček,cz CZE,MF,West Ham,28,1995,37,34,2870,31.9,7,2,9,7,0,0,7,0,6.7,6.7,1.7,8.4,7,86,39,0.22,0.06,0.28,0.22,0.28,0.21,0.05,0.26,0.21,0.26,Matches,6613c819
501,Vinicius Souza,br BRA,MF,Sheffield Utd,24,1999,36,29,2668,29.6,1,0,1,1,0,0,3,0,0.6,0.6,0.2,0.8,7,66,21,0.03,0.00,0.03,0.03,0.03,0.02,0.01,0.03,0.02,0.03,Matches,6a8a7af8
502,Jason Steele,eng ENG,GK,Brighton,32,1990,17,17,1530,17.0,0,0,0,0,0,0,0,0,0.0,0.0,0.0,0.0,0,0,0,0.00,0.00,0.00,0.00,0.00,0.00,0.00,0.00,0.00,0.00,Matches,28300a16
503,Raheem Sterling,eng ENG,"FW,MF",Chelsea,28,1994,31,22,1978,22.0,8,4,12,8,0,0,7,0,6.5,6.5,4.5,11.0,120,78,242,0.36,0.18,0.55,0.36,0.55,0.29,0.20,0.50,0.29,0.50,Matches,b400bde0
504,John Stones,eng ENG,"DF,MF",Manchester City,29,1994,16,12,1064,11.8,1,0,1,1,0,0,2,0,1.0,1.0,0.2,1.3,16,57,24,0.08,0.00,0.08,0.08,0.08,0.09,0.02,0.11,0.09,0.11,Matches,5eecec3d
505,Thomas Strakosha,al ALB,GK,Brentford,28,1995,2,1,135,1.5,0,0,0,0,0,0,0,0,0.0,0.0,0.0,0.0,0,0,0,0.00,0.00,0.00,0.00,0.00,0.00,0.00,0.00,0.00,0.00,Matches,339fe0e8
506,Dominik Szoboszlai,hu HUN,MF,Liverpool,22,2000,33,25,2104,23.4,3,2,5,3,0,0,1,0,3.7,3.7,5.8,9.5,75,152,160,0.13,0.09,0.21,0.13,0.21,0.16,0.25,0.40,0.16,0.40,Matches,934e1968
507,Matt Targett,eng ENG,DF,Newcastle Utd,27,1995,3,1,78,0.9,0,0,0,0,0,0,1,0,0.0,0.0,0.0,0.0,1,2,0,0.00,0.00,0.00,0.00,0.00,0.00,0.03,0.03,0.00,0.03,Matches,e514ab62
508,James Tarkowski,eng ENG,DF,Everton,30,1992,38,38,3419,38.0,1,1,2,1,0,0,11,0,2.6,2.6,2.5,5.1,15,130,20,0.03,0.03,0.05,0.03,0.05,0.07,0.06,0.13,0.07,0.13,Matches,15ea812b
509,Jimi Tauriainen,eng ENG,FW,Chelsea,19,2004,1,0,1,0.0,0,0,0,0,0,0,0,0,0.0,0.0,0.0,0.0,0,0,0,0.00,0.00,0.00,0.00,0.00,0.00,0.00,0.00,0.00,0.00,Matches,cac9e583
510,Nuno Tavares,pt POR,DF,Nott'ham Forest,23,2000,8,5,457,5.1,0,0,0,0,0,0,2,0,0.2,0.2,0.5,0.7,14,24,12,0.00,0.00,0.00,0.00,0.00,0.03,0.10,0.13,0.03,0.13,Matches,a65c844b
511,Marcus Tavernier,eng ENG,FW,Bournemouth,24,1999,30,25,2118,23.5,3,4,7,3,0,0,3,0,3.9,3.9,5.2,9.1,79,84,171,0.13,0.17,0.30,0.13,0.30,0.17,0.22,0.39,0.17,0.39,Matches,5c0da4a4
512,Charlie Taylor,eng ENG,DF,Burnley,29,1993,28,25,2331,25.9,1,1,2,1,0,0,8,0,0.2,0.2,1.2,1.5,36,82,81,0.04,0.04,0.08,0.04,0.08,0.01,0.05,0.06,0.01,0.06,Matches,cc2d7ad5
513,Kenny Tete,nl NED,DF,Fulham,27,1995,14,10,867,9.6,1,0,1,1,0,0,2,0,0.9,0.9,0.4,1.2,20,54,38,0.10,0.00,0.10,0.10,0.10,0.09,0.04,0.13,0.09,0.13,Matches,77d7c96f
514,Luke Thomas,eng ENG,DF,Sheffield Utd,22,2001,12,11,917,10.2,0,0,0,0,0,0,3,0,0.5,0.5,0.1,0.6,8,33,22,0.00,0.00,0.00,0.00,0.00,0.05,0.00,0.06,0.05,0.06,Matches,fc027d02
515,Youri Tielemans,be BEL,"MF,FW",Aston Villa,26,1997,32,17,1622,18.0,2,6,8,2,0,0,3,0,1.3,1.3,2.6,3.9,23,128,46,0.11,0.33,0.44,0.11,0.44,0.07,0.14,0.21,0.07,0.21,Matches,56f7a928
516,Jurriën Timber,nl NED,DF,Arsenal,22,2001,2,1,71,0.8,0,0,0,0,0,0,2,0,0.0,0.0,0.0,0.0,0,8,5,0.00,0.00,0.00,0.00,0.00,0.00,0.00,0.00,0.00,0.00,Matches,41034650
517,Harry Toffolo,eng ENG,DF,Nott'ham Forest,27,1995,23,15,1459,16.2,1,3,4,1,0,0,3,0,1.6,1.6,1.5,3.2,10,42,34,0.06,0.19,0.25,0.06,0.25,0.10,0.10,0.20,0.10,0.20,Matches,a105d46a
518,Takehiro Tomiyasu,jp JPN,DF,Arsenal,24,1998,22,10,1149,12.8,2,1,3,2,0,0,2,1,1.5,1.5,0.4,1.9,17,72,37,0.16,0.08,0.23,0.16,0.23,0.12,0.03,0.15,0.12,0.15,Matches,b3af9be1
519,James Tomkins,eng ENG,DF,Crystal Palace,34,1989,4,0,10,0.1,0,0,0,0,0,0,0,0,0.0,0.0,0.0,0.0,0,1,0,0.00,0.00,0.00,0.00,0.00,0.00,0.00,0.00,0.00,0.00,Matches,e7ca0439
520,Sandro Tonali,it ITA,MF,Newcastle Utd,23,2000,8,5,438,4.9,1,0,1,1,0,0,2,0,0.7,0.7,0.6,1.3,11,19,21,0.21,0.00,0.21,0.21,0.21,0.13,0.13,0.26,0.13,0.26,Matches,0db169ae
521,Ivan Toney,eng ENG,FW,Brentford,27,1996,17,16,1450,16.1,4,2,6,4,0,0,5,0,6.0,6.0,1.5,7.4,23,40,98,0.25,0.12,0.37,0.25,0.37,0.37,0.09,0.46,0.37,0.46,Matches,e09f279b
522,Pau Torres,es ESP,DF,Aston Villa,26,1997,29,27,2464,27.4,2,0,2,2,0,0,1,0,1.0,1.0,0.4,1.4,42,128,16,0.07,0.00,0.07,0.07,0.07,0.04,0.02,0.05,0.04,0.05,Matches,532e1e4f
523,Andros Townsend,eng ENG,"MF,FW",Luton Town,32,1991,27,14,1210,13.4,1,3,4,1,0,0,1,0,1.2,1.2,1.3,2.5,47,35,71,0.07,0.22,0.30,0.07,0.30,0.09,0.10,0.19,0.09,0.19,Matches,b28bbd58
524,James Trafford,eng ENG,GK,Burnley,20,2002,28,28,2520,28.0,0,0,0,0,0,0,2,0,0.0,0.0,0.0,0.0,0,6,0,0.00,0.00,0.00,0.00,0.00,0.00,0.00,0.00,0.00,0.00,Matches,259fea27
525,Adama Traoré,es ESP,"FW,MF",Fulham,27,1996,17,1,377,4.2,2,3,5,2,0,0,2,0,1.5,1.5,0.7,2.2,29,16,48,0.48,0.72,1.19,0.48,1.19,0.36,0.17,0.53,0.36,0.53,Matches,9a28eba4
526,Bertrand Traoré,bf BFA,"DF,FW",Aston Villa,27,1995,2,0,11,0.1,0,0,0,0,0,0,0,0,0.0,0.0,0.0,0.0,0,0,0,0.00,0.00,0.00,0.00,0.00,0.00,0.00,0.00,0.00,0.00,Matches,c47541e0
527,Boubacar Traoré,ml MLI,MF,Wolves,21,2001,24,7,819,9.1,0,0,0,0,0,0,4,0,0.3,0.3,0.4,0.7,9,29,15,0.00,0.00,0.00,0.00,0.00,0.03,0.04,0.07,0.03,0.07,Matches,999ceb5f
528,Mark Travers,ie IRL,GK,Bournemouth,24,1999,4,4,360,4.0,0,0,0,0,0,0,0,0,0.0,0.0,0.0,0.0,0,0,0,0.00,0.00,0.00,0.00,0.00,0.00,0.00,0.00,0.00,0.00,Matches,fe558029
529,Mike Trésor,be BEL,"FW,MF",Burnley,24,1999,16,3,420,4.7,0,0,0,0,0,0,0,0,0.5,0.5,0.4,0.9,15,10,31,0.00,0.00,0.00,0.00,0.00,0.10,0.08,0.18,0.10,0.18,Matches,b2a81fc6
530,Kieran Trippier,eng ENG,DF,Newcastle Utd,32,1990,28,26,2236,24.8,1,10,11,1,0,0,5,0,0.7,0.7,7.5,8.2,34,157,128,0.04,0.40,0.44,0.04,0.44,0.03,0.30,0.33,0.03,0.33,Matches,21512407
531,Leandro Trossard,be BEL,"FW,MF",Arsenal,28,1994,34,18,1649,18.3,12,1,13,12,0,0,2,0,7.9,7.9,2.8,10.7,66,76,155,0.65,0.05,0.71,0.65,0.71,0.43,0.15,0.58,0.43,0.58,Matches,38ceb24a
532,Auston Trusty,us USA,DF,Sheffield Utd,24,1998,32,28,2572,28.6,0,0,0,0,0,0,4,0,0.4,0.4,1.1,1.5,10,40,15,0.00,0.00,0.00,0.00,0.00,0.01,0.04,0.05,0.01,0.05,Matches,cddf767b
533,Kostas Tsimikas,gr GRE,DF,Liverpool,27,1996,13,8,679,7.5,0,3,3,0,0,0,0,0,0.1,0.1,1.0,1.1,24,31,73,0.00,0.40,0.40,0.00,0.40,0.01,0.14,0.15,0.01,0.15,Matches,f315ca93
534,Matt Turner,us USA,GK,Nott'ham Forest,29,1994,17,17,1530,17.0,0,0,0,0,0,0,2,0,0.0,0.0,0.0,0.0,0,0,0,0.00,0.00,0.00,0.00,0.00,0.00,0.00,0.00,0.00,0.00,Matches,4a51ba65
535,Destiny Udogie,it ITA,DF,Tottenham,20,2002,28,28,2391,26.6,2,3,5,2,0,0,7,1,2.4,2.4,2.2,4.6,83,155,138,0.08,0.11,0.19,0.08,0.19,0.09,0.08,0.17,0.09,0.17,Matches,7cd520e8
536,Lesley Ugochukwu,fr FRA,MF,Chelsea,19,2004,12,3,301,3.3,0,0,0,0,0,0,2,0,0.0,0.0,0.1,0.1,8,17,3,0.00,0.00,0.00,0.00,0.00,0.00,0.03,0.03,0.00,0.03,Matches,1df4a109
537,Enes Ünal,tr TUR,"FW,MF",Bournemouth,26,1997,16,2,328,3.6,2,2,4,2,0,0,1,0,2.9,2.9,1.0,3.9,4,7,28,0.55,0.55,1.10,0.55,1.10,0.80,0.28,1.07,0.80,1.07,Matches,f8eca1b6
538,Virgil van Dijk,nl NED,DF,Liverpool,32,1991,36,36,3177,35.3,2,2,4,2,0,0,3,1,2.8,2.8,1.6,4.4,32,200,7,0.06,0.06,0.11,0.06,0.11,0.08,0.04,0.12,0.08,0.12,Matches,e06683ca
539,Raphaël Varane,fr FRA,DF,Manchester Utd,30,1993,22,16,1375,15.3,1,0,1,1,0,0,2,0,1.3,1.3,0.1,1.3,16,59,2,0.07,0.00,0.07,0.07,0.07,0.08,0.00,0.09,0.08,0.09,Matches,9f8e9423
540,Alejo Véliz,ar ARG,FW,Tottenham,19,2003,8,0,50,0.6,1,0,1,1,0,0,1,0,0.2,0.2,0.0,0.2,0,1,3,1.80,0.00,1.80,1.80,1.80,0.45,0.00,0.45,0.45,0.45,Matches,3f7bafbe
541,Joël Veltman,nl NED,DF,Brighton,31,1992,27,17,1588,17.6,1,1,2,1,0,0,4,0,0.4,0.4,0.5,0.9,24,85,54,0.06,0.06,0.11,0.06,0.11,0.02,0.03,0.05,0.02,0.05,Matches,dad4b285
542,Micky van de Ven,nl NED,DF,Tottenham,22,2001,27,27,2339,26.0,3,0,3,3,0,0,5,0,0.6,0.6,0.0,0.6,19,108,9,0.12,0.00,0.12,0.12,0.12,0.02,0.00,0.02,0.02,0.02,Matches,8fe2a392
543,Bart Verbruggen,nl NED,GK,Brighton,20,2002,21,21,1890,21.0,0,0,0,0,0,0,3,0,0.0,0.0,0.0,0.0,0,3,0,0.00,0.00,0.00,0.00,0.00,0.00,0.00,0.00,0.00,0.00,Matches,cf134113
544,Guglielmo Vicario,it ITA,GK,Tottenham,26,1996,38,38,3420,38.0,0,0,0,0,0,0,2,0,0.0,0.0,0.0,0.0,0,3,0,0.00,0.00,0.00,0.00,0.00,0.00,0.00,0.00,0.00,0.00,Matches,77d6fd4d
545,Fabio Vieira,pt POR,"MF,FW",Arsenal,23,2000,11,2,297,3.3,1,2,3,0,1,1,0,1,1.3,0.5,1.6,2.1,12,15,30,0.30,0.61,0.91,0.00,0.61,0.38,0.49,0.87,0.14,0.64,Matches,6412cc03
546,Carlos Vinícius,br BRA,FW,Fulham,28,1995,13,2,315,3.5,2,0,2,2,0,0,2,0,1.6,1.6,0.8,2.4,3,3,13,0.57,0.00,0.57,0.57,0.57,0.46,0.23,0.69,0.46,0.69,Matches,8b529245
547,Vitinho,br BRA,"DF,MF",Burnley,24,1999,32,26,2314,25.7,0,2,2,0,0,0,1,0,1.6,1.6,1.3,2.9,59,66,110,0.00,0.08,0.08,0.00,0.08,0.06,0.05,0.11,0.06,0.11,Matches,9295dc1c
548,Odisseas Vlachodimos,gr GRE,GK,Nott'ham Forest,29,1994,5,5,450,5.0,0,0,0,0,0,0,0,0,0.0,0.0,0.0,0.0,0,1,0,0.00,0.00,0.00,0.00,0.00,0.00,0.01,0.01,0.00,0.01,Matches,03df04ff
549,Kyle Walker,eng ENG,DF,Manchester City,33,1990,32,30,2767,30.7,0,4,4,0,0,0,2,0,0.4,0.4,2.6,3.0,74,157,172,0.00,0.13,0.13,0.00,0.13,0.01,0.09,0.10,0.01,0.10,Matches,86dd77d1
550,Aaron Wan-Bissaka,eng ENG,DF,Manchester Utd,25,1997,22,20,1780,19.8,0,2,2,0,0,0,4,0,0.1,0.1,1.5,1.6,30,77,54,0.00,0.10,0.10,0.00,0.10,0.01,0.08,0.08,0.01,0.08,Matches,9e525177
551,Joel Ward,eng ENG,DF,Crystal Palace,33,1989,26,23,1980,22.0,0,1,1,0,0,0,4,0,0.9,0.9,0.2,1.1,16,66,14,0.00,0.05,0.05,0.00,0.05,0.04,0.01,0.05,0.04,0.05,Matches,8a7ff278
552,James Ward-Prowse,eng ENG,MF,West Ham,28,1994,37,34,3001,33.3,7,7,14,5,2,2,4,0,6.0,4.4,7.8,12.3,18,144,63,0.21,0.21,0.42,0.15,0.36,0.18,0.23,0.41,0.13,0.37,Matches,3515d404
553,Lewis Warrington,eng ENG,FW,Everton,20,2002,1,0,1,0.0,0,0,0,0,0,0,0,0,0.0,0.0,0.0,0.0,0,0,0,0.00,0.00,0.00,0.00,0.00,0.00,0.00,0.00,0.00,0.00,Matches,8e633970
554,Deivid Washington,br BRA,"DF,FW",Chelsea,18,2005,2,0,13,0.1,0,0,0,0,0,0,0,0,0.5,0.5,0.0,0.5,0,0,1,0.00,0.00,0.00,0.00,0.00,3.23,0.00,3.23,3.23,3.23,Matches,95bd120d
555,Ollie Watkins,eng ENG,FW,Aston Villa,27,1995,37,37,3217,35.7,19,13,32,19,0,0,4,0,16.8,16.8,7.3,24.2,62,55,214,0.53,0.36,0.90,0.53,0.90,0.47,0.21,0.68,0.47,0.68,Matches,aed3a70f
556,Adam Webster,eng ENG,DF,Brighton,28,1995,15,13,1144,12.7,0,0,0,0,0,0,2,0,0.4,0.4,0.1,0.6,16,80,2,0.00,0.00,0.00,0.00,0.00,0.03,0.01,0.05,0.03,0.05,Matches,c40b6180
557,Danny Welbeck,eng ENG,"FW,MF",Brighton,32,1990,29,21,1693,18.8,5,1,6,5,0,0,4,0,5.3,5.3,1.7,7.0,32,44,100,0.27,0.05,0.32,0.27,0.32,0.28,0.09,0.37,0.28,0.37,Matches,ce5143da
558,Timo Werner,de GER,FW,Tottenham,27,1996,13,10,809,9.0,2,3,5,2,0,0,1,0,3.7,3.7,2.7,6.4,79,41,124,0.22,0.33,0.56,0.22,0.56,0.41,0.30,0.72,0.41,0.72,Matches,49fe9070
559,Adam Wharton,eng ENG,MF,Crystal Palace,19,2004,16,15,1297,14.4,0,3,3,0,0,0,2,0,0.3,0.3,2.4,2.8,14,79,10,0.00,0.21,0.21,0.00,0.21,0.02,0.17,0.19,0.02,0.19,Matches,4b542852
560,Ethan Wheatley,eng ENG,FW,Manchester Utd,17,2006,3,0,16,0.2,0,0,0,0,0,0,0,0,0.0,0.0,0.0,0.0,0,0,1,0.00,0.00,0.00,0.00,0.00,0.00,0.00,0.00,0.00,0.00,Matches,5c368c88
561,Ben White,eng ENG,DF,Arsenal,25,1997,37,35,2988,33.2,4,4,8,4,0,0,8,0,1.2,1.2,3.8,5.0,44,192,162,0.12,0.12,0.24,0.12,0.24,0.03,0.11,0.15,0.03,0.15,Matches,35e413f1
562,Joe White,eng ENG,MF,Newcastle Utd,20,2002,4,0,13,0.1,0,0,0,0,0,0,1,0,0.0,0.0,0.0,0.0,2,3,3,0.00,0.00,0.00,0.00,0.00,0.00,0.00,0.00,0.00,0.00,Matches,d60c03a9
563,Neco Williams,wls WAL,DF,Nott'ham Forest,22,2001,26,18,1637,18.2,0,1,1,0,0,0,4,0,0.8,0.8,1.6,2.5,48,47,86,0.00,0.05,0.05,0.00,0.05,0.04,0.09,0.13,0.04,0.13,Matches,dd323728
564,Willian,br BRA,FW,Fulham,34,1988,31,24,2053,22.8,4,2,6,2,2,2,1,0,5.1,3.6,3.9,7.5,92,153,181,0.18,0.09,0.26,0.09,0.18,0.22,0.17,0.40,0.16,0.33,Matches,8b9ebd03
565,Joe Willock,eng ENG,MF,Newcastle Utd,23,1999,9,5,419,4.7,1,0,1,1,0,0,0,0,0.8,0.8,0.6,1.4,16,17,26,0.21,0.00,0.21,0.21,0.21,0.17,0.12,0.30,0.17,0.30,Matches,a3b03921
566,Callum Wilson,eng ENG,FW,Newcastle Utd,31,1992,20,9,991,11.0,9,1,10,7,2,2,3,0,8.8,7.2,0.6,7.8,11,9,77,0.82,0.09,0.91,0.64,0.73,0.80,0.05,0.85,0.65,0.71,Matches,c596fcb0
567,Harry Wilson,wls WAL,FW,Fulham,26,1997,35,16,1620,18.0,4,6,10,4,0,0,6,0,3.4,3.4,3.5,6.8,41,60,130,0.22,0.33,0.56,0.22,0.56,0.19,0.19,0.38,0.19,0.38,Matches,c6dc9ecd
568,Yoane Wissa,cd COD,FW,Brentford,26,1996,34,29,2493,27.7,12,3,15,12,0,0,7,0,10.6,10.6,3.9,14.5,45,48,150,0.43,0.11,0.54,0.43,0.54,0.38,0.14,0.52,0.38,0.52,Matches,2500cef9
569,Chris Wood,nz NZL,FW,Nott'ham Forest,31,1991,31,20,1812,20.1,14,1,15,14,0,0,0,0,11.9,11.9,2.1,14.0,16,30,76,0.70,0.05,0.75,0.70,0.75,0.59,0.10,0.70,0.59,0.70,Matches,4e9a0555
570,Cauley Woodrow,eng ENG,"FW,MF",Luton Town,28,1994,24,2,427,4.7,1,1,2,1,0,0,2,0,1.4,1.4,1.2,2.6,7,6,22,0.21,0.21,0.42,0.21,0.42,0.30,0.25,0.55,0.30,0.55,Matches,d3085b49
571,Joe Worrall,eng ENG,DF,Nott'ham Forest,26,1997,7,5,439,4.9,0,0,0,0,0,0,0,1,0.1,0.1,0.2,0.3,0,8,1,0.00,0.00,0.00,0.00,0.00,0.02,0.04,0.06,0.02,0.06,Matches,a5212312
572,Yehor Yarmoliuk,ua UKR,MF,Brentford,19,2004,27,6,688,7.6,0,0,0,0,0,0,2,0,1.0,1.0,0.1,1.1,13,35,36,0.00,0.00,0.00,0.00,0.00,0.13,0.01,0.14,0.13,0.14,Matches,907a5d7c
573,Ryan Yates,eng ENG,MF,Nott'ham Forest,25,1997,35,21,1992,22.1,1,1,2,1,0,0,6,0,2.6,2.6,0.8,3.5,18,73,37,0.05,0.05,0.09,0.05,0.09,0.12,0.04,0.16,0.12,0.16,Matches,c1fe2a48
574,Ashley Young,eng ENG,"DF,MF",Everton,38,1985,31,27,2280,25.3,0,0,0,0,0,0,7,1,0.6,0.6,1.5,2.1,40,82,61,0.00,0.00,0.00,0.00,0.00,0.02,0.06,0.08,0.02,0.08,Matches,be927d03
575,Illia Zabarnyi,ua UKR,DF,Bournemouth,20,2002,37,37,3330,37.0,1,0,1,1,0,0,5,0,1.1,1.1,0.4,1.5,24,109,1,0.03,0.00,0.03,0.03,0.03,0.03,0.01,0.04,0.03,0.04,Matches,88968486
576,Nicolò Zaniolo,it ITA,"FW,MF",Aston Villa,24,1999,25,9,839,9.3,2,0,2,2,0,0,7,0,2.6,2.6,1.0,3.6,35,30,60,0.21,0.00,0.21,0.21,0.21,0.28,0.11,0.39,0.28,0.39,Matches,9907b1c8
577,Anass Zaroury,ma MAR,"FW,MF",Burnley,22,2000,6,1,152,1.7,0,0,0,0,0,0,0,1,0.2,0.2,0.0,0.2,2,2,12,0.00,0.00,0.00,0.00,0.00,0.10,0.02,0.12,0.10,0.12,Matches,07d65234
578,Oleksandr Zinchenko,ua UKR,DF,Arsenal,26,1996,27,20,1722,19.1,1,2,3,1,0,0,2,0,0.6,0.6,2.5,3.1,40,229,58,0.05,0.10,0.16,0.05,0.16,0.03,0.13,0.16,0.03,0.16,Matches,51cf8561
579,Kurt Zouma,fr FRA,DF,West Ham,28,1994,33,32,2838,31.5,3,0,3,3,0,0,3,0,1.8,1.8,0.2,2.0,7,53,1,0.10,0.00,0.10,0.10,0.10,0.06,0.01,0.06,0.06,0.06,Matches,ce4246f5
580,Martin Ødegaard,no NOR,MF,Arsenal,24,1998,35,35,3091,34.3,8,10,18,6,2,2,2,0,7.4,5.8,9.6,15.5,91,344,202,0.23,0.29,0.52,0.17,0.47,0.22,0.28,0.50,0.17,0.45,Matches,79300479
