fpl_id,review_id,Name,Pos,Value,1_Pts,1_xMins,2_Pts,2_xMins,3_Pts,3_xMins,4_Pts,4_xMins,5_Pts,5_xMins,6_Pts,6_xMins,7_Pts,7_xMins,8_Pts,8_xMins,Team
1,1,Fábio Vieira,M,5.5,0.32,8.85,0.53,8.85,0.6,8.85,0.52,8.85,0.4,8.85,0.74,8.85,0.72,8.85,0.55,8.85,Arsenal
17,17,Saka,M,10.0,6.61,84.5,5.53,84.5,6.28,84.5,5.4,84.5,4.11,84.5,7.71,84.5,7.49,84.5,5.69,84.5,Arsenal
7,7,Jorginho,M,5.0,1.31,32.0,1.1,32.0,1.25,32.0,1.07,32.0,0.82,32.0,1.53,32.0,1.49,32.0,1.13,32.0,Arsenal
23,23,Trossard,M,7.0,3.38,51.0,2.82,51.0,3.21,51.0,2.76,51.0,2.1,51.0,3.94,51.0,3.83,51.0,2.91,51.0,Arsenal
9,9,Martinelli,M,7.0,3.55,51.0,2.96,51.0,3.37,51.0,2.9,51.0,2.21,51.0,4.14,51.0,4.02,51.0,3.05,51.0,Arsenal
13,13,Ødegaard,M,8.5,5.9,88.5,4.93,88.5,5.6,88.5,4.82,88.5,3.67,88.5,6.88,88.5,6.68,88.5,5.07,88.5,Arsenal
16,16,Rice,M,6.5,3.99,87.0,3.34,87.0,3.8,87.0,3.26,87.0,2.48,87.0,4.66,87.0,4.53,87.0,3.44,87.0,Arsenal
20,20,Thomas,M,5.0,1.55,45.0,1.3,45.0,1.48,45.0,1.27,45.0,0.97,45.0,1.81,45.0,1.76,45.0,1.34,45.0,Arsenal
57,57,Tielemans,M,5.5,2.56,66.0,2.09,66.0,2.98,66.0,2.8,66.0,2.89,66.0,2.95,66.0,2.7,66.0,2.47,66.0,Aston Villa
53,53,Ramsey,M,5.5,1.54,37.0,1.26,37.0,1.8,37.0,1.69,37.0,1.75,37.0,1.78,37.0,1.63,37.0,1.49,37.0,Aston Villa
42,42,Kamara,M,5.0,0.0,24.79,0.0,24.79,0.0,24.79,0.96,24.79,2.0,24.79,2.04,24.79,1.87,24.79,1.71,24.79,Aston Villa
48,48,McGinn,M,5.5,3.07,88.0,2.51,88.0,3.58,88.0,3.36,88.0,3.48,88.0,3.54,88.0,3.25,88.0,2.97,88.0,Aston Villa
29,29,Barkley,M,5.5,1.25,31.0,1.02,31.0,1.46,31.0,1.37,31.0,1.42,31.0,1.44,31.0,1.32,31.0,1.21,31.0,Aston Villa
28,28,Bailey,M,6.5,3.92,71.0,3.21,71.0,4.57,71.0,4.3,71.0,4.44,71.0,4.52,71.0,4.15,71.0,3.79,71.0,Aston Villa
54,54,Rogers,M,5.0,2.76,69.0,2.26,69.0,3.22,69.0,3.02,69.0,3.13,69.0,3.18,69.0,2.92,69.0,2.67,69.0,Aston Villa
31,31,Buendia,M,5.5,0.85,18.0,0.7,18.0,0.99,18.0,0.93,18.0,0.96,18.0,0.98,18.0,0.9,18.0,0.82,18.0,Aston Villa
233,233,Onana,M,5.0,1.65,54.0,1.35,54.0,1.93,54.0,1.81,54.0,1.87,54.0,1.9,54.0,1.75,54.0,1.6,54.0,Aston Villa
569,569,Jaden,M,5.5,0.75,17.0,0.61,17.0,0.87,17.0,0.82,17.0,0.84,17.0,0.86,17.0,0.79,17.0,0.72,17.0,Aston Villa
77,77,Scott,M,5.0,1.17,38.0,1.27,38.0,1.14,38.0,1.24,38.0,0.96,38.0,1.54,38.0,1.4,38.0,0.98,38.0,Bournemouth
78,78,Semenyo,M,5.5,3.73,74.08,4.04,74.08,3.65,74.08,3.5,74.08,2.52,74.08,4.03,74.08,3.66,74.08,2.57,74.08,Bournemouth
62,62,Brooks,M,5.0,0.05,1.0,0.06,1.0,0.05,1.0,0.06,1.0,0.04,1.0,0.07,1.0,0.06,1.0,0.05,1.0,Bournemouth
76,76,Philip,M,5.0,0.7,18.0,0.75,18.0,0.68,18.0,0.74,18.0,0.57,18.0,0.92,18.0,0.83,18.0,0.58,18.0,Bournemouth
80,80,Sinisterra,M,5.0,1.18,34.0,1.28,34.0,1.16,34.0,1.25,34.0,0.97,34.0,1.56,34.0,1.41,34.0,0.99,34.0,Bournemouth
63,63,Christie,M,5.0,2.6,80.0,2.82,80.0,2.55,80.0,2.75,80.0,2.14,80.0,3.42,80.0,3.11,80.0,2.18,80.0,Bournemouth
71,71,Kluivert,M,5.5,3.18,70.5,3.45,70.5,3.12,70.5,3.37,70.5,2.62,70.5,4.19,70.5,3.8,70.5,2.67,70.5,Bournemouth
64,64,Cook,M,5.0,2.38,89.5,2.58,89.5,2.33,89.5,2.52,89.5,1.96,89.5,3.13,89.5,2.84,89.5,1.99,89.5,Bournemouth
74,74,O.Dango,M,5.0,1.15,30.0,1.25,30.0,1.13,30.0,1.22,30.0,0.95,30.0,1.51,30.0,1.38,30.0,0.96,30.0,Bournemouth
83,83,Tavernier,M,5.5,2.72,70.0,2.95,70.0,2.67,70.0,2.88,70.0,2.24,70.0,3.58,70.0,3.25,70.0,2.28,70.0,Bournemouth
314,314,Carvalho,M,5.0,1.43,28.0,1.05,28.0,1.68,28.0,0.92,28.0,1.21,28.0,1.49,28.0,1.48,28.0,1.22,28.0,Brentford
102,102,Onyeka,M,5.0,0.54,15.0,0.4,15.0,0.64,15.0,0.35,15.0,0.46,15.0,0.57,15.0,0.56,15.0,0.46,15.0,Brentford
98,98,Lewis-Potter,M,5.0,1.7,30.0,1.25,30.0,2.0,30.0,1.1,30.0,1.44,30.0,1.77,30.0,1.76,30.0,1.45,30.0,Brentford
101,101,Nørgaard,M,5.0,2.58,75.0,1.89,75.0,3.03,75.0,1.66,75.0,2.19,75.0,2.69,75.0,2.67,75.0,2.2,75.0,Brentford
106,106,Schade,M,5.5,1.06,18.0,0.78,18.0,1.24,18.0,0.68,18.0,0.9,18.0,1.11,18.0,1.1,18.0,0.91,18.0,Brentford
89,89,Damsgaard,M,5.0,1.99,50.0,1.46,50.0,2.34,50.0,1.28,50.0,1.69,50.0,2.08,50.0,2.06,50.0,1.7,50.0,Brentford
90,90,Dasilva,M,5.0,0.55,12.0,0.4,12.0,0.64,12.0,0.35,12.0,0.46,12.0,0.57,12.0,0.57,12.0,0.47,12.0,Brentford
95,95,Jensen,M,5.5,2.83,74.0,2.08,74.0,3.33,74.0,1.83,74.0,2.4,74.0,2.96,74.0,2.94,74.0,2.42,74.0,Brentford
94,94,Janelt,M,5.0,2.65,77.0,1.95,77.0,3.12,77.0,1.71,77.0,2.25,77.0,2.77,77.0,2.75,77.0,2.27,77.0,Brentford
99,99,Mbeumo,M,7.0,4.86,78.0,3.57,78.0,5.72,78.0,3.14,78.0,4.12,78.0,5.08,78.0,5.04,78.0,4.16,78.0,Brentford
115,115,Baleba,M,5.0,1.43,60.0,1.58,60.0,1.06,60.0,1.95,60.0,1.67,60.0,1.36,60.0,1.57,60.0,1.37,60.0,Brighton
127,127,I.Osman,M,5.0,0.16,4.0,0.17,4.0,0.12,4.0,0.21,4.0,0.18,4.0,0.15,4.0,0.17,4.0,0.15,4.0,Brighton
135,135,Minteh,M,5.5,3.67,61.76,3.8,61.76,2.26,61.76,3.36,61.76,2.86,61.76,2.33,61.76,2.69,61.76,2.35,61.76,Brighton
113,113,Adingra,M,5.5,1.32,30.0,1.46,30.0,0.98,30.0,1.81,30.0,1.54,30.0,1.26,30.0,1.45,30.0,1.27,30.0,Brighton
121,121,Enciso,M,5.5,1.3,25.0,1.44,25.0,0.97,25.0,1.79,25.0,1.52,25.0,1.24,25.0,1.43,25.0,1.25,25.0,Brighton
119,119,Dahoud,M,5.0,0.0,0.0,0.0,0.0,0.0,0.0,0.0,0.0,0.0,0.0,0.0,0.0,0.0,0.0,0.0,0.0,Brighton
132,132,March,M,6.5,0.0,19.9,0.0,19.9,0.0,19.9,1.67,19.9,2.85,19.9,3.34,19.9,3.86,19.9,3.37,19.9,Brighton
136,136,Mitoma,M,6.5,3.86,80.0,4.28,80.0,2.87,80.0,5.29,80.0,4.51,80.0,3.68,80.0,4.25,80.0,3.71,80.0,Brighton
134,134,Milner,M,5.0,0.58,17.0,0.64,17.0,0.43,17.0,0.79,17.0,0.67,17.0,0.55,17.0,0.63,17.0,0.55,17.0,Brighton
124,124,Gilmour,M,5.0,1.12,40.0,1.24,40.0,0.83,40.0,1.54,40.0,1.31,40.0,1.07,40.0,1.23,40.0,1.08,40.0,Brighton
149,149,Wieffer,M,5.0,2.66,87.0,2.95,87.0,1.98,87.0,3.64,87.0,3.11,87.0,2.53,87.0,2.92,87.0,2.55,87.0,Brighton
560,560,Neto,M,6.5,0.44,19.56,0.8,19.56,1.46,19.56,1.3,19.56,1.34,19.56,1.44,19.56,1.49,19.56,1.07,19.56,Chelsea
161,161,Chukwuemeka,M,5.0,0.12,4.0,0.15,4.0,0.16,4.0,0.14,4.0,0.15,4.0,0.16,4.0,0.17,4.0,0.12,4.0,Chelsea
169,169,Gallagher,M,6.0,2.28,68.0,2.78,68.0,3.06,68.0,2.73,68.0,2.8,68.0,3.02,68.0,3.13,68.0,2.25,68.0,Chelsea
181,181,Nkunku,M,6.5,3.7,70.97,4.33,70.97,4.56,70.97,4.08,70.97,4.18,70.97,4.5,70.97,4.67,70.97,3.35,70.97,Chelsea
184,184,Renato Veiga,M,7.0,1.33,28.0,1.62,28.0,1.78,28.0,1.59,28.0,1.64,28.0,1.76,28.0,1.83,28.0,1.31,28.0,Chelsea
182,182,Palmer,M,10.5,5.16,84.5,6.3,84.5,6.92,84.5,6.18,84.5,6.34,84.5,6.83,84.5,7.08,84.5,5.09,84.5,Chelsea
168,168,Enzo,M,5.0,2.58,80.69,3.03,80.69,3.34,80.69,2.98,80.69,3.06,80.69,3.29,80.69,3.41,80.69,2.45,80.69,Chelsea
179,179,Mudryk,M,6.5,1.53,37.0,1.87,37.0,2.06,37.0,1.84,37.0,1.89,37.0,2.03,37.0,2.11,37.0,1.51,37.0,Chelsea
177,177,Madueke,M,6.5,1.48,37.0,1.8,37.0,1.98,37.0,1.77,37.0,1.82,37.0,1.96,37.0,2.03,37.0,1.46,37.0,Chelsea
157,157,Caicedo,M,5.0,2.05,86.0,2.5,86.0,2.75,86.0,2.45,86.0,2.52,86.0,2.71,86.0,2.81,86.0,2.02,86.0,Chelsea
174,174,Lavia,M,4.5,0.11,5.0,0.13,5.0,0.14,5.0,0.13,5.0,0.13,5.0,0.14,5.0,0.15,5.0,0.11,5.0,Chelsea
166,166,Dewsbury-Hall,M,6.0,0.73,20.0,0.9,20.0,0.99,20.0,0.88,20.0,0.9,20.0,0.97,20.0,1.01,20.0,0.72,20.0,Chelsea
208,208,M.França,M,4.5,0.56,14.0,0.66,14.0,0.53,14.0,0.76,14.0,0.61,14.0,0.55,14.0,0.53,14.0,0.56,14.0,Crystal Palace
205,205,Kamada,M,5.5,2.32,61.0,2.74,61.0,2.19,61.0,3.18,61.0,2.54,61.0,2.3,61.0,2.19,61.0,2.35,61.0,Crystal Palace
214,214,Schlupp,M,5.0,0.38,11.0,0.45,11.0,0.36,11.0,0.52,11.0,0.42,11.0,0.38,11.0,0.36,11.0,0.38,11.0,Crystal Palace
206,206,Lerma,M,5.0,2.07,77.0,2.45,77.0,1.95,77.0,2.84,77.0,2.27,77.0,2.05,77.0,1.95,77.0,2.09,77.0,Crystal Palace
199,199,Eze,M,7.0,4.94,82.0,5.85,82.0,4.66,82.0,6.78,82.0,5.42,82.0,4.9,82.0,4.67,82.0,5.01,82.0,Crystal Palace
216,216,Wharton,M,5.0,2.51,81.0,2.97,81.0,2.36,81.0,3.44,81.0,2.75,81.0,2.48,81.0,2.37,81.0,2.54,81.0,Crystal Palace
647,647,Rodney,M,5.5,1.17,32.0,1.38,32.0,1.1,32.0,1.6,32.0,1.28,32.0,1.16,32.0,1.1,32.0,1.18,32.0,Crystal Palace
203,203,Hughes,M,5.0,0.32,12.0,0.38,12.0,0.3,12.0,0.44,12.0,0.35,12.0,0.32,12.0,0.3,12.0,0.32,12.0,Crystal Palace
585,585,I.Sarr,M,6.0,2.29,55.0,2.71,55.0,2.16,55.0,3.14,55.0,2.51,55.0,2.27,55.0,2.16,55.0,2.32,55.0,Crystal Palace
224,224,Harrison,M,5.5,3.28,74.0,2.82,74.0,3.39,74.0,2.88,74.0,3.55,74.0,3.32,74.0,3.22,74.0,3.51,74.0,Everton
223,223,Garner,M,5.0,2.69,78.0,2.32,78.0,2.79,78.0,2.37,78.0,2.92,78.0,2.73,78.0,2.64,78.0,2.89,78.0,Everton
222,222,Gana,M,5.0,2.38,77.0,2.05,77.0,2.46,77.0,2.09,77.0,2.58,77.0,2.41,77.0,2.34,77.0,2.55,77.0,Everton
230,230,McNeil,M,5.5,3.73,83.5,3.21,83.5,3.86,83.5,3.28,83.5,4.04,83.5,3.78,83.5,3.66,83.5,3.99,83.5,Everton
217,217,A.Doucoure,M,5.5,3.53,78.0,3.04,78.0,3.65,78.0,3.1,78.0,3.82,78.0,3.58,78.0,3.47,78.0,3.78,78.0,Everton
247,247,Iwobi,M,5.5,3.05,79.5,3.81,79.5,3.77,79.5,3.73,79.5,3.45,79.5,3.19,79.5,2.3,79.5,3.55,79.5,Fulham
240,240,Andreas,M,5.5,3.54,70.77,4.24,70.77,4.02,70.77,3.81,70.77,3.53,70.77,3.26,70.77,2.35,70.77,3.63,70.77,Fulham
243,243,Cairney,M,5.0,1.3,36.0,1.62,36.0,1.6,36.0,1.58,36.0,1.47,36.0,1.36,36.0,0.98,36.0,1.51,36.0,Fulham
259,259,Wilson,M,5.5,1.47,35.0,1.83,35.0,1.81,35.0,1.79,35.0,1.66,35.0,1.53,35.0,1.11,35.0,1.71,35.0,Fulham
249,249,Lukić,M,5.0,2.13,73.0,2.66,73.0,2.64,73.0,2.6,73.0,2.41,73.0,2.23,73.0,1.61,73.0,2.48,73.0,Fulham
254,254,Reed,M,5.0,1.79,65.0,2.24,65.0,2.21,65.0,2.19,65.0,2.03,65.0,1.87,65.0,1.35,65.0,2.08,65.0,Fulham
19,19,Smith Rowe,M,5.5,3.35,72.0,4.19,72.0,4.14,72.0,4.1,72.0,3.8,72.0,3.51,72.0,2.53,72.0,3.9,72.0,Fulham
239,239,Adama,M,5.0,2.32,57.0,2.9,57.0,2.87,57.0,2.84,57.0,2.63,57.0,2.43,57.0,1.75,57.0,2.7,57.0,Fulham
265,265,Chaplin,M,5.5,3.2,76.0,2.48,76.0,3.89,76.0,3.29,76.0,4.02,76.0,3.82,76.0,3.52,76.0,3.85,76.0,Ipswich
262,262,Broadhead,M,5.0,0.0,3.35,0.0,3.35,0.0,3.35,0.0,3.35,0.0,3.35,0.52,3.35,1.44,3.35,2.63,3.35,Ipswich
274,274,Hutchinson,M,5.5,2.99,75.0,2.32,75.0,3.64,75.0,3.08,75.0,3.76,75.0,3.57,75.0,3.29,75.0,3.6,75.0,Ipswich
277,277,Luongo,M,4.5,1.82,78.0,1.41,78.0,2.22,78.0,1.87,78.0,2.29,78.0,2.17,78.0,2.0,78.0,2.19,78.0,Ipswich
278,278,Morsy,M,5.0,2.31,89.33,1.78,89.33,2.8,89.33,2.37,89.33,2.9,89.33,2.75,89.33,2.53,89.33,2.77,89.33,Ipswich
264,264,Burns,M,5.0,2.34,70.0,1.81,70.0,2.85,70.0,2.41,70.0,2.94,70.0,2.8,70.0,2.57,70.0,2.82,70.0,Ipswich
290,290,De Cordova-Reid,M,5.5,1.96,48.0,1.8,48.0,2.03,48.0,1.77,48.0,2.04,48.0,1.32,48.0,2.08,48.0,2.13,48.0,Leicester
298,298,Mavididi,M,5.5,3.27,78.6,3.01,78.6,3.38,78.6,2.96,78.6,3.41,78.6,2.21,78.6,3.47,78.6,3.56,78.6,Leicester
309,309,Winks,M,4.5,2.4,89.8,2.21,89.8,2.49,89.8,2.18,89.8,2.51,89.8,1.62,89.8,2.55,89.8,2.62,89.8,Leicester
570,570,A.Fatawu,M,5.5,2.99,71.0,2.75,71.0,3.09,71.0,2.71,71.0,3.12,71.0,2.02,71.0,3.17,71.0,3.26,71.0,Leicester
300,300,Ndidi,M,5.0,2.27,68.69,2.0,68.69,2.25,68.69,1.97,68.69,2.27,68.69,1.47,68.69,2.31,68.69,2.37,68.69,Leicester
285,285,B.Soumaré,M,4.5,1.33,57.0,1.22,57.0,1.37,57.0,1.2,57.0,1.38,57.0,0.9,57.0,1.41,57.0,1.45,57.0,Leicester
287,287,Choudhury,M,4.5,0.84,36.0,0.78,36.0,0.87,36.0,0.77,36.0,0.88,36.0,0.57,36.0,0.9,36.0,0.92,36.0,Leicester
117,117,Buonanotte,M,5.0,1.27,35.0,1.17,35.0,1.31,35.0,1.15,35.0,1.32,35.0,0.86,35.0,1.34,35.0,1.38,35.0,Leicester
319,319,Elliott,M,5.5,1.93,30.0,1.84,30.0,1.56,30.0,1.86,30.0,1.86,30.0,1.66,30.0,1.59,30.0,1.73,30.0,Liverpool
320,320,Endo,M,5.0,2.31,64.0,2.21,64.0,1.87,64.0,2.24,64.0,2.23,64.0,1.99,64.0,1.91,64.0,2.07,64.0,Liverpool
329,329,Mac Allister,M,6.5,4.44,84.0,4.25,84.0,3.59,84.0,4.3,84.0,4.29,84.0,3.82,84.0,3.66,84.0,3.98,84.0,Liverpool
336,336,Szoboszlai,M,6.5,3.33,59.0,3.19,59.0,2.7,59.0,3.23,59.0,3.22,59.0,2.87,59.0,2.75,59.0,2.99,59.0,Liverpool
324,324,Jones,M,5.5,1.05,23.0,1.0,23.0,0.85,23.0,1.01,23.0,1.01,23.0,0.9,23.0,0.86,23.0,0.94,23.0,Liverpool
323,323,Gravenberch,M,5.0,0.9,22.0,0.86,22.0,0.73,22.0,0.87,22.0,0.87,22.0,0.77,22.0,0.74,22.0,0.81,22.0,Liverpool
317,317,Diogo J.,M,7.5,4.99,61.0,4.78,61.0,4.04,61.0,4.83,61.0,4.82,61.0,4.3,61.0,4.12,61.0,4.47,61.0,Liverpool
328,328,M.Salah,M,12.5,7.48,84.0,7.15,84.0,6.05,84.0,7.24,84.0,7.23,84.0,6.44,84.0,6.17,84.0,6.7,84.0,Liverpool
327,327,Luis Díaz,M,7.5,4.34,66.0,4.15,66.0,3.51,66.0,4.2,66.0,4.2,66.0,3.74,66.0,3.58,66.0,3.89,66.0,Liverpool
342,342,Bernardo,M,6.5,3.18,73.0,4.58,73.0,3.5,73.0,3.86,73.0,2.86,73.0,3.21,73.0,3.88,73.0,3.48,73.0,Man City
571,571,Sávio,M,6.5,0.87,18.0,1.25,18.0,0.96,18.0,1.06,18.0,0.78,18.0,0.88,18.0,1.06,18.0,0.95,18.0,Man City
349,349,Grealish,M,6.5,0.83,31.1,2.31,31.1,1.77,31.1,1.95,31.1,1.45,31.1,1.62,31.1,1.96,31.1,1.75,31.1,Man City
354,354,Kovačić,M,5.5,2.01,50.3,2.42,50.3,1.6,50.3,1.77,50.3,1.31,50.3,1.47,50.3,1.77,50.3,1.59,50.3,Man City
356,356,Matheus N.,M,5.0,0.67,18.0,0.96,18.0,0.73,18.0,0.81,18.0,0.6,18.0,0.67,18.0,0.81,18.0,0.73,18.0,Man City
360,360,Rodrigo,M,6.5,1.73,73.09,3.7,73.09,3.65,73.09,4.03,73.09,2.99,73.09,3.35,73.09,4.05,73.09,3.63,73.09,Man City
346,346,Doku,M,6.5,3.24,49.44,3.58,49.44,2.36,49.44,2.6,49.44,1.93,49.44,2.16,49.44,2.61,49.44,2.34,49.44,Man City
343,343,Bobb,M,5.0,3.5,50.05,4.12,50.05,2.6,50.05,2.09,50.05,1.55,50.05,1.74,50.05,2.1,50.05,1.88,50.05,Man City
348,348,Foden,M,9.5,2.58,65.01,5.3,65.01,5.13,65.01,5.66,65.01,4.2,65.01,4.7,65.01,5.68,65.01,5.09,65.01,Man City
345,345,De Bruyne,M,9.5,4.92,72.55,6.8,72.55,5.05,72.55,5.58,72.55,4.13,72.55,4.63,72.55,5.59,72.55,5.02,72.55,Man City
366,366,B.Fernandes,M,8.5,6.07,88.0,5.13,88.0,4.99,88.0,6.27,88.0,5.22,88.0,5.76,88.0,5.19,88.0,6.05,88.0,Man Utd
370,370,Eriksen,M,5.5,0.48,10.0,0.41,10.0,0.4,10.0,0.5,10.0,0.41,10.0,0.46,10.0,0.41,10.0,0.48,10.0,Man Utd
381,381,McTominay,M,5.0,1.25,29.0,1.06,29.0,1.03,29.0,1.29,29.0,1.07,29.0,1.19,29.0,1.07,29.0,1.25,29.0,Man Utd
368,368,Casemiro,M,5.0,2.78,79.0,2.35,79.0,2.28,79.0,2.87,79.0,2.39,79.0,2.63,79.0,2.37,79.0,2.77,79.0,Man Utd
378,378,Mainoo,M,5.5,2.95,79.4,2.49,79.4,2.42,79.4,3.04,79.4,2.53,79.4,2.79,79.4,2.52,79.4,2.94,79.4,Man Utd
365,365,Antony,M,6.0,0.86,15.0,0.73,15.0,0.71,15.0,0.89,15.0,0.74,15.0,0.82,15.0,0.74,15.0,0.86,15.0,Man Utd
385,385,Rashford,M,7.0,4.05,69.0,3.43,69.0,3.33,69.0,4.18,69.0,3.48,69.0,3.84,69.0,3.46,69.0,4.04,69.0,Man Utd
382,382,Mount,M,6.5,1.63,31.0,1.38,31.0,1.35,31.0,1.69,31.0,1.4,31.0,1.55,31.0,1.4,31.0,1.63,31.0,Man Utd
372,372,Garnacho,M,6.5,4.8,77.5,4.06,77.5,3.95,77.5,4.96,77.5,4.13,77.5,4.55,77.5,4.11,77.5,4.79,77.5,Man Utd
364,364,Amad,M,5.0,2.06,33.06,1.35,33.06,1.31,33.06,1.65,33.06,1.37,33.06,1.52,33.06,1.37,33.06,1.59,33.06,Man Utd
403,403,Joelinton,M,6.0,3.16,56.0,2.4,56.0,2.02,56.0,1.91,56.0,1.86,56.0,1.56,56.0,1.84,56.0,2.07,56.0,Newcastle
394,394,Bruno G.,M,6.5,4.89,90.0,3.71,90.0,4.0,90.0,3.78,90.0,3.69,90.0,3.1,90.0,3.64,90.0,4.1,90.0,Newcastle
391,391,Almirón,M,6.0,1.68,29.0,1.27,29.0,1.37,29.0,1.3,29.0,1.26,29.0,1.06,29.0,1.25,29.0,1.41,29.0,Newcastle
410,410,Longstaff,M,5.0,3.88,62.58,2.94,62.58,2.31,62.58,2.19,62.58,2.13,62.58,1.79,62.58,2.11,62.58,2.37,62.58,Newcastle
420,420,Willock,M,5.0,2.44,36.43,1.85,36.43,1.33,36.43,1.26,36.43,1.22,36.43,1.03,36.43,1.21,36.43,1.36,36.43,Newcastle
392,392,Barnes,M,6.5,2.97,40.0,2.26,40.0,2.43,40.0,2.3,40.0,2.24,40.0,1.88,40.0,2.21,40.0,2.49,40.0,Newcastle
402,402,J.Murphy,M,5.5,3.51,51.0,2.66,51.0,2.87,51.0,2.71,51.0,2.64,51.0,2.22,51.0,2.61,51.0,2.94,51.0,Newcastle
398,398,Gordon,M,7.5,4.77,78.76,4.52,78.76,5.02,78.76,4.74,78.76,4.62,78.76,3.89,78.76,4.56,78.76,5.14,78.76,Newcastle
417,417,Tonali,M,5.5,0.0,31.41,0.0,31.41,1.7,31.41,1.61,31.41,1.57,31.41,1.32,31.41,1.55,31.41,1.74,31.41,Newcastle
411,411,Miley,M,5.0,0.0,2.98,0.0,2.98,0.0,2.98,0.0,2.98,0.0,2.98,0.41,2.98,0.8,2.98,0.9,2.98,Newcastle
431,431,Dominguez,M,5.0,0.89,25.0,0.91,25.0,0.9,25.0,0.64,25.0,0.75,25.0,0.88,25.0,0.72,25.0,0.87,25.0,Nott'm Forest
433,433,Gibbs-White,M,6.5,4.53,83.5,4.65,83.5,4.6,83.5,3.26,83.5,3.81,83.5,4.5,83.5,3.7,83.5,4.44,83.5,Nott'm Forest
434,434,Hudson-Odoi,M,5.5,3.88,75.5,3.98,75.5,3.94,75.5,2.79,75.5,3.26,75.5,3.86,75.5,3.17,75.5,3.8,75.5,Nott'm Forest
449,449,Yates,M,5.0,2.02,59.0,2.08,59.0,2.06,59.0,1.46,59.0,1.7,59.0,2.01,59.0,1.65,59.0,1.98,59.0,Nott'm Forest
429,429,Danilo,M,5.0,2.63,71.0,2.7,71.0,2.67,71.0,1.89,71.0,2.21,71.0,2.61,71.0,2.14,71.0,2.57,71.0,Nott'm Forest
442,442,Sangaré,M,4.5,1.0,35.0,1.03,35.0,1.02,35.0,0.72,35.0,0.84,35.0,0.99,35.0,0.82,35.0,0.98,35.0,Nott'm Forest
423,423,Anderson,M,5.0,1.85,48.0,1.9,48.0,1.88,48.0,1.33,48.0,1.56,48.0,1.84,48.0,1.51,48.0,1.81,48.0,Nott'm Forest
432,432,Elanga,M,5.5,2.86,56.0,2.93,56.0,2.9,56.0,2.06,56.0,2.4,56.0,2.84,56.0,2.33,56.0,2.8,56.0,Nott'm Forest
584,584,Brereton Díaz,M,5.5,3.35,72.0,4.08,72.0,3.52,72.0,3.87,72.0,4.78,72.0,3.56,72.0,2.59,72.0,4.83,72.0,Southampton
518,518,Downes,M,5.0,1.9,78.58,2.31,78.58,2.0,78.58,2.19,78.58,2.71,78.58,2.02,78.58,1.47,78.58,2.74,78.58,Southampton
471,471,Smallbone,M,5.0,2.35,73.0,2.86,73.0,2.47,73.0,2.71,73.0,3.35,73.0,2.5,73.0,1.82,73.0,3.39,73.0,Southampton
463,463,Lallana,M,5.0,1.25,38.0,1.52,38.0,1.31,38.0,1.44,38.0,1.79,38.0,1.33,38.0,0.97,38.0,1.8,38.0,Southampton
459,459,Edozie,M,5.0,0.77,19.0,0.93,19.0,0.8,19.0,0.88,19.0,1.09,19.0,0.81,19.0,0.59,19.0,1.1,19.0,Southampton
452,452,Aribo,M,5.0,1.88,64.0,2.29,64.0,1.98,64.0,2.17,64.0,2.68,64.0,2.0,64.0,1.46,64.0,2.71,64.0,Southampton
450,450,Alcaraz,M,5.0,2.25,68.0,2.74,68.0,2.36,68.0,2.59,68.0,3.21,68.0,2.39,68.0,1.74,68.0,3.24,68.0,Southampton
491,491,Johnson,M,6.5,4.52,69.5,4.25,69.5,3.56,69.5,3.17,69.5,4.28,69.5,3.62,69.5,3.63,69.5,4.42,69.5,Spurs
499,499,P.M.Sarr,M,5.0,2.43,60.0,2.28,60.0,1.91,60.0,1.7,60.0,2.3,60.0,1.94,60.0,1.95,60.0,2.37,60.0,Spurs
509,509,Werner,M,6.5,1.38,20.0,1.3,20.0,1.09,20.0,0.97,20.0,1.31,20.0,1.11,20.0,1.11,20.0,1.35,20.0,Spurs
493,493,Lo Celso,M,5.0,0.37,7.0,0.35,7.0,0.29,7.0,0.26,7.0,0.35,7.0,0.3,7.0,0.3,7.0,0.36,7.0,Spurs
502,502,Solomon,M,5.5,0.52,8.0,0.48,8.0,0.41,8.0,0.36,8.0,0.49,8.0,0.41,8.0,0.41,8.0,0.5,8.0,Spurs
492,492,Kulusevski,M,6.5,2.38,43.0,2.24,43.0,1.87,43.0,1.67,43.0,2.25,43.0,1.91,43.0,1.91,43.0,2.33,43.0,Spurs
503,503,Son,M,10.0,6.86,87.5,6.44,87.5,5.39,87.5,4.81,87.5,6.49,87.5,5.49,87.5,5.51,87.5,6.71,87.5,Spurs
482,482,Bissouma,M,5.0,2.07,66.0,1.94,66.0,1.63,66.0,1.45,66.0,1.96,66.0,1.66,66.0,1.66,66.0,2.02,66.0,Spurs
494,494,Maddison,M,7.5,4.66,68.0,4.38,68.0,3.67,68.0,3.27,68.0,4.41,68.0,3.73,68.0,3.74,68.0,4.56,68.0,Spurs
480,480,Bentancur,M,5.0,1.85,48.0,1.74,48.0,1.45,48.0,1.3,48.0,1.75,48.0,1.48,48.0,1.48,48.0,1.81,48.0,Spurs
525,525,Kudus,M,6.5,4.28,87.5,3.75,87.5,3.2,87.5,3.81,87.5,4.07,87.5,3.8,87.5,5.16,87.5,3.65,87.5,West Ham
514,514,Bowen,M,7.5,5.24,88.0,4.58,88.0,3.92,88.0,4.66,88.0,4.98,88.0,4.64,88.0,6.31,88.0,4.46,88.0,West Ham
527,527,L.Paquetá,M,6.0,3.58,82.0,3.13,82.0,2.68,82.0,3.18,82.0,3.4,82.0,3.17,82.0,4.31,82.0,3.05,82.0,West Ham
587,587,Summerville,M,6.0,1.21,22.0,1.06,22.0,0.9,22.0,1.07,22.0,1.15,22.0,1.07,22.0,1.45,22.0,1.03,22.0,West Ham
511,511,Álvarez,M,5.0,0.0,50.39,0.81,50.39,1.5,50.39,1.78,50.39,1.9,50.39,1.78,50.39,2.41,50.39,1.71,50.39,West Ham
654,654,C.Soler,M,5.0,0.28,5.0,0.24,5.0,0.21,5.0,0.25,5.0,0.26,5.0,0.25,5.0,0.34,5.0,0.24,5.0,West Ham
530,530,Souček,M,5.0,2.82,75.0,2.47,75.0,2.11,75.0,2.51,75.0,2.68,75.0,2.5,75.0,3.39,75.0,2.4,75.0,West Ham
535,535,Bellegarde,M,5.0,0.73,30.0,1.07,30.0,1.01,30.0,1.09,30.0,0.98,30.0,0.94,30.0,0.99,30.0,0.84,30.0,Wolves
550,550,Hee Chan,M,6.5,2.85,81.0,4.15,81.0,3.92,81.0,4.24,81.0,3.8,81.0,3.66,81.0,3.87,81.0,3.26,81.0,Wolves
553,553,J.Gomes,M,5.0,1.54,83.0,2.24,83.0,2.12,83.0,2.29,83.0,2.06,83.0,1.98,83.0,2.09,83.0,1.77,83.0,Wolves
557,557,Mario Jr.,M,5.0,1.81,84.0,2.64,84.0,2.5,84.0,2.7,84.0,2.42,84.0,2.33,84.0,2.46,84.0,2.08,84.0,Wolves
565,565,Sarabia,M,5.5,1.8,52.0,2.63,52.0,2.48,52.0,2.69,52.0,2.41,52.0,2.32,52.0,2.45,52.0,2.07,52.0,Wolves
2,2,G.Jesus,F,7.0,2.59,40.0,2.17,40.0,2.46,40.0,2.12,40.0,1.61,40.0,3.02,40.0,2.94,40.0,2.23,40.0,Arsenal
4,4,Havertz,F,8.0,4.8,76.0,4.01,76.0,4.56,76.0,3.92,76.0,2.99,76.0,5.6,76.0,5.44,76.0,4.13,76.0,Arsenal
38,38,Duran,F,6.0,1.54,21.13,0.61,21.13,0.87,21.13,0.82,21.13,0.85,21.13,0.86,21.13,0.79,21.13,0.72,21.13,Aston Villa
58,58,Watkins,F,9.0,4.12,84.41,4.35,84.41,6.19,84.41,5.82,84.41,6.02,84.41,6.13,84.41,5.62,84.41,5.14,84.41,Aston Villa
65,65,Enes Ünal,F,5.5,0.0,21.65,0.0,21.65,0.0,21.65,1.66,21.65,2.79,21.65,4.66,21.65,4.24,21.65,2.97,21.65,Bournemouth
108,108,Toney,F,7.5,5.08,85.94,3.65,85.94,5.65,85.94,3.03,85.94,3.98,85.94,4.9,85.94,4.87,85.94,4.01,85.94,Brentford
110,110,Wissa,F,6.0,2.04,39.0,1.5,39.0,2.4,39.0,1.32,39.0,1.73,39.0,2.13,39.0,2.11,39.0,1.74,39.0,Brentford
107,107,Thiago,F,6.0,0.0,0.0,0.0,0.0,0.0,0.0,0.0,0.0,0.0,0.0,0.0,0.0,0.0,0.0,0.0,0.0,Brentford
123,123,Ferguson,F,5.5,0.0,1.74,0.0,1.74,0.0,1.74,0.0,1.74,0.0,1.74,0.0,1.74,0.91,1.74,1.58,1.74,Brighton
148,148,Welbeck,F,5.5,2.95,44.92,2.62,44.92,1.35,44.92,1.99,44.92,1.7,44.92,1.38,44.92,1.6,44.92,1.4,44.92,Brighton
129,129,João Pedro,F,5.5,3.27,69.71,4.2,69.71,2.82,69.71,5.2,69.71,4.43,69.71,3.61,69.71,4.17,69.71,3.64,69.71,Brighton
164,164,D.D.Fofana,F,5.5,0.0,0.0,0.0,0.0,0.0,0.0,0.0,0.0,0.0,0.0,0.0,0.0,0.0,0.0,0.0,0.0,Chelsea
180,180,N.Jackson,F,7.5,2.81,62.0,3.43,62.0,3.78,62.0,3.37,62.0,3.46,62.0,3.72,62.0,3.86,62.0,2.78,62.0,Chelsea
207,207,Mateta,F,7.5,2.14,61.38,3.66,61.38,3.87,61.38,5.63,61.38,4.51,61.38,4.07,61.38,3.88,61.38,4.16,61.38,Crystal Palace
220,220,Calvert-Lewin,F,6.0,4.12,68.32,3.44,68.32,4.02,68.32,3.42,68.32,4.21,68.32,3.94,68.32,3.81,68.32,4.16,68.32,Everton
229,229,Maupay,F,5.0,0.69,15.0,0.59,15.0,0.71,15.0,0.61,15.0,0.75,15.0,0.7,15.0,0.68,15.0,0.74,15.0,Everton
218,218,Beto,F,5.0,1.04,21.0,0.9,21.0,1.08,21.0,0.92,21.0,1.13,21.0,1.06,21.0,1.02,21.0,1.12,21.0,Everton
232,232,Ndiaye,F,5.5,1.73,45.0,1.49,45.0,1.79,45.0,1.52,45.0,1.87,45.0,1.75,45.0,1.7,45.0,1.85,45.0,Everton
258,258,Vinicius,F,5.0,0.13,3.0,0.16,3.0,0.15,3.0,0.15,3.0,0.14,3.0,0.13,3.0,0.09,3.0,0.15,3.0,Fulham
252,252,Raúl,F,5.5,0.9,20.0,1.12,20.0,1.11,20.0,1.09,20.0,1.01,20.0,0.94,20.0,0.68,20.0,1.04,20.0,Fulham
251,251,Muniz,F,6.0,3.53,73.0,4.41,73.0,4.36,73.0,4.31,73.0,4.0,73.0,3.69,73.0,2.66,73.0,4.11,73.0,Fulham
289,289,Daka,F,5.0,1.37,42.72,2.43,42.72,2.73,42.72,2.39,42.72,2.75,42.72,1.78,42.72,2.8,42.72,2.88,42.72,Leicester
316,316,Darwin,F,7.5,3.13,41.0,3.0,41.0,2.54,41.0,3.03,41.0,3.03,41.0,2.7,41.0,2.59,41.0,2.81,41.0,Liverpool
321,321,Gakpo,F,7.5,1.84,43.96,2.83,43.96,2.66,43.96,3.18,43.96,3.18,43.96,2.83,43.96,2.71,43.96,2.95,43.96,Liverpool
272,272,Hirst,F,5.5,2.27,58.65,1.75,58.65,2.76,58.65,2.33,58.65,2.85,58.65,2.71,58.65,2.49,58.65,2.73,58.65,Ipswich
268,268,Delap,F,5.5,1.43,47.0,1.11,47.0,1.74,47.0,1.47,47.0,1.8,47.0,1.71,47.0,1.57,47.0,1.72,47.0,Ipswich
306,306,Vardy,F,5.5,0.17,35.94,1.33,35.94,3.17,35.94,2.77,35.94,3.19,35.94,2.07,35.94,3.25,35.94,3.33,35.94,Leicester
351,351,Haaland,F,15.0,7.05,87.5,10.14,87.5,7.75,87.5,8.55,87.5,6.34,87.5,7.1,87.5,8.58,87.5,7.69,87.5,Man City
352,352,J.Alvarez,F,7.0,0.0,0.0,0.0,0.0,0.0,0.0,0.0,0.0,0.0,0.0,0.0,0.0,0.0,0.0,0.0,0.0,Man City
375,375,Højlund,F,7.0,0.0,15.35,0.0,15.35,0.0,15.35,1.06,15.35,2.12,15.35,2.34,15.35,2.11,15.35,2.46,15.35,Man Utd
389,389,Zirkzee,F,7.0,2.39,60.81,3.03,60.81,2.94,60.81,3.2,60.81,1.97,60.81,2.17,60.81,1.96,60.81,2.28,60.81,Man Utd
590,590,Osula,F,5.0,0.21,5.0,0.16,5.0,0.17,5.0,0.16,5.0,0.16,5.0,0.13,5.0,0.16,5.0,0.18,5.0,Newcastle
401,401,Isak,F,8.5,7.62,79.0,5.79,79.0,5.71,79.0,5.23,79.0,5.09,79.0,4.28,79.0,5.03,79.0,5.67,79.0,Newcastle
421,421,Wilson,F,7.0,0.0,13.74,0.0,13.74,0.64,13.74,1.83,13.74,1.78,13.74,1.5,13.74,1.76,13.74,1.98,13.74,Newcastle
447,447,Wood,F,6.0,4.86,73.15,4.67,73.15,4.4,73.15,3.12,73.15,3.64,73.15,4.31,73.15,3.54,73.15,4.24,73.15,Nott'm Forest
446,446,Ui-jo,F,4.5,0.0,0.0,0.0,0.0,0.0,0.0,0.0,0.0,0.0,0.0,0.0,0.0,0.0,0.0,0.0,0.0,Nott'm Forest
424,424,Awoniyi,F,6.0,1.41,25.0,1.45,25.0,1.43,25.0,1.02,25.0,1.19,25.0,1.4,25.0,1.15,25.0,1.38,25.0,Nott'm Forest
430,430,Dennis,F,5.0,0.23,5.0,0.24,5.0,0.23,5.0,0.16,5.0,0.19,5.0,0.23,5.0,0.19,5.0,0.22,5.0,Nott'm Forest
453,453,Armstrong,F,5.5,3.32,72.0,4.04,72.0,3.49,72.0,3.83,72.0,4.74,72.0,3.53,72.0,2.57,72.0,4.79,72.0,Southampton
473,473,Stewart,F,4.5,1.11,27.0,1.35,27.0,1.16,27.0,1.28,27.0,1.58,27.0,1.18,27.0,0.86,27.0,1.6,27.0,Southampton
468,468,Mara,F,5.0,1.2,30.0,1.46,30.0,1.26,30.0,1.38,30.0,1.71,30.0,1.27,30.0,0.93,30.0,1.73,30.0,Southampton
82,82,Solanke,F,7.5,5.21,79.5,4.89,79.5,4.09,79.5,3.65,79.5,4.93,79.5,4.17,79.5,4.18,79.5,5.09,79.5,Spurs
500,500,Scarlett,F,4.5,0.0,0.0,0.0,0.0,0.0,0.0,0.0,0.0,0.0,0.0,0.0,0.0,0.0,0.0,0.0,0.0,Spurs
497,497,Richarlison,F,7.0,0.99,22.71,1.55,22.71,1.29,22.71,1.15,22.71,1.56,22.71,1.32,22.71,1.32,22.71,1.61,22.71,Spurs
589,589,Füllkrug,F,7.0,3.88,67.0,3.39,67.0,2.9,67.0,3.45,67.0,3.69,67.0,3.44,67.0,4.67,67.0,3.3,67.0,West Ham
523,523,Ings,F,5.0,0.52,10.0,0.46,10.0,0.39,10.0,0.47,10.0,0.5,10.0,0.47,10.0,0.63,10.0,0.45,10.0,West Ham
512,512,Antonio,F,5.5,1.47,31.0,1.29,31.0,1.1,31.0,1.31,31.0,1.4,31.0,1.31,31.0,1.78,31.0,1.26,31.0,West Ham
566,566,Strand Larsen,F,5.5,1.28,42.0,1.86,42.0,1.76,42.0,1.9,42.0,1.7,42.0,1.64,42.0,1.73,42.0,1.46,42.0,Wolves
541,541,Cunha,F,6.5,2.54,79.0,3.7,79.0,3.49,79.0,3.78,79.0,3.39,79.0,3.26,79.0,3.45,79.0,2.91,79.0,Wolves
545,545,Fábio Silva,F,5.0,0.07,3.0,0.11,3.0,0.1,3.0,0.11,3.0,0.1,3.0,0.09,3.0,0.1,3.0,0.08,3.0,Wolves
555,555,Kalajdžić,F,5.0,0.0,0.0,0.0,0.0,0.0,0.0,0.0,0.0,0.0,0.0,0.0,0.0,0.0,0.0,0.0,0.0,Wolves
3,3,Gabriel,D,6.0,,90.0,,90.0,,90.0,,90.0,,90.0,,90.0,,90.0,,90.0,Arsenal
5,5,Hein,G,4.0,,90.0,,90.0,,90.0,,90.0,,90.0,,90.0,,90.0,,90.0,Arsenal
6,6,J.Timber,D,5.5,,90.0,,90.0,,90.0,,90.0,,90.0,,90.0,,90.0,,90.0,Arsenal
8,8,Kiwior,D,4.9,,90.0,,90.0,,90.0,,90.0,,90.0,,90.0,,90.0,,90.0,Arsenal
12,12,Nwaneri,M,4.5,,0.0,,0.0,,0.0,,0.0,,0.0,,0.0,,0.0,,0.0,Arsenal
15,15,Raya,G,5.5,,90.0,,90.0,,90.0,,90.0,,90.0,,90.0,,90.0,,90.0,Arsenal
18,18,Saliba,D,6.0,,90.0,,90.0,,90.0,,90.0,,90.0,,90.0,,90.0,,90.0,Arsenal
21,21,Tierney,D,4.4,,90.0,,90.0,,90.0,,90.0,,90.0,,90.0,,90.0,,90.0,Arsenal
22,22,Tomiyasu,D,4.9,,90.0,,90.0,,90.0,,90.0,,90.0,,90.0,,90.0,,90.0,Arsenal
24,24,White,D,6.5,,90.0,,90.0,,90.0,,90.0,,90.0,,90.0,,90.0,,90.0,Arsenal
25,25,Zinchenko,D,4.9,,90.0,,90.0,,90.0,,90.0,,90.0,,90.0,,90.0,,90.0,Arsenal
73,73,Neto,G,4.5,,90.0,,90.0,,90.0,,90.0,,90.0,,90.0,,90.0,,90.0,Arsenal
186,186,Sterling,M,6.8,,0.0,,0.0,,0.0,,0.0,,0.0,,0.0,,0.0,,0.0,Arsenal
578,578,Calafiori,D,5.8,,90.0,,90.0,,90.0,,90.0,,90.0,,90.0,,90.0,,90.0,Arsenal
597,597,Lewis-Skelly,M,4.5,,0.0,,0.0,,0.0,,0.0,,0.0,,0.0,,0.0,,0.0,Arsenal
633,633,Merino,M,6.0,,0.0,,0.0,,0.0,,0.0,,0.0,,0.0,,0.0,,0.0,Arsenal
638,638,Oulad M'hand,M,4.5,,0.0,,0.0,,0.0,,0.0,,0.0,,0.0,,0.0,,0.0,Arsenal
639,639,Setford,G,4.5,,90.0,,90.0,,90.0,,90.0,,90.0,,90.0,,90.0,,90.0,Arsenal
30,30,Barrenechea,M,4.9,,0.0,,0.0,,0.0,,0.0,,0.0,,0.0,,0.0,,0.0,Aston Villa
32,32,Cash,D,4.4,,90.0,,90.0,,90.0,,90.0,,90.0,,90.0,,90.0,,90.0,Aston Villa
33,33,Dendoncker,M,4.5,,0.0,,0.0,,0.0,,0.0,,0.0,,0.0,,0.0,,0.0,Aston Villa
34,34,Diaby,M,6.5,,0.0,,0.0,,0.0,,0.0,,0.0,,0.0,,0.0,,0.0,Aston Villa
35,35,Diego Carlos,D,4.5,,90.0,,90.0,,90.0,,90.0,,90.0,,90.0,,90.0,,90.0,Aston Villa
36,36,Digne,D,4.5,,90.0,,90.0,,90.0,,90.0,,90.0,,90.0,,90.0,,90.0,Aston Villa
37,37,Dobbin,M,5.0,,0.0,,0.0,,0.0,,0.0,,0.0,,0.0,,0.0,,0.0,Aston Villa
39,39,Gauci,G,4.0,,90.0,,90.0,,90.0,,90.0,,90.0,,90.0,,90.0,,90.0,Aston Villa
40,40,Hause,D,4.0,,90.0,,90.0,,90.0,,90.0,,90.0,,90.0,,90.0,,90.0,Aston Villa
41,41,Iling Jr,M,5.4,,0.0,,0.0,,0.0,,0.0,,0.0,,0.0,,0.0,,0.0,Aston Villa
43,43,Kesler-Hayden,D,4.0,,90.0,,90.0,,90.0,,90.0,,90.0,,90.0,,90.0,,90.0,Aston Villa
44,44,Konsa,D,4.5,,90.0,,90.0,,90.0,,90.0,,90.0,,90.0,,90.0,,90.0,Aston Villa
45,45,Maatsen,D,4.9,,90.0,,90.0,,90.0,,90.0,,90.0,,90.0,,90.0,,90.0,Aston Villa
46,46,Marschall,G,4.0,,90.0,,90.0,,90.0,,90.0,,90.0,,90.0,,90.0,,90.0,Aston Villa
47,47,Martinez,G,5.0,,90.0,,90.0,,90.0,,90.0,,90.0,,90.0,,90.0,,90.0,Aston Villa
49,49,Mings,D,4.4,,90.0,,90.0,,90.0,,90.0,,90.0,,90.0,,90.0,,90.0,Aston Villa
50,50,Nedeljkovic,D,4.0,,90.0,,90.0,,90.0,,90.0,,90.0,,90.0,,90.0,,90.0,Aston Villa
51,51,Olsen,G,4.5,,90.0,,90.0,,90.0,,90.0,,90.0,,90.0,,90.0,,90.0,Aston Villa
52,52,Pau,D,4.5,,90.0,,90.0,,90.0,,90.0,,90.0,,90.0,,90.0,,90.0,Aston Villa
55,55,Sinisalo,G,4.0,,90.0,,90.0,,90.0,,90.0,,90.0,,90.0,,90.0,,90.0,Aston Villa
56,56,Sousa,D,4.0,,90.0,,90.0,,90.0,,90.0,,90.0,,90.0,,90.0,,90.0,Aston Villa
598,598,Bogarde,D,4.0,,90.0,,90.0,,90.0,,90.0,,90.0,,90.0,,90.0,,90.0,Aston Villa
640,640,Swinkels,D,4.0,,90.0,,90.0,,90.0,,90.0,,90.0,,90.0,,90.0,,90.0,Aston Villa
641,641,Zych,G,4.0,,90.0,,90.0,,90.0,,90.0,,90.0,,90.0,,90.0,,90.0,Aston Villa
59,59,Aarons,D,4.5,,90.0,,90.0,,90.0,,90.0,,90.0,,90.0,,90.0,,90.0,Bournemouth
60,60,Adams,M,5.0,,0.0,,0.0,,0.0,,0.0,,0.0,,0.0,,0.0,,0.0,Bournemouth
61,61,Anthony,M,4.5,,0.0,,0.0,,0.0,,0.0,,0.0,,0.0,,0.0,,0.0,Bournemouth
66,66,Faivre,M,5.0,,0.0,,0.0,,0.0,,0.0,,0.0,,0.0,,0.0,,0.0,Bournemouth
67,67,H.Traorè,M,4.5,,0.0,,0.0,,0.0,,0.0,,0.0,,0.0,,0.0,,0.0,Bournemouth
68,68,Hill,D,4.0,,90.0,,90.0,,90.0,,90.0,,90.0,,90.0,,90.0,,90.0,Bournemouth
69,69,Jebbison,F,4.5,,0.0,,0.0,,0.0,,0.0,,0.0,,0.0,,0.0,,0.0,Bournemouth
70,70,Kerkez,D,4.5,,90.0,,90.0,,90.0,,90.0,,90.0,,90.0,,90.0,,90.0,Bournemouth
72,72,Mepham,D,4.4,,90.0,,90.0,,90.0,,90.0,,90.0,,90.0,,90.0,,90.0,Bournemouth
75,75,Paulsen,G,4.0,,90.0,,90.0,,90.0,,90.0,,90.0,,90.0,,90.0,,90.0,Bournemouth
79,79,Senesi,D,4.9,,90.0,,90.0,,90.0,,90.0,,90.0,,90.0,,90.0,,90.0,Bournemouth
81,81,Smith,D,4.5,,90.0,,90.0,,90.0,,90.0,,90.0,,90.0,,90.0,,90.0,Bournemouth
84,84,Travers,G,4.5,,90.0,,90.0,,90.0,,90.0,,90.0,,90.0,,90.0,,90.0,Bournemouth
85,85,Zabarnyi,D,4.5,,90.0,,90.0,,90.0,,90.0,,90.0,,90.0,,90.0,,90.0,Bournemouth
152,152,Arrizabalaga,G,4.5,,90.0,,90.0,,90.0,,90.0,,90.0,,90.0,,90.0,,90.0,Bournemouth
580,580,Huijsen,D,4.5,,90.0,,90.0,,90.0,,90.0,,90.0,,90.0,,90.0,,90.0,Bournemouth
592,592,J.Araujo,D,4.5,,90.0,,90.0,,90.0,,90.0,,90.0,,90.0,,90.0,,90.0,Bournemouth
599,599,Dennis,G,4.0,,90.0,,90.0,,90.0,,90.0,,90.0,,90.0,,90.0,,90.0,Bournemouth
617,617,Evanilson,F,6.0,,0.0,,0.0,,0.0,,0.0,,0.0,,0.0,,0.0,,0.0,Bournemouth
86,86,Ajer,D,4.5,,90.0,,90.0,,90.0,,90.0,,90.0,,90.0,,90.0,,90.0,Brentford
87,87,Brierley,M,4.5,,0.0,,0.0,,0.0,,0.0,,0.0,,0.0,,0.0,,0.0,Brentford
88,88,Collins,D,4.5,,90.0,,90.0,,90.0,,90.0,,90.0,,90.0,,90.0,,90.0,Brentford
91,91,Flekken,G,4.5,,90.0,,90.0,,90.0,,90.0,,90.0,,90.0,,90.0,,90.0,Brentford
92,92,Henry,D,4.4,,90.0,,90.0,,90.0,,90.0,,90.0,,90.0,,90.0,,90.0,Brentford
93,93,Hickey,D,4.4,,90.0,,90.0,,90.0,,90.0,,90.0,,90.0,,90.0,,90.0,Brentford
96,96,Ji-soo,D,4.0,,90.0,,90.0,,90.0,,90.0,,90.0,,90.0,,90.0,,90.0,Brentford
97,97,Konak,M,4.5,,0.0,,0.0,,0.0,,0.0,,0.0,,0.0,,0.0,,0.0,Brentford
100,100,Mee,D,4.4,,90.0,,90.0,,90.0,,90.0,,90.0,,90.0,,90.0,,90.0,Brentford
103,103,Peart-Harris,M,4.5,,0.0,,0.0,,0.0,,0.0,,0.0,,0.0,,0.0,,0.0,Brentford
104,104,Pinnock,D,4.5,,90.0,,90.0,,90.0,,90.0,,90.0,,90.0,,90.0,,90.0,Brentford
105,105,Roerslev,D,4.5,,90.0,,90.0,,90.0,,90.0,,90.0,,90.0,,90.0,,90.0,Brentford
109,109,Valdimarsson,G,4.0,,90.0,,90.0,,90.0,,90.0,,90.0,,90.0,,90.0,,90.0,Brentford
111,111,Yarmoliuk,M,4.5,,0.0,,0.0,,0.0,,0.0,,0.0,,0.0,,0.0,,0.0,Brentford
112,112,Zanka,D,4.5,,90.0,,90.0,,90.0,,90.0,,90.0,,90.0,,90.0,,90.0,Brentford
338,338,Van den Berg,D,4.0,,90.0,,90.0,,90.0,,90.0,,90.0,,90.0,,90.0,,90.0,Brentford
602,602,Trevitt,M,4.5,,0.0,,0.0,,0.0,,0.0,,0.0,,0.0,,0.0,,0.0,Brentford
634,634,G.Nunes,M,5.0,,0.0,,0.0,,0.0,,0.0,,0.0,,0.0,,0.0,,0.0,Brentford
649,649,Meghoma,D,4.0,,90.0,,90.0,,90.0,,90.0,,90.0,,90.0,,90.0,,90.0,Brentford
114,114,Baker-Boaitey,M,4.5,,0.0,,0.0,,0.0,,0.0,,0.0,,0.0,,0.0,,0.0,Brighton
116,116,Barco,D,4.0,,90.0,,90.0,,90.0,,90.0,,90.0,,90.0,,90.0,,90.0,Brighton
118,118,Cozier-Duberry,M,4.5,,0.0,,0.0,,0.0,,0.0,,0.0,,0.0,,0.0,,0.0,Brighton
120,120,Dunk,D,4.5,,90.0,,90.0,,90.0,,90.0,,90.0,,90.0,,90.0,,90.0,Brighton
122,122,Estupiñan,D,5.0,,90.0,,90.0,,90.0,,90.0,,90.0,,90.0,,90.0,,90.0,Brighton
125,125,Gross,M,6.5,,0.0,,0.0,,0.0,,0.0,,0.0,,0.0,,0.0,,0.0,Brighton
126,126,Hinshelwood,M,5.0,,0.0,,0.0,,0.0,,0.0,,0.0,,0.0,,0.0,,0.0,Brighton
128,128,Igor,D,4.4,,90.0,,90.0,,90.0,,90.0,,90.0,,90.0,,90.0,,90.0,Brighton
130,130,Kozlowski,M,4.5,,0.0,,0.0,,0.0,,0.0,,0.0,,0.0,,0.0,,0.0,Brighton
131,131,Lamptey,D,4.5,,90.0,,90.0,,90.0,,90.0,,90.0,,90.0,,90.0,,90.0,Brighton
133,133,Mazilu,M,4.5,,0.0,,0.0,,0.0,,0.0,,0.0,,0.0,,0.0,,0.0,Brighton
137,137,Moder,M,4.5,,0.0,,0.0,,0.0,,0.0,,0.0,,0.0,,0.0,,0.0,Brighton
138,138,O’Mahony,F,4.5,,0.0,,0.0,,0.0,,0.0,,0.0,,0.0,,0.0,,0.0,Brighton
139,139,Offiah,D,4.0,,90.0,,90.0,,90.0,,90.0,,90.0,,90.0,,90.0,,90.0,Brighton
140,140,Peupion,M,4.5,,0.0,,0.0,,0.0,,0.0,,0.0,,0.0,,0.0,,0.0,Brighton
141,141,Sarmiento,M,4.9,,0.0,,0.0,,0.0,,0.0,,0.0,,0.0,,0.0,,0.0,Brighton
142,142,Steele,G,4.5,,90.0,,90.0,,90.0,,90.0,,90.0,,90.0,,90.0,,90.0,Brighton
143,143,Undav,F,5.5,,0.0,,0.0,,0.0,,0.0,,0.0,,0.0,,0.0,,0.0,Brighton
144,144,Van Hecke,D,4.5,,90.0,,90.0,,90.0,,90.0,,90.0,,90.0,,90.0,,90.0,Brighton
145,145,Veltman,D,4.5,,90.0,,90.0,,90.0,,90.0,,90.0,,90.0,,90.0,,90.0,Brighton
146,146,Verbruggen,G,4.5,,90.0,,90.0,,90.0,,90.0,,90.0,,90.0,,90.0,,90.0,Brighton
147,147,Webster,D,4.5,,90.0,,90.0,,90.0,,90.0,,90.0,,90.0,,90.0,,90.0,Brighton
595,595,Gruda,M,5.5,,0.0,,0.0,,0.0,,0.0,,0.0,,0.0,,0.0,,0.0,Brighton
600,600,Ayari,M,5.0,,0.0,,0.0,,0.0,,0.0,,0.0,,0.0,,0.0,,0.0,Brighton
601,601,Moran,M,5.0,,0.0,,0.0,,0.0,,0.0,,0.0,,0.0,,0.0,,0.0,Brighton
615,615,Rushworth,G,4.0,,90.0,,90.0,,90.0,,90.0,,90.0,,90.0,,90.0,,90.0,Brighton
618,618,Georginio,M,5.5,,0.0,,0.0,,0.0,,0.0,,0.0,,0.0,,0.0,,0.0,Brighton
628,628,F.Kadıoğlu,D,4.5,,90.0,,90.0,,90.0,,90.0,,90.0,,90.0,,90.0,,90.0,Brighton
629,629,O'Riley,M,5.5,,0.0,,0.0,,0.0,,0.0,,0.0,,0.0,,0.0,,0.0,Brighton
150,150,Andrey Santos,M,4.5,,0.0,,0.0,,0.0,,0.0,,0.0,,0.0,,0.0,,0.0,Chelsea
151,151,Ângelo,M,4.5,,0.0,,0.0,,0.0,,0.0,,0.0,,0.0,,0.0,,0.0,Chelsea
153,153,B.Badiashile,D,4.5,,90.0,,90.0,,90.0,,90.0,,90.0,,90.0,,90.0,,90.0,Chelsea
154,154,Bergström,G,4.0,,90.0,,90.0,,90.0,,90.0,,90.0,,90.0,,90.0,,90.0,Chelsea
155,155,Bettinelli,G,4.0,,90.0,,90.0,,90.0,,90.0,,90.0,,90.0,,90.0,,90.0,Chelsea
158,158,Casadei,M,4.5,,0.0,,0.0,,0.0,,0.0,,0.0,,0.0,,0.0,,0.0,Chelsea
160,160,Chilwell,D,4.9,,90.0,,90.0,,90.0,,90.0,,90.0,,90.0,,90.0,,90.0,Chelsea
162,162,Colwill,D,4.5,,90.0,,90.0,,90.0,,90.0,,90.0,,90.0,,90.0,,90.0,Chelsea
163,163,Cucurella,D,5.0,,90.0,,90.0,,90.0,,90.0,,90.0,,90.0,,90.0,,90.0,Chelsea
165,165,Deivid,F,5.0,,0.0,,0.0,,0.0,,0.0,,0.0,,0.0,,0.0,,0.0,Chelsea
167,167,Disasi,D,4.4,,90.0,,90.0,,90.0,,90.0,,90.0,,90.0,,90.0,,90.0,Chelsea
170,170,Gilchrist,D,4.0,,90.0,,90.0,,90.0,,90.0,,90.0,,90.0,,90.0,,90.0,Chelsea
171,171,Gusto,D,5.0,,90.0,,90.0,,90.0,,90.0,,90.0,,90.0,,90.0,,90.0,Chelsea
172,172,James,D,5.0,,90.0,,90.0,,90.0,,90.0,,90.0,,90.0,,90.0,,90.0,Chelsea
173,173,Kellyman,M,4.5,,0.0,,0.0,,0.0,,0.0,,0.0,,0.0,,0.0,,0.0,Chelsea
175,175,Lukaku,F,6.3,,0.0,,0.0,,0.0,,0.0,,0.0,,0.0,,0.0,,0.0,Chelsea
176,176,M.Sarr,D,4.5,,90.0,,90.0,,90.0,,90.0,,90.0,,90.0,,90.0,,90.0,Chelsea
178,178,Marc Guiu,F,5.0,,0.0,,0.0,,0.0,,0.0,,0.0,,0.0,,0.0,,0.0,Chelsea
183,183,Petrović,G,4.4,,90.0,,90.0,,90.0,,90.0,,90.0,,90.0,,90.0,,90.0,Chelsea
185,185,Sánchez,G,4.5,,90.0,,90.0,,90.0,,90.0,,90.0,,90.0,,90.0,,90.0,Chelsea
187,187,Tosin,D,4.4,,90.0,,90.0,,90.0,,90.0,,90.0,,90.0,,90.0,,90.0,Chelsea
189,189,W.Fofana,D,4.5,,90.0,,90.0,,90.0,,90.0,,90.0,,90.0,,90.0,,90.0,Chelsea
386,386,Sancho,M,6.3,,0.0,,0.0,,0.0,,0.0,,0.0,,0.0,,0.0,,0.0,Chelsea
575,575,Wiley,D,4.0,,90.0,,90.0,,90.0,,90.0,,90.0,,90.0,,90.0,,90.0,Chelsea
581,581,Jørgensen,G,4.4,,90.0,,90.0,,90.0,,90.0,,90.0,,90.0,,90.0,,90.0,Chelsea
621,621,João Félix,M,6.5,,0.0,,0.0,,0.0,,0.0,,0.0,,0.0,,0.0,,0.0,Chelsea
11,11,Nketiah,F,5.9,,0.0,,0.0,,0.0,,0.0,,0.0,,0.0,,0.0,,0.0,Crystal Palace
159,159,Chalobah,D,4.4,,90.0,,90.0,,90.0,,90.0,,90.0,,90.0,,90.0,,90.0,Crystal Palace
190,190,Ahamada,M,4.5,,0.0,,0.0,,0.0,,0.0,,0.0,,0.0,,0.0,,0.0,Crystal Palace
193,193,C.Doucouré,M,4.9,,0.0,,0.0,,0.0,,0.0,,0.0,,0.0,,0.0,,0.0,Crystal Palace
194,194,C.Richards,D,4.5,,90.0,,90.0,,90.0,,90.0,,90.0,,90.0,,90.0,,90.0,Crystal Palace
195,195,Chadi Riad,D,4.4,,90.0,,90.0,,90.0,,90.0,,90.0,,90.0,,90.0,,90.0,Crystal Palace
196,196,Clyne,D,4.4,,90.0,,90.0,,90.0,,90.0,,90.0,,90.0,,90.0,,90.0,Crystal Palace
197,197,Ebiowei,M,4.5,,0.0,,0.0,,0.0,,0.0,,0.0,,0.0,,0.0,,0.0,Crystal Palace
200,200,Guéhi,D,4.5,,90.0,,90.0,,90.0,,90.0,,90.0,,90.0,,90.0,,90.0,Crystal Palace
201,201,Henderson,G,4.5,,90.0,,90.0,,90.0,,90.0,,90.0,,90.0,,90.0,,90.0,Crystal Palace
202,202,Holding,D,4.4,,90.0,,90.0,,90.0,,90.0,,90.0,,90.0,,90.0,,90.0,Crystal Palace
209,209,Matthews,G,4.0,,90.0,,90.0,,90.0,,90.0,,90.0,,90.0,,90.0,,90.0,Crystal Palace
210,210,Mitchell,D,4.9,,90.0,,90.0,,90.0,,90.0,,90.0,,90.0,,90.0,,90.0,Crystal Palace
211,211,Muñoz,D,5.0,,90.0,,90.0,,90.0,,90.0,,90.0,,90.0,,90.0,,90.0,Crystal Palace
212,212,Ozoh,M,4.5,,0.0,,0.0,,0.0,,0.0,,0.0,,0.0,,0.0,,0.0,Crystal Palace
213,213,Rak-Sakyi,M,4.5,,0.0,,0.0,,0.0,,0.0,,0.0,,0.0,,0.0,,0.0,Crystal Palace
215,215,Ward,D,4.4,,90.0,,90.0,,90.0,,90.0,,90.0,,90.0,,90.0,,90.0,Crystal Palace
445,445,Turner,G,4.0,,90.0,,90.0,,90.0,,90.0,,90.0,,90.0,,90.0,,90.0,Crystal Palace
644,644,Umeh-Chibueze,M,4.5,,0.0,,0.0,,0.0,,0.0,,0.0,,0.0,,0.0,,0.0,Crystal Palace
645,645,Devenny,M,4.5,,0.0,,0.0,,0.0,,0.0,,0.0,,0.0,,0.0,,0.0,Crystal Palace
646,646,Agbinone,M,4.5,,0.0,,0.0,,0.0,,0.0,,0.0,,0.0,,0.0,,0.0,Crystal Palace
650,650,Lacroix,D,4.5,,90.0,,90.0,,90.0,,90.0,,90.0,,90.0,,90.0,,90.0,Crystal Palace
156,156,Broja,F,5.5,,0.0,,0.0,,0.0,,0.0,,0.0,,0.0,,0.0,,0.0,Everton
219,219,Branthwaite,D,4.9,,90.0,,90.0,,90.0,,90.0,,90.0,,90.0,,90.0,,90.0,Everton
221,221,Coleman,D,4.4,,90.0,,90.0,,90.0,,90.0,,90.0,,90.0,,90.0,,90.0,Everton
225,225,Holgate,D,4.0,,90.0,,90.0,,90.0,,90.0,,90.0,,90.0,,90.0,,90.0,Everton
226,226,Iroegbunam,M,4.5,,0.0,,0.0,,0.0,,0.0,,0.0,,0.0,,0.0,,0.0,Everton
227,227,J.Virginia,G,4.0,,90.0,,90.0,,90.0,,90.0,,90.0,,90.0,,90.0,,90.0,Everton
228,228,Keane,D,4.0,,90.0,,90.0,,90.0,,90.0,,90.0,,90.0,,90.0,,90.0,Everton
231,231,Mykolenko,D,4.4,,90.0,,90.0,,90.0,,90.0,,90.0,,90.0,,90.0,,90.0,Everton
234,234,Patterson,D,4.4,,90.0,,90.0,,90.0,,90.0,,90.0,,90.0,,90.0,,90.0,Everton
235,235,Pickford,G,4.9,,90.0,,90.0,,90.0,,90.0,,90.0,,90.0,,90.0,,90.0,Everton
236,236,Tarkowski,D,4.9,,90.0,,90.0,,90.0,,90.0,,90.0,,90.0,,90.0,,90.0,Everton
237,237,Y. Chermiti,F,5.0,,0.0,,0.0,,0.0,,0.0,,0.0,,0.0,,0.0,,0.0,Everton
238,238,Young,D,4.5,,90.0,,90.0,,90.0,,90.0,,90.0,,90.0,,90.0,,90.0,Everton
577,577,Lindstrøm,M,5.3,,0.0,,0.0,,0.0,,0.0,,0.0,,0.0,,0.0,,0.0,Everton
582,582,O'Brien,D,4.9,,90.0,,90.0,,90.0,,90.0,,90.0,,90.0,,90.0,,90.0,Everton
603,603,Armstrong,M,4.5,,0.0,,0.0,,0.0,,0.0,,0.0,,0.0,,0.0,,0.0,Everton
614,614,Metcalfe,M,4.5,,0.0,,0.0,,0.0,,0.0,,0.0,,0.0,,0.0,,0.0,Everton
624,624,Begovic,G,4.0,,90.0,,90.0,,90.0,,90.0,,90.0,,90.0,,90.0,,90.0,Everton
627,627,Dixon,D,4.0,,90.0,,90.0,,90.0,,90.0,,90.0,,90.0,,90.0,,90.0,Everton
651,651,Mangala,M,5.0,,0.0,,0.0,,0.0,,0.0,,0.0,,0.0,,0.0,,0.0,Everton
10,10,Nelson,M,5.0,,0.0,,0.0,,0.0,,0.0,,0.0,,0.0,,0.0,,0.0,Fulham
191,191,Andersen,D,4.4,,90.0,,90.0,,90.0,,90.0,,90.0,,90.0,,90.0,,90.0,Fulham
241,241,Bassey,D,4.5,,90.0,,90.0,,90.0,,90.0,,90.0,,90.0,,90.0,,90.0,Fulham
242,242,Benda,G,4.0,,90.0,,90.0,,90.0,,90.0,,90.0,,90.0,,90.0,,90.0,Fulham
244,244,Castagne,D,4.4,,90.0,,90.0,,90.0,,90.0,,90.0,,90.0,,90.0,,90.0,Fulham
245,245,Diop,D,4.5,,90.0,,90.0,,90.0,,90.0,,90.0,,90.0,,90.0,,90.0,Fulham
246,246,Harris,M,4.5,,0.0,,0.0,,0.0,,0.0,,0.0,,0.0,,0.0,,0.0,Fulham
248,248,Leno,G,5.0,,90.0,,90.0,,90.0,,90.0,,90.0,,90.0,,90.0,,90.0,Fulham
250,250,Mbabu,D,4.0,,90.0,,90.0,,90.0,,90.0,,90.0,,90.0,,90.0,,90.0,Fulham
253,253,Ream,D,4.5,,90.0,,90.0,,90.0,,90.0,,90.0,,90.0,,90.0,,90.0,Fulham
255,255,Robinson,D,4.6,,90.0,,90.0,,90.0,,90.0,,90.0,,90.0,,90.0,,90.0,Fulham
256,256,Stansfield,F,5.0,,0.0,,0.0,,0.0,,0.0,,0.0,,0.0,,0.0,,0.0,Fulham
257,257,Tete,D,4.5,,90.0,,90.0,,90.0,,90.0,,90.0,,90.0,,90.0,,90.0,Fulham
579,579,Sessegnon,D,4.4,,90.0,,90.0,,90.0,,90.0,,90.0,,90.0,,90.0,,90.0,Fulham
586,586,J.Cuenca,D,4.4,,90.0,,90.0,,90.0,,90.0,,90.0,,90.0,,90.0,,90.0,Fulham
604,604,King,M,4.5,,0.0,,0.0,,0.0,,0.0,,0.0,,0.0,,0.0,,0.0,Fulham
605,605,Godo,M,4.5,,0.0,,0.0,,0.0,,0.0,,0.0,,0.0,,0.0,,0.0,Fulham
622,622,Berge,M,5.0,,0.0,,0.0,,0.0,,0.0,,0.0,,0.0,,0.0,,0.0,Fulham
260,260,Al-Hamadi,F,5.0,,0.0,,0.0,,0.0,,0.0,,0.0,,0.0,,0.0,,0.0,Ipswich
261,261,Baggott,D,4.0,,90.0,,90.0,,90.0,,90.0,,90.0,,90.0,,90.0,,90.0,Ipswich
263,263,Burgess,D,4.0,,90.0,,90.0,,90.0,,90.0,,90.0,,90.0,,90.0,,90.0,Ipswich
266,266,H.Clarke,D,4.0,,90.0,,90.0,,90.0,,90.0,,90.0,,90.0,,90.0,,90.0,Ipswich
267,267,Davis,D,4.5,,90.0,,90.0,,90.0,,90.0,,90.0,,90.0,,90.0,,90.0,Ipswich
269,269,Edmundson,D,4.0,,90.0,,90.0,,90.0,,90.0,,90.0,,90.0,,90.0,,90.0,Ipswich
270,270,Greaves,D,4.0,,90.0,,90.0,,90.0,,90.0,,90.0,,90.0,,90.0,,90.0,Ipswich
271,271,Harness,M,4.9,,0.0,,0.0,,0.0,,0.0,,0.0,,0.0,,0.0,,0.0,Ipswich
273,273,Humphreys,M,4.5,,0.0,,0.0,,0.0,,0.0,,0.0,,0.0,,0.0,,0.0,Ipswich
275,275,Johnson,D,4.0,,90.0,,90.0,,90.0,,90.0,,90.0,,90.0,,90.0,,90.0,Ipswich
276,276,Ladapo,F,4.5,,0.0,,0.0,,0.0,,0.0,,0.0,,0.0,,0.0,,0.0,Ipswich
279,279,Ndaba,D,4.0,,90.0,,90.0,,90.0,,90.0,,90.0,,90.0,,90.0,,90.0,Ipswich
280,280,Slicker,G,4.0,,90.0,,90.0,,90.0,,90.0,,90.0,,90.0,,90.0,,90.0,Ipswich
281,281,Taylor,M,4.9,,0.0,,0.0,,0.0,,0.0,,0.0,,0.0,,0.0,,0.0,Ipswich
282,282,Tuanzebe,D,4.0,,90.0,,90.0,,90.0,,90.0,,90.0,,90.0,,90.0,,90.0,Ipswich
283,283,Walton,G,4.5,,90.0,,90.0,,90.0,,90.0,,90.0,,90.0,,90.0,,90.0,Ipswich
284,284,Woolfenden,D,4.0,,90.0,,90.0,,90.0,,90.0,,90.0,,90.0,,90.0,,90.0,Ipswich
359,359,Phillips,M,5.0,,0.0,,0.0,,0.0,,0.0,,0.0,,0.0,,0.0,,0.0,Ipswich
568,568,Muric,G,4.4,,90.0,,90.0,,90.0,,90.0,,90.0,,90.0,,90.0,,90.0,Ipswich
583,583,Townsend,D,4.0,,90.0,,90.0,,90.0,,90.0,,90.0,,90.0,,90.0,,90.0,Ipswich
611,611,Szmodics,M,6.0,,0.0,,0.0,,0.0,,0.0,,0.0,,0.0,,0.0,,0.0,Ipswich
619,619,Cajuste,M,4.5,,0.0,,0.0,,0.0,,0.0,,0.0,,0.0,,0.0,,0.0,Ipswich
630,630,O'Shea,D,4.0,,90.0,,90.0,,90.0,,90.0,,90.0,,90.0,,90.0,,90.0,Ipswich
631,631,J.Clarke,M,5.5,,0.0,,0.0,,0.0,,0.0,,0.0,,0.0,,0.0,,0.0,Ipswich
632,632,Ogbene,M,5.0,,0.0,,0.0,,0.0,,0.0,,0.0,,0.0,,0.0,,0.0,Ipswich
192,192,J.Ayew,M,5.4,,0.0,,0.0,,0.0,,0.0,,0.0,,0.0,,0.0,,0.0,Leicester
198,198,Edouard,F,5.4,,0.0,,0.0,,0.0,,0.0,,0.0,,0.0,,0.0,,0.0,Leicester
286,286,Cannon,F,4.5,,0.0,,0.0,,0.0,,0.0,,0.0,,0.0,,0.0,,0.0,Leicester
288,288,Coady,D,4.0,,90.0,,90.0,,90.0,,90.0,,90.0,,90.0,,90.0,,90.0,Leicester
291,291,Faes,D,4.1,,90.0,,90.0,,90.0,,90.0,,90.0,,90.0,,90.0,,90.0,Leicester
292,292,Golding,M,4.5,,0.0,,0.0,,0.0,,0.0,,0.0,,0.0,,0.0,,0.0,Leicester
293,293,Hermansen,G,4.5,,90.0,,90.0,,90.0,,90.0,,90.0,,90.0,,90.0,,90.0,Leicester
294,294,Iversen,G,4.0,,90.0,,90.0,,90.0,,90.0,,90.0,,90.0,,90.0,,90.0,Leicester
295,295,Justin,D,4.5,,90.0,,90.0,,90.0,,90.0,,90.0,,90.0,,90.0,,90.0,Leicester
296,296,Kristiansen,D,4.5,,90.0,,90.0,,90.0,,90.0,,90.0,,90.0,,90.0,,90.0,Leicester
297,297,Marcal,M,4.5,,0.0,,0.0,,0.0,,0.0,,0.0,,0.0,,0.0,,0.0,Leicester
299,299,McAteer,M,4.9,,0.0,,0.0,,0.0,,0.0,,0.0,,0.0,,0.0,,0.0,Leicester
301,301,Okoli,D,4.0,,90.0,,90.0,,90.0,,90.0,,90.0,,90.0,,90.0,,90.0,Leicester
302,302,Ricardo,D,4.4,,90.0,,90.0,,90.0,,90.0,,90.0,,90.0,,90.0,,90.0,Leicester
303,303,Souttar,D,4.0,,90.0,,90.0,,90.0,,90.0,,90.0,,90.0,,90.0,,90.0,Leicester
304,304,Stolarczyk,G,4.0,,90.0,,90.0,,90.0,,90.0,,90.0,,90.0,,90.0,,90.0,Leicester
305,305,Thomas,D,4.0,,90.0,,90.0,,90.0,,90.0,,90.0,,90.0,,90.0,,90.0,Leicester
307,307,Vestergaard,D,4.0,,90.0,,90.0,,90.0,,90.0,,90.0,,90.0,,90.0,,90.0,Leicester
308,308,Ward,G,4.0,,90.0,,90.0,,90.0,,90.0,,90.0,,90.0,,90.0,,90.0,Leicester
501,501,Skipp,M,4.9,,0.0,,0.0,,0.0,,0.0,,0.0,,0.0,,0.0,,0.0,Leicester
606,606,Alves,M,4.5,,0.0,,0.0,,0.0,,0.0,,0.0,,0.0,,0.0,,0.0,Leicester
616,616,Nelson,D,4.0,,90.0,,90.0,,90.0,,90.0,,90.0,,90.0,,90.0,,90.0,Leicester
635,635,El Khannouss,M,5.0,,0.0,,0.0,,0.0,,0.0,,0.0,,0.0,,0.0,,0.0,Leicester
310,310,A.Becker,G,5.5,,90.0,,90.0,,90.0,,90.0,,90.0,,90.0,,90.0,,90.0,Liverpool
311,311,Alexander-Arnold,D,7.0,,90.0,,90.0,,90.0,,90.0,,90.0,,90.0,,90.0,,90.0,Liverpool
312,312,Bajcetic,M,4.5,,0.0,,0.0,,0.0,,0.0,,0.0,,0.0,,0.0,,0.0,Liverpool
313,313,Bradley,D,4.9,,90.0,,90.0,,90.0,,90.0,,90.0,,90.0,,90.0,,90.0,Liverpool
315,315,Clark,M,4.5,,0.0,,0.0,,0.0,,0.0,,0.0,,0.0,,0.0,,0.0,Liverpool
318,318,Doak,M,4.5,,0.0,,0.0,,0.0,,0.0,,0.0,,0.0,,0.0,,0.0,Liverpool
322,322,Gomez,D,4.9,,90.0,,90.0,,90.0,,90.0,,90.0,,90.0,,90.0,,90.0,Liverpool
325,325,Kelleher,G,4.4,,90.0,,90.0,,90.0,,90.0,,90.0,,90.0,,90.0,,90.0,Liverpool
326,326,Konaté,D,5.0,,90.0,,90.0,,90.0,,90.0,,90.0,,90.0,,90.0,,90.0,Liverpool
330,330,McConnell,M,4.5,,0.0,,0.0,,0.0,,0.0,,0.0,,0.0,,0.0,,0.0,Liverpool
331,331,Morton,M,4.5,,0.0,,0.0,,0.0,,0.0,,0.0,,0.0,,0.0,,0.0,Liverpool
332,332,N.Phillips,D,4.0,,90.0,,90.0,,90.0,,90.0,,90.0,,90.0,,90.0,,90.0,Liverpool
333,333,Quansah,D,4.3,,90.0,,90.0,,90.0,,90.0,,90.0,,90.0,,90.0,,90.0,Liverpool
334,334,R.Williams,D,4.0,,90.0,,90.0,,90.0,,90.0,,90.0,,90.0,,90.0,,90.0,Liverpool
335,335,Robertson,D,6.0,,90.0,,90.0,,90.0,,90.0,,90.0,,90.0,,90.0,,90.0,Liverpool
337,337,Tsimikas,D,4.8,,90.0,,90.0,,90.0,,90.0,,90.0,,90.0,,90.0,,90.0,Liverpool
339,339,Virgil,D,6.0,,90.0,,90.0,,90.0,,90.0,,90.0,,90.0,,90.0,,90.0,Liverpool
636,636,Chiesa,M,7.0,,0.0,,0.0,,0.0,,0.0,,0.0,,0.0,,0.0,,0.0,Liverpool
340,340,Akanji,D,5.5,,90.0,,90.0,,90.0,,90.0,,90.0,,90.0,,90.0,,90.0,Man City
341,341,Aké,D,5.4,,90.0,,90.0,,90.0,,90.0,,90.0,,90.0,,90.0,,90.0,Man City
344,344,Carson,G,4.0,,90.0,,90.0,,90.0,,90.0,,90.0,,90.0,,90.0,,90.0,Man City
347,347,Ederson M.,G,5.5,,90.0,,90.0,,90.0,,90.0,,90.0,,90.0,,90.0,,90.0,Man City
350,350,Gvardiol,D,6.0,,90.0,,90.0,,90.0,,90.0,,90.0,,90.0,,90.0,,90.0,Man City
353,353,João Cancelo,D,5.3,,90.0,,90.0,,90.0,,90.0,,90.0,,90.0,,90.0,,90.0,Man City
355,355,Lewis,D,4.7,,90.0,,90.0,,90.0,,90.0,,90.0,,90.0,,90.0,,90.0,Man City
357,357,McAtee,M,4.9,,0.0,,0.0,,0.0,,0.0,,0.0,,0.0,,0.0,,0.0,Man City
358,358,Ortega Moreno,G,5.4,,90.0,,90.0,,90.0,,90.0,,90.0,,90.0,,90.0,,90.0,Man City
361,361,Rúben,D,5.5,,90.0,,90.0,,90.0,,90.0,,90.0,,90.0,,90.0,,90.0,Man City
362,362,Stones,D,5.4,,90.0,,90.0,,90.0,,90.0,,90.0,,90.0,,90.0,,90.0,Man City
363,363,Walker,D,5.4,,90.0,,90.0,,90.0,,90.0,,90.0,,90.0,,90.0,,90.0,Man City
607,607,O’Reilly,M,5.0,,0.0,,0.0,,0.0,,0.0,,0.0,,0.0,,0.0,,0.0,Man City
625,625,Gündogan,M,6.5,,0.0,,0.0,,0.0,,0.0,,0.0,,0.0,,0.0,,0.0,Man City
626,626,Kaboré,D,4.5,,90.0,,90.0,,90.0,,90.0,,90.0,,90.0,,90.0,,90.0,Man City
367,367,Bayindir,G,4.4,,90.0,,90.0,,90.0,,90.0,,90.0,,90.0,,90.0,,90.0,Man Utd
369,369,Dalot,D,5.0,,90.0,,90.0,,90.0,,90.0,,90.0,,90.0,,90.0,,90.0,Man Utd
371,371,Evans,D,4.4,,90.0,,90.0,,90.0,,90.0,,90.0,,90.0,,90.0,,90.0,Man Utd
373,373,Hannibal,M,4.5,,0.0,,0.0,,0.0,,0.0,,0.0,,0.0,,0.0,,0.0,Man Utd
374,374,Heaton,G,4.0,,90.0,,90.0,,90.0,,90.0,,90.0,,90.0,,90.0,,90.0,Man Utd
376,376,Lindelof,D,4.4,,90.0,,90.0,,90.0,,90.0,,90.0,,90.0,,90.0,,90.0,Man Utd
377,377,Maguire,D,5.0,,90.0,,90.0,,90.0,,90.0,,90.0,,90.0,,90.0,,90.0,Man Utd
379,379,Malacia,D,4.4,,90.0,,90.0,,90.0,,90.0,,90.0,,90.0,,90.0,,90.0,Man Utd
380,380,Martinez,D,4.5,,90.0,,90.0,,90.0,,90.0,,90.0,,90.0,,90.0,,90.0,Man Utd
383,383,Onana,G,5.0,,90.0,,90.0,,90.0,,90.0,,90.0,,90.0,,90.0,,90.0,Man Utd
384,384,Pellistri,M,5.0,,0.0,,0.0,,0.0,,0.0,,0.0,,0.0,,0.0,,0.0,Man Utd
387,387,Shaw,D,4.9,,90.0,,90.0,,90.0,,90.0,,90.0,,90.0,,90.0,,90.0,Man Utd
572,572,Yoro,D,4.4,,90.0,,90.0,,90.0,,90.0,,90.0,,90.0,,90.0,,90.0,Man Utd
593,593,De Ligt,D,5.0,,90.0,,90.0,,90.0,,90.0,,90.0,,90.0,,90.0,,90.0,Man Utd
594,594,Mazraoui,D,4.5,,90.0,,90.0,,90.0,,90.0,,90.0,,90.0,,90.0,,90.0,Man Utd
613,613,Collyer,M,4.5,,0.0,,0.0,,0.0,,0.0,,0.0,,0.0,,0.0,,0.0,Man Utd
648,648,Wheatley,F,4.5,,0.0,,0.0,,0.0,,0.0,,0.0,,0.0,,0.0,,0.0,Man Utd
652,652,Ugarte,M,5.0,,0.0,,0.0,,0.0,,0.0,,0.0,,0.0,,0.0,,0.0,Man Utd
390,390,A.Murphy,D,4.0,,90.0,,90.0,,90.0,,90.0,,90.0,,90.0,,90.0,,90.0,Newcastle
393,393,Botman,D,4.5,,90.0,,90.0,,90.0,,90.0,,90.0,,90.0,,90.0,,90.0,Newcastle
395,395,Burn,D,4.5,,90.0,,90.0,,90.0,,90.0,,90.0,,90.0,,90.0,,90.0,Newcastle
396,396,Dúbravka,G,4.4,,90.0,,90.0,,90.0,,90.0,,90.0,,90.0,,90.0,,90.0,Newcastle
399,399,Hall,D,4.5,,90.0,,90.0,,90.0,,90.0,,90.0,,90.0,,90.0,,90.0,Newcastle
400,400,Hayden,M,4.5,,0.0,,0.0,,0.0,,0.0,,0.0,,0.0,,0.0,,0.0,Newcastle
404,404,Kelly,D,4.5,,90.0,,90.0,,90.0,,90.0,,90.0,,90.0,,90.0,,90.0,Newcastle
405,405,Krafth,D,4.5,,90.0,,90.0,,90.0,,90.0,,90.0,,90.0,,90.0,,90.0,Newcastle
406,406,Kuol,M,4.5,,0.0,,0.0,,0.0,,0.0,,0.0,,0.0,,0.0,,0.0,Newcastle
407,407,Lascelles,D,4.5,,90.0,,90.0,,90.0,,90.0,,90.0,,90.0,,90.0,,90.0,Newcastle
408,408,Lewis,D,4.0,,90.0,,90.0,,90.0,,90.0,,90.0,,90.0,,90.0,,90.0,Newcastle
409,409,Livramento,D,4.5,,90.0,,90.0,,90.0,,90.0,,90.0,,90.0,,90.0,,90.0,Newcastle
412,412,Odysseas,G,4.4,,90.0,,90.0,,90.0,,90.0,,90.0,,90.0,,90.0,,90.0,Newcastle
413,413,Pope,G,5.0,,90.0,,90.0,,90.0,,90.0,,90.0,,90.0,,90.0,,90.0,Newcastle
414,414,Ruddy,G,4.0,,90.0,,90.0,,90.0,,90.0,,90.0,,90.0,,90.0,,90.0,Newcastle
415,415,Schär,D,5.4,,90.0,,90.0,,90.0,,90.0,,90.0,,90.0,,90.0,,90.0,Newcastle
416,416,Targett,D,4.0,,90.0,,90.0,,90.0,,90.0,,90.0,,90.0,,90.0,,90.0,Newcastle
418,418,Trippier,D,5.8,,90.0,,90.0,,90.0,,90.0,,90.0,,90.0,,90.0,,90.0,Newcastle
419,419,White,M,4.5,,0.0,,0.0,,0.0,,0.0,,0.0,,0.0,,0.0,,0.0,Newcastle
574,574,Pivas,D,4.0,,90.0,,90.0,,90.0,,90.0,,90.0,,90.0,,90.0,,90.0,Newcastle
26,26,Alex Moreno,D,4.4,,90.0,,90.0,,90.0,,90.0,,90.0,,90.0,,90.0,,90.0,Nott'm Forest
422,422,Aina,D,4.4,,90.0,,90.0,,90.0,,90.0,,90.0,,90.0,,90.0,,90.0,Nott'm Forest
425,425,Boly,D,4.5,,90.0,,90.0,,90.0,,90.0,,90.0,,90.0,,90.0,,90.0,Nott'm Forest
426,426,Bowler,M,4.5,,0.0,,0.0,,0.0,,0.0,,0.0,,0.0,,0.0,,0.0,Nott'm Forest
427,427,C.Miguel,G,4.4,,90.0,,90.0,,90.0,,90.0,,90.0,,90.0,,90.0,,90.0,Nott'm Forest
428,428,Da Silva Moreira,M,4.5,,0.0,,0.0,,0.0,,0.0,,0.0,,0.0,,0.0,,0.0,Nott'm Forest
435,435,Mighten,M,4.5,,0.0,,0.0,,0.0,,0.0,,0.0,,0.0,,0.0,,0.0,Nott'm Forest
436,436,Murillo,D,4.5,,90.0,,90.0,,90.0,,90.0,,90.0,,90.0,,90.0,,90.0,Nott'm Forest
437,437,N.Williams,D,4.5,,90.0,,90.0,,90.0,,90.0,,90.0,,90.0,,90.0,,90.0,Nott'm Forest
438,438,O.Richards,D,4.5,,90.0,,90.0,,90.0,,90.0,,90.0,,90.0,,90.0,,90.0,Nott'm Forest
439,439,O'Brien,M,5.0,,0.0,,0.0,,0.0,,0.0,,0.0,,0.0,,0.0,,0.0,Nott'm Forest
440,440,Omobamidele,D,4.4,,90.0,,90.0,,90.0,,90.0,,90.0,,90.0,,90.0,,90.0,Nott'm Forest
441,441,Panzo,D,4.0,,90.0,,90.0,,90.0,,90.0,,90.0,,90.0,,90.0,,90.0,Nott'm Forest
443,443,Sels,G,4.5,,90.0,,90.0,,90.0,,90.0,,90.0,,90.0,,90.0,,90.0,Nott'm Forest
444,444,Toffolo,D,4.4,,90.0,,90.0,,90.0,,90.0,,90.0,,90.0,,90.0,,90.0,Nott'm Forest
448,448,Worrall,D,4.5,,90.0,,90.0,,90.0,,90.0,,90.0,,90.0,,90.0,,90.0,Nott'm Forest
531,531,Ward-Prowse,M,6.3,,0.0,,0.0,,0.0,,0.0,,0.0,,0.0,,0.0,,0.0,Nott'm Forest
573,573,Milenković,D,4.5,,90.0,,90.0,,90.0,,90.0,,90.0,,90.0,,90.0,,90.0,Nott'm Forest
596,596,Jota Silva,M,6.0,,0.0,,0.0,,0.0,,0.0,,0.0,,0.0,,0.0,,0.0,Nott'm Forest
620,620,Sosa,M,5.5,,0.0,,0.0,,0.0,,0.0,,0.0,,0.0,,0.0,,0.0,Nott'm Forest
653,653,Morato,D,4.5,,90.0,,90.0,,90.0,,90.0,,90.0,,90.0,,90.0,,90.0,Nott'm Forest
14,14,Ramsdale,G,4.4,,90.0,,90.0,,90.0,,90.0,,90.0,,90.0,,90.0,,90.0,Southampton
27,27,Archer,F,5.0,,0.0,,0.0,,0.0,,0.0,,0.0,,0.0,,0.0,,0.0,Southampton
188,188,Ugochukwu,M,4.5,,0.0,,0.0,,0.0,,0.0,,0.0,,0.0,,0.0,,0.0,Southampton
397,397,Fraser,M,4.9,,0.0,,0.0,,0.0,,0.0,,0.0,,0.0,,0.0,,0.0,Southampton
451,451,Amo-Ameyaw,M,4.5,,0.0,,0.0,,0.0,,0.0,,0.0,,0.0,,0.0,,0.0,Southampton
454,454,Bazunu,G,4.4,,90.0,,90.0,,90.0,,90.0,,90.0,,90.0,,90.0,,90.0,Southampton
455,455,Bednarek,D,4.0,,90.0,,90.0,,90.0,,90.0,,90.0,,90.0,,90.0,,90.0,Southampton
456,456,Bella-Kotchap,D,4.0,,90.0,,90.0,,90.0,,90.0,,90.0,,90.0,,90.0,,90.0,Southampton
457,457,Bree,D,4.0,,90.0,,90.0,,90.0,,90.0,,90.0,,90.0,,90.0,,90.0,Southampton
458,458,Charles,M,4.5,,0.0,,0.0,,0.0,,0.0,,0.0,,0.0,,0.0,,0.0,Southampton
460,460,Edwards,D,4.0,,90.0,,90.0,,90.0,,90.0,,90.0,,90.0,,90.0,,90.0,Southampton
461,461,Harwood-Bellis,D,4.0,,90.0,,90.0,,90.0,,90.0,,90.0,,90.0,,90.0,,90.0,Southampton
462,462,Kamaldeen,M,5.0,,0.0,,0.0,,0.0,,0.0,,0.0,,0.0,,0.0,,0.0,Southampton
464,464,Larios,D,4.0,,90.0,,90.0,,90.0,,90.0,,90.0,,90.0,,90.0,,90.0,Southampton
465,465,Lis,G,4.0,,90.0,,90.0,,90.0,,90.0,,90.0,,90.0,,90.0,,90.0,Southampton
466,466,Lumley,G,4.0,,90.0,,90.0,,90.0,,90.0,,90.0,,90.0,,90.0,,90.0,Southampton
467,467,Manning,D,4.4,,90.0,,90.0,,90.0,,90.0,,90.0,,90.0,,90.0,,90.0,Southampton
469,469,McCarthy,G,4.5,,90.0,,90.0,,90.0,,90.0,,90.0,,90.0,,90.0,,90.0,Southampton
470,470,Onuachu,F,5.0,,0.0,,0.0,,0.0,,0.0,,0.0,,0.0,,0.0,,0.0,Southampton
472,472,Stephens,D,4.0,,90.0,,90.0,,90.0,,90.0,,90.0,,90.0,,90.0,,90.0,Southampton
474,474,Sugawara,D,4.5,,90.0,,90.0,,90.0,,90.0,,90.0,,90.0,,90.0,,90.0,Southampton
475,475,Taylor,D,4.0,,90.0,,90.0,,90.0,,90.0,,90.0,,90.0,,90.0,,90.0,Southampton
476,476,Walker-Peters,D,4.5,,90.0,,90.0,,90.0,,90.0,,90.0,,90.0,,90.0,,90.0,Southampton
477,477,Wood,D,4.0,,90.0,,90.0,,90.0,,90.0,,90.0,,90.0,,90.0,,90.0,Southampton
515,515,Cornet,M,4.9,,0.0,,0.0,,0.0,,0.0,,0.0,,0.0,,0.0,,0.0,Southampton
608,608,Dibling,M,4.5,,0.0,,0.0,,0.0,,0.0,,0.0,,0.0,,0.0,,0.0,Southampton
623,623,M.Fernandes,M,5.0,,0.0,,0.0,,0.0,,0.0,,0.0,,0.0,,0.0,,0.0,Southampton
478,478,A.Phillips,D,4.0,,90.0,,90.0,,90.0,,90.0,,90.0,,90.0,,90.0,,90.0,Spurs
479,479,Austin,G,4.0,,90.0,,90.0,,90.0,,90.0,,90.0,,90.0,,90.0,,90.0,Spurs
481,481,Bergvall,M,4.5,,0.0,,0.0,,0.0,,0.0,,0.0,,0.0,,0.0,,0.0,Spurs
483,483,Bryan,M,5.0,,0.0,,0.0,,0.0,,0.0,,0.0,,0.0,,0.0,,0.0,Spurs
484,484,Davies,D,4.4,,90.0,,90.0,,90.0,,90.0,,90.0,,90.0,,90.0,,90.0,Spurs
485,485,Devine,M,4.5,,0.0,,0.0,,0.0,,0.0,,0.0,,0.0,,0.0,,0.0,Spurs
486,486,Dragusin,D,4.4,,90.0,,90.0,,90.0,,90.0,,90.0,,90.0,,90.0,,90.0,Spurs
487,487,E.Royal,D,4.5,,90.0,,90.0,,90.0,,90.0,,90.0,,90.0,,90.0,,90.0,Spurs
488,488,Forster,G,4.5,,90.0,,90.0,,90.0,,90.0,,90.0,,90.0,,90.0,,90.0,Spurs
489,489,Gray,M,4.9,,0.0,,0.0,,0.0,,0.0,,0.0,,0.0,,0.0,,0.0,Spurs
490,490,Højbjerg,M,5.0,,0.0,,0.0,,0.0,,0.0,,0.0,,0.0,,0.0,,0.0,Spurs
495,495,Pedro Porro,D,5.5,,90.0,,90.0,,90.0,,90.0,,90.0,,90.0,,90.0,,90.0,Spurs
496,496,Reguilón,D,4.4,,90.0,,90.0,,90.0,,90.0,,90.0,,90.0,,90.0,,90.0,Spurs
498,498,Romero,D,5.1,,90.0,,90.0,,90.0,,90.0,,90.0,,90.0,,90.0,,90.0,Spurs
504,504,Spence,D,4.4,,90.0,,90.0,,90.0,,90.0,,90.0,,90.0,,90.0,,90.0,Spurs
505,505,Udogie,D,5.0,,90.0,,90.0,,90.0,,90.0,,90.0,,90.0,,90.0,,90.0,Spurs
506,506,Van de Ven,D,4.5,,90.0,,90.0,,90.0,,90.0,,90.0,,90.0,,90.0,,90.0,Spurs
507,507,Veliz,F,5.0,,0.0,,0.0,,0.0,,0.0,,0.0,,0.0,,0.0,,0.0,Spurs
508,508,Vicario,G,5.0,,90.0,,90.0,,90.0,,90.0,,90.0,,90.0,,90.0,,90.0,Spurs
510,510,Whiteman,G,4.0,,90.0,,90.0,,90.0,,90.0,,90.0,,90.0,,90.0,,90.0,Spurs
609,609,Lankshear,F,4.5,,0.0,,0.0,,0.0,,0.0,,0.0,,0.0,,0.0,,0.0,Spurs
610,610,Moore,M,4.5,,0.0,,0.0,,0.0,,0.0,,0.0,,0.0,,0.0,,0.0,Spurs
612,612,Odobert,M,5.5,,0.0,,0.0,,0.0,,0.0,,0.0,,0.0,,0.0,,0.0,Spurs
388,388,Wan-Bissaka,D,4.5,,90.0,,90.0,,90.0,,90.0,,90.0,,90.0,,90.0,,90.0,West Ham
513,513,Areola,G,4.5,,90.0,,90.0,,90.0,,90.0,,90.0,,90.0,,90.0,,90.0,West Ham
516,516,Coufal,D,4.5,,90.0,,90.0,,90.0,,90.0,,90.0,,90.0,,90.0,,90.0,West Ham
517,517,Cresswell,D,4.0,,90.0,,90.0,,90.0,,90.0,,90.0,,90.0,,90.0,,90.0,West Ham
519,519,Earthy,M,4.5,,0.0,,0.0,,0.0,,0.0,,0.0,,0.0,,0.0,,0.0,West Ham
520,520,Emerson,D,4.5,,90.0,,90.0,,90.0,,90.0,,90.0,,90.0,,90.0,,90.0,West Ham
521,521,Fabianski,G,4.0,,90.0,,90.0,,90.0,,90.0,,90.0,,90.0,,90.0,,90.0,West Ham
522,522,Foderingham,G,4.5,,90.0,,90.0,,90.0,,90.0,,90.0,,90.0,,90.0,,90.0,West Ham
524,524,Kilman,D,4.5,,90.0,,90.0,,90.0,,90.0,,90.0,,90.0,,90.0,,90.0,West Ham
526,526,L.Guilherme,M,4.9,,0.0,,0.0,,0.0,,0.0,,0.0,,0.0,,0.0,,0.0,West Ham
528,528,Mavropanos,D,4.5,,90.0,,90.0,,90.0,,90.0,,90.0,,90.0,,90.0,,90.0,West Ham
529,529,N.Aguerd,D,4.4,,90.0,,90.0,,90.0,,90.0,,90.0,,90.0,,90.0,,90.0,West Ham
532,532,Zouma,D,4.4,,90.0,,90.0,,90.0,,90.0,,90.0,,90.0,,90.0,,90.0,West Ham
576,576,Irving,M,4.9,,0.0,,0.0,,0.0,,0.0,,0.0,,0.0,,0.0,,0.0,West Ham
588,588,G.Rodríguez,M,5.0,,0.0,,0.0,,0.0,,0.0,,0.0,,0.0,,0.0,,0.0,West Ham
591,591,Todibo,D,4.5,,90.0,,90.0,,90.0,,90.0,,90.0,,90.0,,90.0,,90.0,West Ham
643,643,Casey,D,4.0,,90.0,,90.0,,90.0,,90.0,,90.0,,90.0,,90.0,,90.0,West Ham
204,204,Johnstone,G,4.4,,90.0,,90.0,,90.0,,90.0,,90.0,,90.0,,90.0,,90.0,Wolves
533,533,Aït-Nouri,D,4.5,,90.0,,90.0,,90.0,,90.0,,90.0,,90.0,,90.0,,90.0,Wolves
534,534,B.Traore,M,4.9,,0.0,,0.0,,0.0,,0.0,,0.0,,0.0,,0.0,,0.0,Wolves
536,536,Bentley,G,4.0,,90.0,,90.0,,90.0,,90.0,,90.0,,90.0,,90.0,,90.0,Wolves
537,537,Chiquinho,M,4.5,,0.0,,0.0,,0.0,,0.0,,0.0,,0.0,,0.0,,0.0,Wolves
538,538,Chirewa,M,4.5,,0.0,,0.0,,0.0,,0.0,,0.0,,0.0,,0.0,,0.0,Wolves
539,539,Chiwome,F,4.5,,0.0,,0.0,,0.0,,0.0,,0.0,,0.0,,0.0,,0.0,Wolves
540,540,Cundle,M,4.5,,0.0,,0.0,,0.0,,0.0,,0.0,,0.0,,0.0,,0.0,Wolves
542,542,Dawson,D,4.5,,90.0,,90.0,,90.0,,90.0,,90.0,,90.0,,90.0,,90.0,Wolves
543,543,Doherty,D,4.5,,90.0,,90.0,,90.0,,90.0,,90.0,,90.0,,90.0,,90.0,Wolves
544,544,Doyle,M,4.9,,0.0,,0.0,,0.0,,0.0,,0.0,,0.0,,0.0,,0.0,Wolves
546,546,Fraser,F,4.5,,0.0,,0.0,,0.0,,0.0,,0.0,,0.0,,0.0,,0.0,Wolves
547,547,Gonzalez,M,4.5,,0.0,,0.0,,0.0,,0.0,,0.0,,0.0,,0.0,,0.0,Wolves
548,548,Guedes,M,5.4,,0.0,,0.0,,0.0,,0.0,,0.0,,0.0,,0.0,,0.0,Wolves
549,549,H.Bueno,D,4.5,,90.0,,90.0,,90.0,,90.0,,90.0,,90.0,,90.0,,90.0,Wolves
551,551,Hodge,M,4.5,,0.0,,0.0,,0.0,,0.0,,0.0,,0.0,,0.0,,0.0,Wolves
552,552,Hoever,D,4.0,,90.0,,90.0,,90.0,,90.0,,90.0,,90.0,,90.0,,90.0,Wolves
554,554,José Sá,G,4.5,,90.0,,90.0,,90.0,,90.0,,90.0,,90.0,,90.0,,90.0,Wolves
556,556,King,G,4.0,,90.0,,90.0,,90.0,,90.0,,90.0,,90.0,,90.0,,90.0,Wolves
558,558,Mosquera,D,4.0,,90.0,,90.0,,90.0,,90.0,,90.0,,90.0,,90.0,,90.0,Wolves
559,559,N.Semedo,D,4.5,,90.0,,90.0,,90.0,,90.0,,90.0,,90.0,,90.0,,90.0,Wolves
561,561,Pedro Lima,D,4.0,,90.0,,90.0,,90.0,,90.0,,90.0,,90.0,,90.0,,90.0,Wolves
562,562,Podence,M,5.5,,0.0,,0.0,,0.0,,0.0,,0.0,,0.0,,0.0,,0.0,Wolves
563,563,R.Gomes,M,5.4,,0.0,,0.0,,0.0,,0.0,,0.0,,0.0,,0.0,,0.0,Wolves
564,564,S.Bueno,D,4.4,,90.0,,90.0,,90.0,,90.0,,90.0,,90.0,,90.0,,90.0,Wolves
567,567,Toti,D,4.5,,90.0,,90.0,,90.0,,90.0,,90.0,,90.0,,90.0,,90.0,Wolves
637,637,Meupiyou,D,4.0,,90.0,,90.0,,90.0,,90.0,,90.0,,90.0,,90.0,,90.0,Wolves
642,642,André,M,5.0,,0.0,,0.0,,0.0,,0.0,,0.0,,0.0,,0.0,,0.0,Wolves
655,655,Forbs,M,5.5,,0.0,,0.0,,0.0,,0.0,,0.0,,0.0,,0.0,,0.0,Wolves
