fbref,fpl_id,first_name,second_name,Player,web_name,Age,team_id,team_name,short_name,element_type,position,Seasons_count,now_cost,tsb,MP,Starts,Min,90s,npxG,xAG,finishing,MP_new,90s_new,npxG_new,xAG_new,weighted_npxG,weighted_xAG
2f90f6b8,134,James,Milner,James Milner,Milner,37.0,5,Brighton,BHA,3,MID,3.0,5.0,0.1,70.0,27.0,2539.0,28.2,0.04,0.17,0.98,3.0,1.9,0.09,0.12,0.05,0.17
3e1550ee,344,Scott,Carson,,Carson,,13,Man City,MCI,1,GKP,,4.0,0.2,,,,,,,,,,,,,
15ea812b,236,James,Tarkowski,James Tarkowski,Tarkowski,30.0,8,Everton,EVE,2,DEF,3.0,4.9,1.4,111.0,111.0,9945.0,110.5,0.07,0.06,0.92,3.0,3.0,0.12,0.13,0.07,0.06
be927d03,238,Ashley,Young,Ashley Young,Young,38.0,8,Everton,EVE,2,DEF,3.0,4.5,0.1,84.0,60.0,5566.0,61.8,0.02,0.05,0.99,1.0,0.7,0.0,0.08,0.02,0.05
da8b19e2,414,John,Ruddy,John Ruddy,Ruddy,36.0,15,Newcastle,NEW,1,GKP,3.0,4.0,0.3,89.0,88.0,7912.0,87.9,0.0,0.0,1.0,,,,,,
a6de6361,374,Tom,Heaton,,Heaton,,14,Man Utd,MUN,1,GKP,,4.0,0.3,,,,,,,,,,,,,
9328b835,521,Łukasz,Fabiański,Łukasz Fabiański,Fabianski,38.0,19,West Ham,WHU,1,GKP,3.0,4.0,14.0,83.0,80.0,7162.0,79.6,0.0,0.0,1.0,1.0,0.5,0.0,0.0,0.0,0.0
f8fcd2a5,371,Jonny,Evans,Jonny Evans,Evans,35.0,14,Man Utd,MUN,2,DEF,3.0,4.4,0.1,54.0,43.0,3791.0,42.2,0.01,0.05,1.0,1.0,0.1,0.0,0.0,0.01,0.05
99813635,463,Adam,Lallana,Adam Lallana,Lallana,35.0,17,Southampton,SOU,3,MID,3.0,5.0,0.0,65.0,43.0,3133.0,34.7,0.09,0.13,0.99,1.0,0.1,0.71,0.83,0.09,0.13
7b4de647,624,Asmir,Begovic,Asmir Begović,Begovic,36.0,8,Everton,EVE,1,GKP,3.0,4.0,0.1,49.0,49.0,4409.0,49.0,0.0,0.0,1.0,,,,,,
c3e39f12,488,Fraser,Forster,Fraser Forster,Forster,34.0,18,Spurs,TOT,1,GKP,2.0,4.5,0.2,33.0,32.0,2925.0,32.5,0.0,0.0,1.0,,,,,,
0db5d2c8,112,Mathias,Jorgensen,Mathias Jørgensen,Zanka,33.0,4,Brentford,BRE,2,DEF,3.0,4.5,0.0,40.0,29.0,2708.0,30.200000000000003,0.06,0.05,1.01,,,,,,
28300a16,142,Jason,Steele,Jason Steele,Steele,32.0,5,Brighton,BHA,1,GKP,3.0,4.5,2.6,33.0,33.0,2970.0,33.0,0.0,0.0,1.0,2.0,2.0,0.0,0.0,0.0,0.0
ce5143da,148,Danny,Welbeck,Danny Welbeck,Welbeck,32.0,5,Brighton,BHA,4,FWD,3.0,5.7,13.9,85.0,57.0,5025.0,55.8,0.36,0.13,0.94,3.0,2.8,0.5,0.07,0.38,0.13
8df7a2fb,100,Ben,Mee,Ben Mee,Mee,33.0,4,Brentford,BRE,2,DEF,3.0,4.4,0.7,74.0,73.0,6380.0,70.8,0.1,0.04,1.02,1.0,0.0,0.0,0.0,0.1,0.04
20b104bc,81,Adam,Smith,Adam Smith,Smith,32.0,3,Bournemouth,BOU,2,DEF,3.0,4.5,0.2,85.0,79.0,6804.0,75.6,0.01,0.05,0.98,3.0,0.9,0.0,0.07,0.01,0.05
4f974391,517,Aaron,Cresswell,Aaron Cresswell,Cresswell,33.0,19,West Ham,WHU,2,DEF,3.0,4.0,2.0,70.0,59.0,5397.0,59.9,0.02,0.12,1.01,1.0,0.0,0.0,0.0,0.02,0.12
8a7ff278,215,Joel,Ward,Joel Ward,Ward,33.0,7,Crystal Palace,CRY,2,DEF,3.0,4.4,0.1,82.0,74.0,6723.0,74.7,0.03,0.02,0.98,,,,,,
0442183b,196,Nathaniel,Clyne,Nathaniel Clyne,Clyne,32.0,7,Crystal Palace,CRY,2,DEF,3.0,4.4,0.1,57.0,48.0,4329.0,48.1,0.01,0.02,0.99,1.0,1.0,0.0,0.0,0.01,0.02
ac05f970,512,Michail,Antonio,Michail Antonio,Antonio,33.0,19,West Ham,WHU,4,FWD,3.0,5.5,1.4,95.0,76.0,6495.0,72.1,0.31,0.09,0.98,3.0,2.3,0.36,0.0,0.32,0.09
36c2ca73,469,Alex,McCarthy,Alex McCarthy,McCarthy,33.0,17,Southampton,SOU,1,GKP,3.0,4.5,0.2,28.0,28.0,2520.0,28.0,0.0,0.0,1.0,2.0,2.0,0.0,0.0,0.0,0.0
86dd77d1,363,Kyle,Walker,Kyle Walker,Walker,33.0,13,Man City,MCI,2,DEF,3.0,5.4,5.9,79.0,72.0,6480.0,72.0,0.01,0.06,0.98,1.0,0.0,0.0,0.0,0.01,0.06
819b3158,625,Ilkay,Gündogan,İlkay Gündoğan,Gündogan,32.0,13,Man City,MCI,3,MID,3.0,6.5,0.3,94.0,80.0,7204.0,80.0,0.2,0.2,0.98,2.0,0.5,0.0,0.45,0.2,0.2
0420d84f,221,Séamus,Coleman,Séamus Coleman,Coleman,34.0,8,Everton,EVE,2,DEF,3.0,4.4,0.0,65.0,57.0,4977.0,55.3,0.02,0.07,1.01,1.0,1.0,0.62,0.0,0.04,0.07
3e9e06cb,542,Craig,Dawson,Craig Dawson,Dawson,33.0,20,Wolves,WOL,2,DEF,3.0,4.5,0.2,84.0,80.0,7097.0,78.8,0.07,0.04,0.97,3.0,1.3,0.0,0.0,0.07,0.04
8aec0537,125,Pascal,Groß,Pascal Groß,Gross,32.0,5,Brighton,BHA,3,MID,3.0,6.5,0.0,102.0,95.0,8391.0,93.2,0.15,0.26,1.01,,,,,,
4e9a0555,447,Chris,Wood,Chris Wood,Wood,31.0,16,Nott'm Forest,NFO,4,FWD,3.0,6.1,7.8,90.0,61.0,5324.0,59.1,0.43,0.08,0.99,3.0,2.6,0.54,0.28,0.45,0.09
4d224fe8,368,Carlos Henrique,Casimiro,Casemiro,Casemiro,31.0,14,Man Utd,MUN,3,MID,3.0,5.0,0.6,86.0,79.0,6683.0,74.2,0.13,0.08,0.95,3.0,2.5,0.1,0.4,0.13,0.1
e46012d4,345,Kevin,De Bruyne,Kevin De Bruyne,De Bruyne,32.0,13,Man City,MCI,3,MID,3.0,9.6,11.1,80.0,68.0,5839.0,65.0,0.2,0.61,1.18,3.0,3.0,0.39,0.41,0.22,0.61
5eae500a,175,Romelu,Lukaku Bolingoli,Romelu Lukaku,Lukaku,30.0,6,Chelsea,CHE,4,FWD,3.0,6.3,0.3,83.0,65.0,5890.0,65.4,0.26,0.1,1.08,,,,,,
3a949a25,396,Martin,Dúbravka,Martin Dúbravka,Dúbravka,34.0,15,Newcastle,NEW,1,GKP,3.0,4.4,0.8,51.0,49.0,4482.0,49.8,0.0,0.0,1.0,,,,,,
a9dc785c,73,Norberto,Murara Neto,Neto,Neto,34.0,1,Arsenal,ARS,1,GKP,3.0,4.5,2.0,62.0,62.0,5535.0,61.5,0.0,0.0,1.0,2.0,2.0,0.0,0.0,0.0,0.0
a23c0949,278,Sam,Morsy,Sam Morsy,Morsy,31.0,10,Ipswich,IPS,3,MID,2.0,4.9,0.2,45.0,45.0,3989.0,44.400000000000006,0.02,0.04,1.02,3.0,3.0,0.0,0.03,0.02,0.04
c596fcb0,421,Callum,Wilson,Callum Wilson,Wilson,31.0,15,Newcastle,NEW,4,FWD,3.0,6.9,0.0,69.0,46.0,4254.0,47.3,0.62,0.08,1.01,,,,,,
a8748947,243,Tom,Cairney,Tom Cairney,Cairney,32.0,9,Fulham,FUL,3,MID,3.0,4.9,0.0,93.0,36.0,4023.0,44.7,0.08,0.13,1.03,3.0,0.6,0.0,0.06,0.08,0.13
21512407,418,Kieran,Trippier,Kieran Trippier,Trippier,32.0,15,Newcastle,NEW,2,DEF,3.0,5.8,7.7,87.0,81.0,6982.0,77.5,0.02,0.29,1.04,1.0,0.4,0.0,0.0,0.02,0.29
b2d31e83,395,Dan,Burn,Dan Burn,Burn,31.0,15,Newcastle,NEW,2,DEF,3.0,4.5,14.9,100.0,95.0,8299.0,92.3,0.08,0.04,0.95,3.0,3.0,0.09,0.0,0.08,0.04
68db6358,536,Daniel,Bentley,Daniel Bentley,Bentley,30.0,20,Wolves,WOL,1,GKP,3.0,4.0,2.1,58.0,55.0,5091.0,56.6,0.0,0.0,1.0,,,,,,
da052c14,192,Jordan,Ayew,Jordan Ayew,J.Ayew,31.0,11,Leicester,LEI,3,MID,3.0,5.4,0.3,104.0,84.0,7276.0,80.9,0.13,0.13,1.01,1.0,0.2,1.96,0.21,0.14,0.13
da052c14,192,Jordan,Ayew,Jordan Ayew,J.Ayew,31.0,11,Leicester,LEI,3,MID,3.0,5.4,0.3,104.0,84.0,7276.0,80.9,0.13,0.13,1.01,2.0,1.0,0.12,0.05,0.13,0.13
2628fd2b,248,Bernd,Leno,Bernd Leno,Leno,31.0,9,Fulham,FUL,1,GKP,3.0,5.0,3.0,78.0,78.0,7020.0,78.0,0.0,0.0,1.0,3.0,3.0,0.0,0.0,0.0,0.0
980522ec,370,Christian,Eriksen,Christian Eriksen,Eriksen,31.0,14,Man Utd,MUN,3,MID,3.0,5.4,0.2,61.0,47.0,4128.0,45.9,0.15,0.2,0.93,1.0,0.1,0.0,0.0,0.15,0.2
72c812f3,222,Idrissa,Gueye,Idrissa Gana Gueye,Gana,33.0,8,Everton,EVE,3,MID,3.0,5.0,0.1,84.0,74.0,6102.0,67.7,0.05,0.05,1.06,3.0,3.0,0.07,0.0,0.05,0.05
96cf7b61,522,Wes,Foderingham,Wes Foderingham,Foderingham,32.0,19,West Ham,WHU,1,GKP,3.0,4.5,0.2,102.0,101.0,9041.0,100.4,0.0,0.0,1.0,,,,,,
28b40c9c,253,Tim,Ream,Tim Ream,Ream,35.0,9,Fulham,FUL,2,DEF,3.0,4.5,0.0,97.0,96.0,8470.0,94.1,0.03,0.01,1.01,,,,,,
282f75f3,120,Lewis,Dunk,Lewis Dunk,Dunk,31.0,5,Brighton,BHA,2,DEF,3.0,4.5,6.2,98.0,98.0,8681.0,96.5,0.07,0.03,0.98,3.0,2.8,0.02,0.16,0.07,0.04
2f965a72,513,Alphonse,Areola,Alphonse Areola,Areola,30.0,19,West Ham,WHU,1,GKP,3.0,4.5,8.5,37.0,34.0,3098.0,34.4,0.0,0.0,1.0,3.0,2.5,0.0,0.0,0.0,0.0
07802f7f,523,Danny,Ings,Danny Ings,Ings,31.0,19,West Ham,WHU,4,FWD,3.0,5.0,1.1,85.0,40.0,3901.0,43.4,0.34,0.1,0.98,1.0,0.1,3.77,0.0,0.35,0.1
834b5c4c,443,Matz,Sels,Matz Sels,Sels,31.0,16,Nott'm Forest,NFO,1,GKP,3.0,4.5,1.8,110.0,110.0,9900.0,110.0,0.0,0.01,1.0,3.0,3.0,0.0,0.0,0.0,0.01
45db685d,7,Jorge Luiz,Frello Filho,Jorginho,Jorginho,31.0,1,Arsenal,ARS,3,MID,3.0,4.9,0.3,85.0,60.0,5328.0,59.2,0.01,0.08,0.99,,,,,,
92e7e919,503,Son,Heung-min,Son Heung-min,Son,31.0,18,Spurs,TOT,3,MID,3.0,10.0,9.4,106.0,102.0,8828.0,98.1,0.34,0.28,1.13,3.0,3.0,0.43,0.17,0.35,0.28
3312f911,214,Jeffrey,Schlupp,Jeffrey Schlupp,Schlupp,30.0,7,Crystal Palace,CRY,3,MID,3.0,4.9,0.1,95.0,67.0,5734.0,63.7,0.12,0.09,1.01,2.0,0.1,0.0,0.0,0.12,0.09
d557d734,543,Matt,Doherty,Matt Doherty,Doherty,31.0,20,Wolves,WOL,2,DEF,3.0,4.5,0.2,59.0,25.0,2710.0,30.1,0.1,0.1,1.0,3.0,2.2,0.04,0.07,0.1,0.1
c1242d4e,358,Stefan,Ortega Moreno,Stefan Ortega,Ortega Moreno,30.0,13,Man City,MCI,1,GKP,3.0,5.4,0.6,45.0,41.0,3875.0,43.1,0.0,0.0,1.0,,,,,,
9744ff80,565,Pablo,Sarabia,Pablo Sarabia,Sarabia,31.0,20,Wolves,WOL,3,MID,3.0,5.4,0.2,59.0,32.0,2902.0,32.2,0.24,0.25,0.92,2.0,0.3,0.27,0.0,0.24,0.25
3a24769f,29,Ross,Barkley,Ross Barkley,Barkley,29.0,2,Aston Villa,AVL,3,MID,3.0,5.3,0.6,65.0,40.0,3757.0,41.8,0.18,0.14,1.01,2.0,0.5,0.05,0.17,0.18,0.14
6adbc307,472,Jack,Stephens,Jack Stephens,Stephens,29.0,17,Southampton,SOU,2,DEF,3.0,4.0,0.9,51.0,39.0,3520.0,39.1,0.02,0.02,0.98,3.0,3.0,0.08,0.01,0.03,0.02
d56543a0,397,Ryan,Fraser,Ryan Fraser,Fraser,29.0,17,Southampton,SOU,3,MID,3.0,4.9,0.0,74.0,34.0,3411.0,37.900000000000006,0.12,0.12,1.01,,,,,,
a4ac4b8f,425,Willy,Boly,Willy Boly,Boly,32.0,16,Nott'm Forest,NFO,2,DEF,3.0,4.5,0.2,41.0,37.0,3023.0,33.6,0.06,0.06,1.01,2.0,1.0,0.07,0.0,0.06,0.06
79c0821a,354,Mateo,Kovačić,Mateo Kovačić,Kovačić,29.0,13,Man City,MCI,3,MID,3.0,5.5,1.6,82.0,49.0,4816.0,53.5,0.08,0.11,0.99,3.0,2.5,0.05,0.02,0.08,0.11
,589,Niclas,Füllkrug,,Füllkrug,,19,West Ham,WHU,4,FWD,,6.9,2.4,,,,,,,,,,,,,
1900032e,307,Jannik,Vestergaard,Jannik Vestergaard,Vestergaard,30.0,11,Leicester,LEI,2,DEF,2.0,4.0,3.0,52.0,48.0,4285.0,47.6,0.04,0.0,0.98,2.0,2.0,0.0,0.0,0.04,0.0
2928dca2,288,Conor,Coady,Conor Coady,Coady,30.0,11,Leicester,LEI,2,DEF,3.0,4.0,0.2,74.0,69.0,6157.0,68.39999999999999,0.04,0.0,1.02,,,,,,
da2b8db3,276,Freddie,Ladapo,Freddie Ladapo,Ladapo,30.0,10,Ipswich,IPS,4,FWD,1.0,4.5,1.8,17.0,2.0,350.0,3.9,0.48,0.03,0.97,,,,,,
d3ce0e89,308,Danny,Ward,Danny Ward,Ward,29.0,11,Leicester,LEI,1,GKP,2.0,4.0,2.6,27.0,27.0,2430.0,27.0,0.0,0.0,1.0,,,,,,
d8931174,377,Harry,Maguire,Harry Maguire,Maguire,30.0,14,Man Utd,MUN,2,DEF,3.0,5.0,0.7,68.0,54.0,4935.0,54.8,0.09,0.04,0.98,3.0,2.0,0.02,0.01,0.09,0.04
0f7533cd,290,Bobby,De Cordova-Reid,Bobby Reid,De Cordova-Reid,30.0,11,Leicester,LEI,3,MID,3.0,5.4,0.1,110.0,72.0,6422.0,71.3,0.19,0.09,1.03,3.0,1.7,0.05,0.0,0.19,0.09
e06683ca,339,Virgil,van Dijk,Virgil van Dijk,Virgil,32.0,12,Liverpool,LIV,2,DEF,3.0,6.0,13.8,102.0,102.0,9072.0,100.8,0.08,0.04,1.01,3.0,3.0,0.01,0.02,0.08,0.04
5eecec3d,362,John,Stones,John Stones,Stones,29.0,13,Man City,MCI,2,DEF,3.0,5.4,1.8,53.0,45.0,4029.0,44.7,0.07,0.04,1.02,1.0,0.5,0.0,0.0,0.07,0.04
4b40d9ca,413,Nick,Pope,Nick Pope,Pope,31.0,15,Newcastle,NEW,1,GKP,3.0,5.0,8.8,88.0,88.0,7846.0,87.10000000000001,0.0,0.0,1.0,3.0,3.0,0.0,0.0,0.0,0.0
7956236f,47,Emiliano,Martínez Romero,Emiliano Martínez,Martinez,30.0,2,Aston Villa,AVL,1,GKP,3.0,5.0,13.1,106.0,106.0,9394.0,104.4,0.0,0.0,1.0,3.0,3.0,0.0,0.0,0.0,0.0
450ab6fc,407,Jamaal,Lascelles,Jamaal Lascelles,Lascelles,29.0,15,Newcastle,NEW,2,DEF,3.0,4.5,0.0,49.0,37.0,3356.0,37.3,0.05,0.01,1.01,,,,,,
3515d404,531,James,Ward-Prowse,James Ward-Prowse,Ward-Prowse,28.0,16,Nott'm Forest,NFO,3,MID,3.0,6.4,1.1,112.0,109.0,9677.0,107.5,0.1,0.2,1.14,1.0,0.2,0.0,0.0,0.1,0.2
1b84dbe1,36,Lucas,Digne,Lucas Digne,Digne,30.0,2,Aston Villa,AVL,2,DEF,3.0,4.5,4.4,90.0,74.0,6351.0,70.6,0.03,0.14,0.99,3.0,2.6,0.0,0.14,0.03,0.14
45963054,306,Jamie,Vardy,Jamie Vardy,Vardy,36.0,11,Leicester,LEI,4,FWD,3.0,5.6,7.0,97.0,57.0,5431.0,60.3,0.35,0.07,1.03,3.0,2.6,0.3,0.02,0.35,0.07
9e5708be,204,Sam,Johnstone,Sam Johnstone,Johnstone,30.0,20,Wolves,WOL,1,GKP,3.0,4.4,0.4,65.0,65.0,5845.0,65.0,0.0,0.0,1.0,1.0,1.0,0.0,0.0,0.0,0.0
b561db50,252,Raúl,Jiménez,Raúl Jiménez,Raúl,32.0,9,Fulham,FUL,4,FWD,3.0,5.4,0.4,73.0,56.0,4872.0,54.1,0.27,0.12,0.98,3.0,0.4,0.11,0.0,0.27,0.12
ce4246f5,532,Kurt,Zouma,Kurt Zouma,Zouma,28.0,19,West Ham,WHU,2,DEF,3.0,4.4,0.4,82.0,80.0,6905.0,76.7,0.07,0.01,1.01,,,,,,
cc2d7ad5,475,Charlie,Taylor,Charlie Taylor,Taylor,29.0,17,Southampton,SOU,2,DEF,3.0,4.0,4.8,92.0,72.0,6787.0,75.4,0.01,0.06,1.01,1.0,0.2,0.0,0.0,0.01,0.06
b400bde0,186,Raheem,Sterling,Raheem Sterling,Sterling,28.0,1,Arsenal,ARS,3,MID,3.0,6.8,1.2,89.0,68.0,5997.0,66.6,0.33,0.21,1.01,,,,,,
16e9d0ea,26,Álex,Moreno Lopera,Álex Moreno,Alex Moreno,30.0,16,Nott'm Forest,NFO,2,DEF,3.0,4.4,0.5,85.0,68.0,6114.0,68.0,0.08,0.11,1.0,,,,,,
967ac6e1,277,Massimo,Luongo,Massimo Luongo,Luongo,30.0,10,Ipswich,IPS,3,MID,1.0,4.5,0.6,43.0,37.0,3159.0,35.1,0.04,0.04,1.01,2.0,1.5,0.0,0.0,0.04,0.04
c5b7c315,228,Michael,Keane,Michael Keane,Keane,30.0,8,Everton,EVE,2,DEF,3.0,4.0,3.8,53.0,45.0,4216.0,46.8,0.09,0.05,1.03,3.0,3.0,0.08,0.02,0.09,0.05
9c94165b,387,Luke,Shaw,Luke Shaw,Shaw,28.0,14,Man Utd,MUN,2,DEF,3.0,4.9,0.3,63.0,61.0,5112.0,56.9,0.02,0.13,1.0,,,,,,
4dc4f138,583,Conor,Townsend,Conor Townsend,Townsend,30.0,10,Ipswich,IPS,2,DEF,3.0,4.0,0.4,131.0,120.0,10801.0,120.0,0.03,0.06,0.95,,,,,,
a0666d3e,203,Will,Hughes,Will Hughes,Hughes,28.0,7,Crystal Palace,CRY,3,MID,3.0,4.9,0.0,73.0,43.0,3786.0,42.1,0.02,0.06,1.01,2.0,1.5,0.0,0.01,0.02,0.06
c666574f,283,Christian,Walton,Christian Walton,Walton,27.0,10,Ipswich,IPS,1,GKP,1.0,4.5,0.2,1.0,0.0,1.0,0.0,,,1.0,1.0,1.0,0.0,0.0,,
bb5fbd2b,132,Solly,March,Solly March,March,29.0,5,Brighton,BHA,3,MID,3.0,6.5,0.0,71.0,55.0,5015.0,55.8,0.24,0.23,0.98,,,,,,
e0bc6fdc,520,Emerson,Palmieri dos Santos,Emerson Palmieri,Emerson,28.0,19,West Ham,WHU,2,DEF,3.0,4.5,0.7,88.0,77.0,6726.0,74.9,0.04,0.07,1.0,3.0,2.8,0.02,0.02,0.04,0.07
c81d773d,187,Tosin,Adarabioyo,Tosin Adarabioyo,Tosin,25.0,6,Chelsea,CHE,2,DEF,3.0,4.4,0.2,86.0,82.0,7386.0,82.1,0.03,0.01,1.02,,,,,,
28d596a0,152,Kepa,Arrizabalaga,Kepa Arrizabalaga,Arrizabalaga,28.0,3,Bournemouth,BOU,1,GKP,3.0,4.5,0.5,47.0,46.0,4123.0,45.8,0.0,0.0,1.0,1.0,1.0,0.0,0.0,0.0,0.0
c40b6180,147,Adam,Webster,Adam Webster,Webster,28.0,5,Brighton,BHA,2,DEF,3.0,4.5,0.1,64.0,52.0,4563.0,50.7,0.06,0.01,0.98,1.0,0.2,0.0,0.0,0.06,0.01
4806ec67,235,Jordan,Pickford,Jordan Pickford,Pickford,29.0,8,Everton,EVE,1,GKP,3.0,4.9,11.1,110.0,110.0,9900.0,110.0,0.0,0.0,1.0,3.0,3.0,0.0,0.0,0.0,0.0
dc4cae05,62,David,Brooks,David Brooks,Brooks,26.0,3,Bournemouth,BOU,3,MID,3.0,4.9,0.0,43.0,22.0,1850.0,20.5,0.22,0.2,0.98,,,,,,
03df04ff,412,Odysseas,Vlachodimos,Odisseas Vlachodimos,Odysseas,29.0,15,Newcastle,NEW,1,GKP,1.0,4.4,0.1,5.0,5.0,450.0,5.0,0.0,0.01,1.0,,,,,,
dad4b285,145,Joël,Veltman,Joël Veltman,Veltman,31.0,5,Brighton,BHA,2,DEF,3.0,4.5,2.5,92.0,75.0,6650.0,73.8,0.04,0.03,1.0,3.0,2.8,0.02,0.04,0.04,0.03
77cf6852,405,Emil,Krafth,Emil Krafth,Krafth,28.0,15,Newcastle,NEW,2,DEF,3.0,4.5,0.2,38.0,26.0,2548.0,28.3,0.02,0.08,0.99,3.0,2.7,0.02,0.03,0.02,0.08
e7ee38c3,51,Robin,Olsen,Robin Olsen,Olsen,33.0,2,Aston Villa,AVL,1,GKP,3.0,4.5,0.1,21.0,18.0,1766.0,19.6,0.0,0.0,1.0,,,,,,
75a72a99,302,Ricardo,Barbosa Pereira,Ricardo Pereira,Ricardo,29.0,11,Leicester,LEI,2,DEF,3.0,4.4,0.2,63.0,55.0,4723.0,52.4,0.04,0.07,1.02,,,,,,
a105d46a,444,Harry,Toffolo,Harry Toffolo,Toffolo,27.0,16,Nott'm Forest,NFO,2,DEF,3.0,4.4,0.1,84.0,64.0,5959.0,66.2,0.07,0.08,1.02,1.0,0.4,0.04,0.0,0.07,0.08
de112b84,402,Jacob,Murphy,Jacob Murphy,J.Murphy,28.0,15,Newcastle,NEW,3,MID,3.0,5.4,1.0,90.0,41.0,3913.0,43.5,0.18,0.27,1.01,3.0,1.3,0.07,0.73,0.18,0.29
b0b4fd3e,349,Jack,Grealish,Jack Grealish,Grealish,27.0,13,Man City,MCI,3,MID,3.0,6.4,0.2,74.0,55.0,4978.0,55.3,0.21,0.27,0.99,2.0,1.0,0.33,0.25,0.22,0.27
4bcf39f6,229,Neal,Maupay,Neal Maupay,Maupay,26.0,8,Everton,EVE,4,FWD,3.0,4.9,1.0,90.0,50.0,4826.0,53.6,0.39,0.11,0.93,,,,,,
44781702,484,Ben,Davies,Ben Davies,Davies,30.0,18,Spurs,TOT,2,DEF,3.0,4.5,0.2,77.0,66.0,5916.0,65.7,0.1,0.06,0.97,,,,,,
38ceb24a,23,Leandro,Trossard,Leandro Trossard,Trossard,28.0,1,Arsenal,ARS,3,MID,3.0,6.9,1.9,104.0,76.0,6700.0,74.4,0.31,0.19,1.09,3.0,1.1,0.2,0.17,0.31,0.19
7a2e46a8,310,Alisson,Ramses Becker,Alisson,A.Becker,30.0,12,Liverpool,LIV,1,GKP,3.0,5.5,12.1,101.0,101.0,9090.0,101.0,0.0,0.01,1.0,3.0,3.0,0.0,0.0,0.0,0.01
a92ab7be,91,Mark,Flekken,Mark Flekken,Flekken,30.0,4,Brentford,BRE,1,GKP,3.0,4.5,11.1,103.0,103.0,9225.0,102.5,0.0,0.01,1.0,3.0,3.0,0.0,0.0,0.0,0.01
e342ad68,328,Mohamed,Salah,Mohamed Salah,M.Salah,31.0,12,Liverpool,LIV,3,MID,3.0,12.6,40.8,105.0,95.0,8586.0,95.5,0.54,0.32,0.96,3.0,2.9,0.6,0.47,0.55,0.33
c8aa95da,415,Fabian,Schär,Fabian Schär,Schär,31.0,15,Newcastle,NEW,2,DEF,3.0,5.4,0.9,97.0,96.0,8418.0,93.5,0.09,0.05,0.97,1.0,0.3,0.12,0.0,0.09,0.05
493924a7,250,Kevin,Mbabu,Kevin Mbabu,Mbabu,28.0,9,Fulham,FUL,2,DEF,3.0,4.0,0.4,55.0,37.0,3582.0,39.8,0.01,0.07,0.99,,,,,,
bd6351cd,353,João,Cavaco Cancelo,João Cancelo,João Cancelo,29.0,13,Man City,MCI,2,DEF,3.0,5.3,0.4,100.0,92.0,8016.0,89.1,0.06,0.14,0.98,,,,,,
3bb7b8b4,347,Ederson,Santana de Moraes,Ederson,Ederson M.,29.0,13,Man City,MCI,1,GKP,3.0,5.5,8.2,105.0,105.0,9265.0,102.9,0.0,0.0,1.0,3.0,3.0,0.0,0.0,0.0,0.0
02b29014,217,Abdoulaye,Doucouré,Abdoulaye Doucouré,A.Doucoure,30.0,8,Everton,EVE,3,MID,3.0,5.4,0.3,87.0,78.0,6699.0,74.4,0.22,0.1,1.01,3.0,1.4,0.15,0.0,0.22,0.1
0d85a4e8,155,Marcus,Bettinelli,,Bettinelli,,6,Chelsea,CHE,1,GKP,,4.0,0.4,,,,,,,,,,,,,
da61ca98,263,Cameron,Burgess,Cameron Burgess,Burgess,27.0,10,Ipswich,IPS,2,DEF,1.0,4.0,0.3,39.0,38.0,3421.0,38.0,0.02,0.02,1.0,,,,,,
2e4f5f03,335,Andrew,Robertson,Andrew Robertson,Robertson,29.0,12,Liverpool,LIV,2,DEF,3.0,6.0,6.0,86.0,76.0,6813.0,75.7,0.07,0.24,1.02,3.0,2.8,0.12,0.14,0.07,0.24
90f91999,48,John,McGinn,John McGinn,McGinn,28.0,2,Aston Villa,AVL,3,MID,3.0,5.5,1.9,104.0,100.0,8782.0,97.5,0.11,0.13,1.02,3.0,2.4,0.16,0.0,0.11,0.13
bf8fad51,40,Kortney,Hause,Kortney Hause,Hause,27.0,2,Aston Villa,AVL,2,DEF,2.0,4.0,0.7,10.0,6.0,588.0,6.5,0.03,0.0,1.01,,,,,,
eaeca114,341,Nathan,Aké,Nathan Aké,Aké,28.0,13,Man City,MCI,2,DEF,3.0,5.4,1.8,69.0,56.0,4838.0,53.8,0.09,0.05,1.0,1.0,0.0,0.0,0.0,0.09,0.05
df0a4c90,101,Christian,Nørgaard,Christian Nørgaard,Nørgaard,29.0,4,Brentford,BRE,3,MID,3.0,5.0,0.1,88.0,86.0,7322.0,81.3,0.11,0.1,0.95,3.0,3.0,0.16,0.05,0.11,0.1
8b04d6c1,490,Pierre-Emile,Højbjerg,Pierre Højbjerg,Højbjerg,27.0,18,Spurs,TOT,3,MID,3.0,5.0,0.0,107.0,79.0,7638.0,84.89999999999999,0.05,0.08,1.02,,,,,,
5791b997,556,Tom,King,,King,,20,Wolves,WOL,1,GKP,,4.0,1.5,,,,,,,,,,,,,
507c7bdf,366,Bruno,Borges Fernandes,Bruno Fernandes,B.Fernandes,28.0,14,Man Utd,MUN,3,MID,3.0,8.4,12.4,108.0,107.0,9545.0,106.0,0.2,0.37,1.0,3.0,2.9,0.45,0.29,0.21,0.37
e09f279b,108,Ivan,Toney,Ivan Toney,Toney,27.0,4,Brentford,BRE,4,FWD,3.0,7.3,2.7,83.0,81.0,7310.0,81.19999999999999,0.35,0.14,0.98,,,,,,
c06d1086,470,Paul,Onuachu,Paul Onuachu,Onuachu,28.0,17,Southampton,SOU,4,FWD,1.0,5.0,0.1,11.0,4.0,407.0,4.5,0.28,0.03,0.98,,,,,,
903b6e8b,554,José,Malheiro de Sá,José Sá,José Sá,30.0,20,Wolves,WOL,1,GKP,3.0,4.5,2.1,108.0,108.0,9562.0,106.2,0.0,0.0,1.0,2.0,2.0,0.0,0.03,0.0,0.0
8397a50c,49,Tyrone,Mings,Tyrone Mings,Mings,30.0,2,Aston Villa,AVL,2,DEF,3.0,4.4,0.1,72.0,71.0,6369.0,70.7,0.04,0.04,0.99,,,,,,
beb391dd,515,Maxwel,Cornet,Maxwel Cornet,Cornet,26.0,17,Southampton,SOU,3,MID,3.0,4.9,0.0,48.0,25.0,2186.0,24.200000000000003,0.33,0.08,1.04,,,,,,
b3fe23c6,264,Wes,Burns,Wes Burns,Burns,28.0,10,Ipswich,IPS,3,MID,1.0,4.9,0.0,35.0,31.0,2381.0,26.5,0.08,0.14,1.03,1.0,0.6,0.0,0.0,0.08,0.14
2b471f99,557,Mario,Lemina,Mario Lemina,Mario Jr.,29.0,20,Wolves,WOL,3,MID,3.0,5.0,0.2,100.0,86.0,7072.0,78.6,0.1,0.04,0.98,3.0,3.0,0.02,0.01,0.1,0.04
5a7301ae,33,Leander,Dendoncker,Leander Dendoncker,Dendoncker,28.0,2,Aston Villa,AVL,3,MID,3.0,4.5,0.8,65.0,31.0,3004.0,33.4,0.13,0.05,0.99,,,,,,
9b5ce51a,206,Jefferson,Lerma Solís,Jefferson Lerma,Lerma,28.0,7,Crystal Palace,CRY,3,MID,3.0,4.9,0.1,99.0,97.0,8506.0,94.5,0.08,0.07,0.96,2.0,0.9,0.02,0.52,0.08,0.08
c951a6df,400,Isaac,Hayden,Isaac Hayden,Hayden,28.0,15,Newcastle,NEW,3,MID,3.0,4.5,0.1,45.0,33.0,2801.0,31.1,0.02,0.01,1.0,,,,,,
6ca5ec4b,247,Alex,Iwobi,Alex Iwobi,Iwobi,27.0,9,Fulham,FUL,3,MID,3.0,5.5,1.2,98.0,87.0,7745.0,86.1,0.14,0.17,0.98,3.0,3.0,0.1,0.07,0.14,0.17
803ae100,254,Harrison,Reed,Harrison Reed,Reed,28.0,9,Fulham,FUL,3,MID,3.0,4.9,0.0,103.0,82.0,6886.0,76.4,0.04,0.09,0.98,3.0,0.1,0.0,0.0,0.04,0.09
c6dc9ecd,259,Harry,Wilson,Harry Wilson,Wilson,26.0,9,Fulham,FUL,3,MID,3.0,5.4,0.1,105.0,69.0,6196.0,68.8,0.18,0.16,0.97,3.0,0.4,0.0,0.0,0.18,0.16
30144daa,298,Stephy,Mavididi,Stephy Mavididi,Mavididi,25.0,11,Leicester,LEI,3,MID,3.0,5.4,0.3,102.0,83.0,7174.0,79.7,0.14,0.1,1.03,3.0,0.6,0.0,0.06,0.14,0.1
98ea5115,15,David,Raya Martin,David Raya,Raya,27.0,1,Arsenal,ARS,1,GKP,3.0,5.5,28.5,94.0,94.0,8460.0,94.0,0.0,0.0,1.0,3.0,3.0,0.0,0.0,0.0,0.0
e77dc3b2,82,Dominic,Solanke-Mitchell,Dominic Solanke,Solanke,25.0,18,Spurs,TOT,4,FWD,3.0,7.5,8.6,117.0,115.0,10271.0,114.1,0.38,0.09,0.94,1.0,1.0,0.34,0.06,0.38,0.09
4f565d77,359,Kalvin,Phillips,Kalvin Phillips,Phillips,27.0,10,Ipswich,IPS,3,MID,3.0,5.0,0.1,44.0,23.0,2298.0,25.4,0.05,0.03,0.98,1.0,0.8,0.0,0.0,0.05,0.03
2afc7272,64,Lewis,Cook,Lewis Cook,Cook,26.0,3,Bournemouth,BOU,3,MID,3.0,5.0,0.1,89.0,75.0,6679.0,74.2,0.01,0.12,0.99,3.0,2.9,0.07,0.12,0.01,0.12
68c720b5,453,Adam,Armstrong,Adam Armstrong,Armstrong,26.0,17,Southampton,SOU,4,FWD,3.0,5.5,1.4,99.0,75.0,6493.0,72.1,0.22,0.09,0.94,3.0,2.3,0.34,0.05,0.23,0.09
d79a8c87,202,Rob,Holding,Rob Holding,Holding,26.0,7,Crystal Palace,CRY,2,DEF,2.0,4.4,0.1,29.0,15.0,1411.0,15.7,0.05,0.0,1.02,,,,,,
6639e500,240,Andreas,Hoelgebaum Pereira,Andreas Pereira,Andreas,27.0,9,Fulham,FUL,3,MID,2.0,5.4,2.9,70.0,67.0,5305.0,58.9,0.18,0.21,0.92,3.0,2.9,0.02,0.29,0.17,0.22
2f7acede,309,Harry,Winks,Harry Winks,Winks,27.0,11,Leicester,LEI,3,MID,3.0,4.5,14.7,84.0,73.0,6667.0,74.1,0.02,0.04,0.98,3.0,3.0,0.0,0.04,0.02,0.04
26ce2263,63,Ryan,Christie,Ryan Christie,Christie,28.0,3,Bournemouth,BOU,3,MID,3.0,4.9,0.2,107.0,93.0,7738.0,86.0,0.09,0.15,0.88,3.0,1.7,0.0,0.08,0.09,0.15
984a5a64,476,Kyle,Walker-Peters,Kyle Walker-Peters,Walker-Peters,26.0,17,Southampton,SOU,2,DEF,3.0,4.5,0.5,106.0,102.0,9141.0,101.6,0.03,0.06,1.0,3.0,2.9,0.07,0.01,0.03,0.06
c149016b,320,Endo,Wataru,Wataru Endo,Endo,30.0,12,Liverpool,LIV,3,MID,3.0,4.9,0.2,95.0,86.0,7543.0,83.80000000000001,0.07,0.09,1.01,1.0,0.0,0.0,0.0,0.07,0.09
246d153b,422,Ola,Aina,Ola Aina,Aina,26.0,16,Nott'm Forest,NFO,2,DEF,3.0,4.4,2.1,62.0,46.0,4005.0,44.5,0.02,0.08,1.01,3.0,2.6,0.01,0.05,0.02,0.08
9a28eba4,239,Adama,Traoré,Adama Traoré,Adama,27.0,9,Fulham,FUL,3,MID,3.0,5.0,2.3,82.0,27.0,3322.0,36.900000000000006,0.17,0.19,0.97,3.0,2.6,0.18,0.44,0.18,0.22
fdf3cb77,516,Vladimír,Coufal,Vladimír Coufal,Coufal,30.0,19,West Ham,WHU,2,DEF,3.0,4.5,0.8,91.0,85.0,7477.0,83.0,0.01,0.1,0.98,3.0,1.8,0.01,0.06,0.01,0.1
49fe9070,509,Timo,Werner,Timo Werner,Werner,27.0,18,Spurs,TOT,3,MID,3.0,6.4,0.2,69.0,50.0,4236.0,47.1,0.38,0.15,0.93,2.0,0.3,0.0,0.0,0.38,0.15
b4a014b1,35,Diego Carlos,Santos Silva,Diego Carlos,Diego Carlos,30.0,2,Aston Villa,AVL,2,DEF,3.0,4.5,0.4,64.0,56.0,4978.0,55.4,0.08,0.0,0.98,,,,,,
3eb22ec9,342,Bernardo,Veiga de Carvalho e Silva,Bernardo Silva,Bernardo,28.0,13,Man City,MCI,3,MID,3.0,6.6,6.5,102.0,86.0,7640.0,84.8,0.13,0.22,1.08,3.0,3.0,0.17,0.4,0.13,0.23
197640fd,244,Timothy,Castagne,Timothy Castagne,Castagne,27.0,9,Fulham,FUL,2,DEF,3.0,4.4,1.7,98.0,87.0,8015.0,89.10000000000001,0.06,0.07,0.99,,,,,,
56f7a928,57,Youri,Tielemans,Youri Tielemans,Tielemans,26.0,2,Aston Villa,AVL,3,MID,3.0,5.5,1.2,95.0,73.0,6597.0,73.2,0.06,0.16,1.05,3.0,3.0,0.06,0.31,0.06,0.17
77d7c96f,257,Kenny,Tete,Kenny Tete,Tete,27.0,9,Fulham,FUL,2,DEF,3.0,4.5,0.4,65.0,54.0,4778.0,53.0,0.04,0.06,1.03,3.0,3.0,0.1,0.0,0.05,0.06
90e9ca3d,271,Marcus,Myers-Harness,Marcus Harness,Harness,27.0,10,Ipswich,IPS,3,MID,1.0,4.9,0.0,34.0,7.0,982.0,10.9,0.13,0.05,1.02,2.0,0.5,0.0,0.0,0.12,0.05
529f49ab,20,Thomas,Partey,Thomas Partey,Thomas,30.0,1,Arsenal,ARS,3,MID,3.0,5.0,1.5,71.0,60.0,5299.0,58.900000000000006,0.08,0.05,0.99,3.0,3.0,0.05,0.05,0.08,0.05
bdf3a08e,466,Joe,Lumley,Joe Lumley,Lumley,27.0,17,Southampton,SOU,1,GKP,2.0,4.0,0.3,75.0,75.0,6691.0,74.3,0.0,0.01,0.99,,,,,,
db4ed67b,119,Mahmoud,Dahoud,Mahmoud Dahoud,Dahoud,27.0,5,Brighton,BHA,3,MID,3.0,4.9,0.0,53.0,31.0,2674.0,29.6,0.07,0.14,1.01,,,,,,
f8eca1b6,65,Enes,Ünal,Enes Ünal,Enes Ünal,26.0,3,Bournemouth,BOU,4,FWD,3.0,5.4,0.0,91.0,71.0,6236.0,69.3,0.22,0.09,1.1,,,,,,
d328a254,76,Philip,Billing,Philip Billing,Philip,27.0,3,Bournemouth,BOU,3,MID,3.0,4.9,0.1,105.0,84.0,7466.0,82.9,0.15,0.13,1.05,1.0,0.1,0.0,0.0,0.15,0.13
cd1acf9d,311,Trent,Alexander-Arnold,Trent Alexander-Arnold,Alexander-Arnold,24.0,12,Liverpool,LIV,2,DEF,3.0,7.0,30.2,97.0,91.0,7931.0,88.1,0.08,0.33,1.0,3.0,2.5,0.07,0.5,0.08,0.34
e514ab62,416,Matt,Targett,Matt Targett,Targett,27.0,15,Newcastle,NEW,2,DEF,3.0,4.0,0.5,53.0,40.0,3559.0,39.6,0.02,0.09,1.0,,,,,,
289601e6,255,Antonee,Robinson,Antonee Robinson,Robinson,25.0,9,Fulham,FUL,2,DEF,3.0,4.6,16.1,108.0,105.0,9382.0,104.3,0.01,0.08,1.01,3.0,3.0,0.0,0.13,0.01,0.08
27f4f772,209,Remi,Matthews,Remi Matthews,Matthews,29.0,7,Crystal Palace,CRY,1,GKP,1.0,4.0,0.9,1.0,0.0,4.0,0.0,,,1.0,,,,,,
7a11550b,322,Joe,Gomez,Joe Gomez,Gomez,26.0,12,Liverpool,LIV,2,DEF,3.0,4.9,0.5,61.0,36.0,3583.0,39.8,0.03,0.05,0.98,,,,,,
31c69ef1,361,Rúben,Gato Alves Dias,Rúben Dias,Rúben,26.0,13,Man City,MCI,2,DEF,3.0,5.5,4.6,85.0,77.0,6959.0,77.3,0.06,0.03,0.94,3.0,3.0,0.09,0.01,0.06,0.03
4115ce4e,455,Jan,Bednarek,Jan Bednarek,Bednarek,27.0,17,Southampton,SOU,2,DEF,3.0,4.0,3.0,96.0,90.0,7949.0,88.3,0.04,0.01,1.02,3.0,2.9,0.0,0.03,0.04,0.01
,611,Sam,Szmodics,,Szmodics,,10,Ipswich,IPS,3,MID,,6.0,0.4,,,,,,,,,,,,,
e5a76dfe,201,Dean,Henderson,Dean Henderson,Henderson,26.0,7,Crystal Palace,CRY,1,GKP,2.0,4.5,14.6,36.0,36.0,3240.0,36.0,0.0,0.0,1.0,3.0,3.0,0.0,0.0,0.0,0.0
ee38d9c5,494,James,Maddison,James Maddison,Maddison,26.0,18,Spurs,TOT,3,MID,3.0,7.5,4.7,93.0,82.0,7074.0,78.6,0.26,0.27,1.06,3.0,2.6,0.19,0.26,0.26,0.27
d2424d1b,160,Ben,Chilwell,Ben Chilwell,Chilwell,26.0,6,Chelsea,CHE,2,DEF,3.0,4.9,0.7,43.0,30.0,2706.0,30.0,0.12,0.19,1.03,,,,,,
43309491,262,Nathan,Broadhead,Nathan Broadhead,Broadhead,25.0,10,Ipswich,IPS,3,MID,2.0,4.9,0.0,60.0,40.0,3363.0,37.4,0.15,0.08,1.1,,,,,,
e34fc66d,191,Joachim,Andersen,Joachim Andersen,Andersen,27.0,9,Fulham,FUL,2,DEF,3.0,4.4,13.0,104.0,102.0,9113.0,101.2,0.04,0.06,0.98,1.0,1.0,0.04,0.0,0.04,0.06
3f2587ee,510,Alfie,Whiteman,,Whiteman,,18,Spurs,TOT,1,GKP,,4.0,1.6,,,,,,,,,,,,,
a1d5bd30,385,Marcus,Rashford,Marcus Rashford,Rashford,25.0,14,Man Utd,MUN,3,MID,3.0,6.9,3.0,93.0,71.0,6385.0,70.9,0.33,0.1,1.02,3.0,2.7,0.0,0.54,0.32,0.13
59e6e5bf,220,Dominic,Calvert-Lewin,Dominic Calvert-Lewin,Calvert-Lewin,26.0,8,Everton,EVE,4,FWD,3.0,5.9,1.7,66.0,56.0,4619.0,51.3,0.43,0.11,0.85,3.0,2.6,0.14,0.08,0.42,0.11
79c84d1c,514,Jarrod,Bowen,Jarrod Bowen,Bowen,26.0,19,West Ham,WHU,3,MID,3.0,7.5,6.0,108.0,104.0,9235.0,102.5,0.31,0.18,1.02,3.0,2.7,0.07,0.26,0.3,0.19
aed3a70f,58,Ollie,Watkins,Ollie Watkins,Watkins,27.0,2,Aston Villa,AVL,4,FWD,3.0,8.9,26.4,109.0,106.0,9296.0,103.2,0.44,0.16,1.0,3.0,2.1,0.77,0.22,0.45,0.16
862a1c15,391,Miguel,Almirón Rejala,Miguel Almirón,Almirón,29.0,15,Newcastle,NEW,3,MID,3.0,5.8,0.6,97.0,71.0,6144.0,68.3,0.23,0.11,1.01,2.0,0.0,0.0,0.0,0.23,0.11
1daec722,163,Marc,Cucurella Saseta,Marc Cucurella,Cucurella,25.0,6,Chelsea,CHE,2,DEF,3.0,5.0,6.0,81.0,76.0,6565.0,73.0,0.04,0.05,0.98,3.0,2.8,0.0,0.0,0.04,0.05
a2b105e0,410,Sean,Longstaff,Sean Longstaff,Longstaff,25.0,15,Newcastle,NEW,3,MID,3.0,4.9,0.9,92.0,73.0,6729.0,74.8,0.17,0.09,0.96,3.0,2.5,0.0,0.01,0.16,0.09
5515376c,159,Trevoh,Chalobah,Trevoh Chalobah,Chalobah,24.0,7,Crystal Palace,CRY,2,DEF,3.0,4.4,0.2,58.0,45.0,4009.0,44.6,0.04,0.02,1.03,,,,,,
2baec6ce,282,Axel,Tuanzebe,Axel Tuanzebe,Tuanzebe,25.0,10,Ipswich,IPS,2,DEF,3.0,4.0,1.6,32.0,25.0,2149.0,23.8,0.01,0.01,0.99,3.0,2.8,0.02,0.01,0.01,0.01
c17bfb65,403,Joelinton Cássio,Apolinário de Lira,Joelinton,Joelinton,26.0,15,Newcastle,NEW,3,MID,3.0,6.0,2.6,87.0,75.0,6498.0,72.2,0.21,0.12,0.98,3.0,3.0,0.18,0.01,0.21,0.12
e6bc67d7,548,Gonçalo Manuel,Ganchinho Guedes,Gonçalo Guedes,Guedes,26.0,20,Wolves,WOL,3,MID,3.0,5.4,0.1,66.0,47.0,4264.0,47.5,0.14,0.1,1.09,1.0,0.2,0.0,0.0,0.14,0.1
60344e4f,90,Josh,Dasilva,Josh Dasilva,Dasilva,24.0,4,Brentford,BRE,3,MID,3.0,4.9,0.0,48.0,16.0,1670.0,18.6,0.09,0.1,1.04,,,,,,
79300479,13,Martin,Ødegaard,Martin Ødegaard,Ødegaard,24.0,1,Arsenal,ARS,3,MID,3.0,8.4,10.9,108.0,104.0,9003.0,99.9,0.21,0.25,1.1,3.0,2.8,0.16,0.1,0.21,0.25
77d6fd4d,508,Guglielmo,Vicario,Guglielmo Vicario,Vicario,26.0,18,Spurs,TOT,1,GKP,3.0,5.0,3.9,107.0,107.0,9623.0,106.9,0.0,0.0,1.0,3.0,3.0,0.0,0.0,0.0,0.0
9674002f,382,Mason,Mount,Mason Mount,Mount,24.0,14,Man Utd,MUN,3,MID,3.0,6.4,0.2,70.0,52.0,4527.0,50.3,0.16,0.17,1.07,2.0,1.2,0.33,0.06,0.17,0.17
6aa3e78b,579,Ryan,Sessegnon,Ryan Sessegnon,Sessegnon,22.0,9,Fulham,FUL,2,DEF,2.0,4.4,0.2,32.0,22.0,1860.0,20.6,0.12,0.16,1.0,,,,,,
c07b7c5c,457,James,Bree,James Bree,Bree,25.0,17,Southampton,SOU,2,DEF,3.0,4.0,0.2,93.0,86.0,7607.0,84.5,0.01,0.1,0.97,,,,,,
f5deef4c,376,Victor,Lindelöf,Victor Lindelöf,Lindelof,29.0,14,Man Utd,MUN,2,DEF,3.0,4.4,0.1,67.0,54.0,5048.0,56.2,0.03,0.02,0.99,,,,,,
169fd162,550,Hwang,Hee-chan,Hwang Hee-chan,Hee Chan,27.0,20,Wolves,WOL,3,MID,3.0,6.4,0.7,88.0,57.0,5114.0,56.8,0.26,0.11,1.07,3.0,2.0,0.0,0.06,0.25,0.11
a8c0acb7,86,Kristoffer,Ajer,Kristoffer Ajer,Ajer,25.0,4,Brentford,BRE,2,DEF,3.0,4.5,0.4,61.0,53.0,4590.0,51.1,0.05,0.08,1.02,3.0,2.4,0.11,0.01,0.06,0.08
fce2302c,21,Kieran,Tierney,Kieran Tierney,Tierney,26.0,1,Arsenal,ARS,2,DEF,3.0,4.4,0.0,69.0,42.0,3948.0,43.900000000000006,0.02,0.05,1.0,,,,,,
328f7d51,452,Joe,Aribo,Joe Aribo,Aribo,27.0,17,Southampton,SOU,3,MID,2.0,5.0,0.1,56.0,29.0,2830.0,31.4,0.07,0.05,1.04,3.0,2.5,0.21,0.26,0.09,0.08
8a3c1dc7,92,Rico,Henry,Rico Henry,Henry,26.0,4,Brentford,BRE,2,DEF,3.0,4.4,0.1,76.0,75.0,6415.0,71.3,0.04,0.08,1.0,,,,,,
d0042ab9,225,Mason,Holgate,Mason Holgate,Holgate,26.0,8,Everton,EVE,2,DEF,3.0,4.0,0.5,48.0,41.0,3640.0,40.4,0.08,0.03,0.98,1.0,0.1,0.0,0.0,0.08,0.03
0a6cb1b1,303,Harry,Souttar,Harry Souttar,Souttar,24.0,11,Leicester,LEI,2,DEF,3.0,4.0,0.0,38.0,35.0,3148.0,35.0,0.06,0.01,0.96,,,,,,
178ae8f8,317,Diogo,Teixeira da Silva,Diogo Jota,Diogo J.,26.0,12,Liverpool,LIV,3,MID,3.0,7.6,18.8,78.0,53.0,4640.0,51.6,0.51,0.22,1.05,3.0,2.5,0.65,0.27,0.53,0.23
efb9215a,408,Jamal,Lewis,Jamal Lewis,Lewis,25.0,15,Newcastle,NEW,2,DEF,3.0,4.0,0.5,43.0,36.0,3046.0,33.8,0.02,0.06,0.98,,,,,,
66b76d44,31,Emiliano,Buendía Stati,Emi Buendía,Buendia,25.0,2,Aston Villa,AVL,3,MID,2.0,5.4,0.1,73.0,49.0,4311.0,47.900000000000006,0.22,0.23,0.99,,,,,,
d93c2511,381,Scott,McTominay,Scott McTominay,McTominay,26.0,14,Man Utd,MUN,3,MID,3.0,4.9,0.5,86.0,56.0,5448.0,60.5,0.19,0.04,1.0,2.0,0.2,0.33,0.0,0.19,0.04
4ec55b87,265,Conor,Chaplin,Conor Chaplin,Chaplin,26.0,10,Ipswich,IPS,3,MID,1.0,5.4,0.2,44.0,42.0,3340.0,37.1,0.16,0.08,1.01,3.0,0.8,0.0,0.0,0.16,0.08
,588,Guido,Rodríguez,,G.Rodríguez,,19,West Ham,WHU,3,MID,,5.0,0.1,,,,,,,,,,,,,
515ebe8d,332,Nathaniel,Phillips,Nathaniel Phillips,N.Phillips,26.0,12,Liverpool,LIV,2,DEF,3.0,4.0,0.2,37.0,35.0,3126.0,34.7,0.02,0.01,0.99,,,,,,
7d2d3329,287,Hamza,Choudhury,Hamza Choudhury,Choudhury,25.0,11,Leicester,LEI,3,MID,3.0,4.5,0.3,76.0,55.0,4790.0,53.3,0.01,0.01,0.98,,,,,,
35e413f1,24,Benjamin,White,Ben White,White,25.0,1,Arsenal,ARS,2,DEF,3.0,6.5,9.1,107.0,103.0,8923.0,99.1,0.03,0.09,1.04,3.0,3.0,0.04,0.0,0.03,0.09
3353737a,496,Sergio,Reguilón,Sergio Reguilón,Reguilón,26.0,18,Spurs,TOT,2,DEF,3.0,4.4,0.2,61.0,42.0,3755.0,41.7,0.08,0.19,0.96,,,,,,
0562b7f1,198,Odsonne,Edouard,Odsonne Édouard,Edouard,25.0,11,Leicester,LEI,4,FWD,3.0,5.4,0.6,93.0,55.0,4922.0,54.7,0.3,0.07,1.01,2.0,1.3,0.31,0.04,0.3,0.07
2389cdc2,32,Matty,Cash,Matty Cash,Cash,25.0,2,Aston Villa,AVL,2,DEF,3.0,4.5,2.0,93.0,81.0,7339.0,81.5,0.11,0.08,0.98,2.0,1.1,0.0,0.1,0.11,0.08
0313a347,44,Ezri,Konsa Ngoyo,Ezri Konsa,Konsa,25.0,2,Aston Villa,AVL,2,DEF,3.0,4.5,13.2,102.0,101.0,8868.0,98.5,0.05,0.02,0.96,3.0,3.0,0.02,0.01,0.05,0.02
a3b03921,420,Joe,Willock,Joe Willock,Willock,23.0,15,Newcastle,NEW,3,MID,3.0,4.9,0.1,73.0,60.0,5015.0,55.7,0.21,0.16,0.92,1.0,0.2,0.33,0.0,0.21,0.16
d04b94db,559,Nélson,Cabral Semedo,Nélson Semedo,N.Semedo,29.0,20,Wolves,WOL,2,DEF,3.0,4.5,0.0,97.0,92.0,7847.0,87.19999999999999,0.03,0.04,0.94,1.0,0.8,0.0,0.0,0.03,0.04
fd78b105,465,Mateusz,Lis,Mateusz Lis,Lis,25.0,17,Southampton,SOU,1,GKP,1.0,4.0,0.2,9.0,8.0,751.0,8.3,0.0,0.0,1.0,,,,,,
7fcc71d8,562,Daniel,Castelo Podence,Daniel Podence,Podence,26.0,20,Wolves,WOL,3,MID,2.0,5.5,0.1,58.0,35.0,3255.0,36.2,0.18,0.16,1.03,2.0,0.5,0.07,0.0,0.18,0.16
c5bdb6e3,10,Reiss,Nelson,Reiss Nelson,Nelson,23.0,9,Fulham,FUL,3,MID,3.0,5.0,0.1,48.0,11.0,1410.0,15.7,0.19,0.27,1.01,1.0,0.0,0.0,0.0,0.19,0.27
62d7ef38,325,Caoimhin,Kelleher,Caoimhín Kelleher,Kelleher,24.0,12,Liverpool,LIV,1,GKP,3.0,4.4,0.3,13.0,13.0,1170.0,13.0,0.0,0.0,1.0,,,,,,
2b09d998,60,Tyler,Adams,Tyler Adams,Adams,24.0,3,Bournemouth,BOU,3,MID,3.0,5.0,0.0,51.0,37.0,3628.0,40.3,0.0,0.06,0.99,,,,,,
d7553721,493,Giovani,Lo Celso,Giovani Lo Celso,Lo Celso,27.0,18,Spurs,TOT,3,MID,3.0,4.9,0.1,69.0,31.0,2864.0,31.7,0.12,0.24,1.01,,,,,,
a2d873dd,446,Hwang,Ui-jo,Hwang Ui-jo,Ui-jo,30.0,16,Nott'm Forest,NFO,4,FWD,2.0,4.5,3.6,49.0,38.0,3278.0,36.5,0.19,0.03,1.04,,,,,,
5c0da4a4,83,Marcus,Tavernier,Marcus Tavernier,Tavernier,24.0,3,Bournemouth,BOU,3,MID,3.0,5.5,0.3,97.0,87.0,7764.0,86.3,0.14,0.17,0.98,3.0,2.9,0.67,0.18,0.17,0.17
3ea50f67,392,Harvey,Barnes,Harvey Barnes,Barnes,25.0,15,Newcastle,NEW,3,MID,3.0,6.4,0.6,87.0,63.0,5614.0,62.3,0.31,0.18,1.08,3.0,1.3,0.32,0.6,0.31,0.19
e9c0c1b2,383,André,Onana,André Onana,Onana,27.0,14,Man Utd,MUN,1,GKP,3.0,5.0,5.2,68.0,68.0,6120.0,68.0,0.0,0.0,1.0,3.0,3.0,0.0,0.0,0.0,0.0
3b8674e6,480,Rodrigo,Bentancur,Rodrigo Bentancur,Bentancur,26.0,18,Spurs,TOT,3,MID,3.0,5.0,0.1,77.0,59.0,5021.0,55.8,0.12,0.07,1.01,2.0,1.0,0.27,0.0,0.13,0.07
6b47c5db,300,Wilfred,Ndidi,Wilfred Ndidi,Ndidi,26.0,11,Leicester,LEI,3,MID,3.0,5.0,0.2,78.0,63.0,5424.0,60.3,0.07,0.05,0.96,3.0,3.0,0.06,0.06,0.07,0.05
d38fdf53,122,Pervis,Estupiñán,Pervis Estupiñán,Estupiñan,25.0,5,Brighton,BHA,2,DEF,3.0,5.0,0.3,82.0,63.0,5493.0,61.0,0.06,0.19,0.99,1.0,0.2,0.18,0.24,0.06,0.19
1c7012b8,16,Declan,Rice,Declan Rice,Rice,24.0,1,Arsenal,ARS,3,MID,3.0,6.4,4.0,111.0,108.0,9677.0,107.5,0.06,0.11,1.1,3.0,2.5,0.07,0.14,0.06,0.11
8449d35e,94,Vitaly,Janelt,Vitaly Janelt,Janelt,25.0,4,Brentford,BRE,3,MID,3.0,5.0,0.1,104.0,88.0,7560.0,83.9,0.07,0.11,1.02,3.0,2.4,0.03,0.03,0.07,0.11
5ed9b537,326,Ibrahima,Konaté,Ibrahima Konaté,Konaté,24.0,12,Liverpool,LIV,2,DEF,3.0,5.0,3.8,51.0,45.0,4116.0,45.7,0.05,0.01,0.96,3.0,2.5,0.09,0.0,0.05,0.01
4315f30d,176,Malang,Sarr,Malang Sarr,M.Sarr,23.0,6,Chelsea,CHE,2,DEF,2.0,4.5,0.0,21.0,14.0,1262.0,14.1,0.0,0.02,1.0,,,,,,
57827369,584,Ben,Brereton Díaz,Ben Brereton,Brereton Díaz,24.0,17,Southampton,SOU,3,MID,3.0,5.4,0.6,108.0,89.0,7898.0,87.8,0.23,0.07,1.03,3.0,2.8,0.18,0.04,0.23,0.07
f9b1b7bf,438,Omar,Richards,Omar Richards,O.Richards,23.0,16,Nott'm Forest,NFO,2,DEF,1.0,4.5,0.0,12.0,5.0,438.0,4.9,0.04,0.02,0.99,,,,,,
847b53eb,467,Ryan,Manning,Ryan Manning,Manning,27.0,17,Southampton,SOU,2,DEF,3.0,4.4,0.1,118.0,104.0,9437.0,104.9,0.03,0.09,1.01,,,,,,
c1fe2a48,449,Ryan,Yates,Ryan Yates,Yates,25.0,16,Nott'm Forest,NFO,3,MID,3.0,5.0,0.2,104.0,83.0,7503.0,83.3,0.11,0.04,0.95,3.0,1.5,0.18,0.16,0.11,0.04
a53649b7,11,Eddie,Nketiah,Eddie Nketiah,Nketiah,24.0,7,Crystal Palace,CRY,4,FWD,3.0,5.9,0.6,78.0,27.0,3006.0,33.4,0.5,0.1,0.96,,,,,,
b66315ae,2,Gabriel,Fernando de Jesus,Gabriel Jesus,G.Jesus,26.0,1,Arsenal,ARS,4,FWD,3.0,6.8,0.9,81.0,62.0,5419.0,60.2,0.47,0.22,0.91,1.0,0.1,0.0,0.0,0.47,0.22
51cf8561,25,Oleksandr,Zinchenko,Oleksandr Zinchenko,Zinchenko,26.0,1,Arsenal,ARS,2,DEF,3.0,5.0,2.5,69.0,56.0,4887.0,54.2,0.04,0.11,0.99,2.0,0.9,0.0,0.0,0.04,0.11
4fb9c88f,324,Curtis,Jones,Curtis Jones,Jones,22.0,12,Liverpool,LIV,3,MID,3.0,5.4,0.1,56.0,36.0,3053.0,34.0,0.15,0.07,1.01,,,,,,
d0b6129f,622,Sander,Berge,Sander Berge,Berge,25.0,9,Fulham,FUL,3,MID,3.0,5.0,0.0,105.0,90.0,8190.0,91.0,0.07,0.07,1.01,1.0,0.2,0.0,0.35,0.07,0.07
10d221cd,294,Daniel,Iversen,Daniel Iversen,Iversen,26.0,11,Leicester,LEI,1,GKP,3.0,4.0,0.7,76.0,75.0,6828.0,75.9,0.0,0.0,1.0,,,,,,
0f134faf,95,Mathias,Jensen,Mathias Jensen,Jensen,27.0,4,Brentford,BRE,3,MID,3.0,5.5,0.2,100.0,83.0,6608.0,73.4,0.06,0.16,1.04,3.0,2.6,0.04,0.28,0.06,0.17
82518f62,394,Bruno,Guimarães Rodriguez Moura,Bruno Guimarães,Bruno G.,25.0,15,Newcastle,NEW,3,MID,3.0,6.4,2.6,106.0,99.0,8657.0,96.3,0.12,0.16,1.06,3.0,3.0,0.02,0.04,0.12,0.16
a5212312,448,Joe,Worrall,Joe Worrall,Worrall,26.0,16,Nott'm Forest,NFO,2,DEF,3.0,4.5,0.0,76.0,65.0,6173.0,68.6,0.02,0.02,0.97,,,,,,
c795c408,441,Jonathan,Panzo,Jonathan Panzo,Panzo,22.0,16,Nott'm Forest,NFO,2,DEF,3.0,4.0,0.0,34.0,25.0,2387.0,26.5,0.04,0.0,0.98,,,,,,
d0706b27,200,Marc,Guéhi,Marc Guéhi,Guéhi,23.0,7,Crystal Palace,CRY,2,DEF,3.0,4.5,6.0,98.0,96.0,8572.0,95.3,0.04,0.02,0.97,3.0,3.0,0.0,0.0,0.04,0.02
6250083a,501,Oliver,Skipp,Oliver Skipp,Skipp,22.0,11,Leicester,LEI,3,MID,3.0,5.0,0.0,62.0,37.0,3548.0,39.5,0.04,0.05,1.0,2.0,1.0,0.05,0.0,0.04,0.05
15f3ec41,434,Callum,Hudson-Odoi,Callum Hudson-Odoi,Hudson-Odoi,22.0,16,Nott'm Forest,NFO,3,MID,3.0,5.4,2.6,58.0,38.0,3421.0,38.0,0.13,0.14,1.06,3.0,2.7,0.09,0.19,0.13,0.15
dbf053da,386,Jadon,Sancho,Jadon Sancho,Sancho,23.0,6,Chelsea,CHE,3,MID,3.0,6.3,0.3,72.0,52.0,4612.0,51.2,0.15,0.23,1.04,,,,,,
ed1e53f3,348,Phil,Foden,Phil Foden,Foden,23.0,13,Man City,MCI,3,MID,3.0,9.4,7.3,95.0,79.0,6827.0,75.8,0.33,0.25,1.17,1.0,0.5,0.0,0.0,0.33,0.25
17695062,19,Emile,Smith Rowe,Emile Smith Rowe,Smith Rowe,23.0,9,Fulham,FUL,3,MID,3.0,5.6,26.2,58.0,24.0,2446.0,27.1,0.34,0.11,1.03,3.0,2.2,0.31,0.0,0.35,0.1
,593,Matthijs,de Ligt,,De Ligt,,14,Man Utd,MUN,2,DEF,,5.0,3.2,,,,,,,,,,,,,
15b287da,205,Daichi,Kamada,Daichi Kamada,Kamada,26.0,7,Crystal Palace,CRY,3,MID,3.0,5.4,0.3,93.0,65.0,5948.0,66.2,0.15,0.11,0.97,3.0,2.0,0.06,0.06,0.15,0.11
e5478b87,424,Taiwo,Awoniyi,Taiwo Awoniyi,Awoniyi,25.0,16,Nott'm Forest,NFO,4,FWD,3.0,5.9,0.6,78.0,58.0,4620.0,51.4,0.4,0.1,1.07,3.0,0.4,0.29,0.0,0.4,0.1
bced0375,442,Ibrahim,Sangaré,Ibrahim Sangaré,Sangaré,25.0,16,Nott'm Forest,NFO,3,MID,3.0,4.5,2.7,77.0,67.0,5934.0,65.9,0.07,0.04,0.98,3.0,2.4,0.01,0.01,0.07,0.04
288e1e13,529,Nayef,Aguerd,Nayef Aguerd,N.Aguerd,27.0,19,West Ham,WHU,2,DEF,3.0,4.4,0.1,70.0,69.0,6187.0,68.7,0.08,0.01,0.99,,,,,,
89ac64a6,340,Manuel,Akanji,Manuel Akanji,Akanji,28.0,13,Man City,MCI,2,DEF,3.0,5.5,5.7,85.0,77.0,7059.0,78.4,0.06,0.02,0.97,3.0,3.0,0.0,0.02,0.06,0.02
c6e8cf1f,249,Saša,Lukić,Saša Lukić,Lukić,26.0,9,Fulham,FUL,3,MID,3.0,5.0,0.1,87.0,64.0,5711.0,63.5,0.08,0.07,0.98,3.0,2.9,0.0,0.02,0.08,0.07
fa031b34,497,Richarlison,de Andrade,Richarlison,Richarlison,26.0,18,Spurs,TOT,4,FWD,3.0,6.9,0.7,85.0,58.0,5024.0,55.8,0.42,0.14,0.99,2.0,0.3,0.67,0.0,0.42,0.14
7c56da38,181,Christopher,Nkunku,Christopher Nkunku,Nkunku,25.0,6,Chelsea,CHE,3,MID,3.0,6.2,6.4,70.0,53.0,5063.0,56.3,0.41,0.16,1.07,3.0,0.8,0.19,0.25,0.41,0.16
8b3ab7ad,511,Edson,Álvarez Velázquez,Edson Álvarez,Álvarez,25.0,19,West Ham,WHU,3,MID,3.0,5.0,0.1,93.0,86.0,7294.0,81.0,0.06,0.04,1.0,2.0,1.0,0.01,0.04,0.06,0.04
d0f72bf1,524,Max,Kilman,Max Kilman,Kilman,26.0,19,West Ham,WHU,2,DEF,3.0,4.5,2.7,105.0,105.0,9414.0,104.6,0.05,0.03,0.98,3.0,3.0,0.09,0.05,0.05,0.03
f315ca93,337,Konstantinos,Tsimikas,Kostas Tsimikas,Tsimikas,27.0,12,Liverpool,LIV,2,DEF,3.0,4.8,0.3,46.0,26.0,2327.0,25.8,0.03,0.18,0.98,2.0,0.2,0.0,0.0,0.03,0.18
5e105217,471,Will,Smallbone,William Smallbone,Smallbone,23.0,17,Southampton,SOU,3,MID,3.0,5.0,0.1,90.0,75.0,6367.0,70.8,0.07,0.07,0.98,3.0,2.4,0.13,0.12,0.07,0.07
5e253986,479,Brandon,Austin,,Austin,,18,Spurs,TOT,1,GKP,,4.0,0.5,,,,,,,,,,,,,
9e525177,388,Aaron,Wan-Bissaka,Aaron Wan-Bissaka,Wan-Bissaka,25.0,19,West Ham,WHU,2,DEF,3.0,4.5,1.8,61.0,56.0,5008.0,55.6,0.03,0.07,0.97,2.0,1.3,0.0,0.03,0.03,0.07
46ff3923,269,George,Edmundson,George Edmundson,Edmundson,25.0,10,Ipswich,IPS,2,DEF,1.0,4.0,0.2,10.0,10.0,888.0,9.9,0.02,0.03,0.99,1.0,0.0,0.0,0.0,0.02,0.03
6a713852,185,Robert,Sánchez,Robert Sánchez,Sánchez,25.0,6,Chelsea,CHE,1,GKP,3.0,4.5,4.1,76.0,76.0,6832.0,75.9,0.0,0.0,1.0,3.0,3.0,0.0,0.0,0.0,0.0
dd323728,437,Neco,Williams,Neco Williams,N.Williams,22.0,16,Nott'm Forest,NFO,2,DEF,3.0,4.5,0.7,72.0,52.0,4719.0,52.39999999999999,0.05,0.08,1.0,3.0,3.0,0.15,0.07,0.06,0.08
de31038e,423,Elliot,Anderson,Elliot Anderson,Anderson,20.0,16,Nott'm Forest,NFO,3,MID,2.0,5.0,0.2,43.0,13.0,1437.0,16.0,0.15,0.19,0.96,3.0,2.0,0.05,0.07,0.14,0.18
5c74c0f5,166,Kiernan,Dewsbury-Hall,Kiernan Dewsbury-Hall,Dewsbury-Hall,24.0,6,Chelsea,CHE,3,MID,3.0,5.9,0.2,103.0,92.0,8047.0,89.4,0.1,0.16,1.01,2.0,0.4,0.0,0.0,0.1,0.16
6613c819,530,Tomáš,Souček,Tomáš Souček,Souček,28.0,19,West Ham,WHU,3,MID,3.0,5.0,3.3,108.0,100.0,8747.0,97.2,0.17,0.06,0.98,3.0,2.0,0.61,0.06,0.19,0.06
3a233281,28,Leon,Bailey,Leon Bailey,Bailey,25.0,2,Aston Villa,AVL,3,MID,3.0,6.5,2.5,86.0,55.0,4796.0,53.4,0.25,0.31,1.03,3.0,2.0,0.12,0.06,0.25,0.3
d9565625,369,Diogo,Dalot Teixeira,Diogo Dalot,Dalot,24.0,14,Man Utd,MUN,2,DEF,3.0,5.0,7.9,86.0,78.0,7129.0,79.19999999999999,0.06,0.08,0.97,3.0,3.0,0.01,0.08,0.06,0.08
2500cef9,110,Yoane,Wissa,Yoane Wissa,Wissa,26.0,4,Brentford,BRE,4,FWD,3.0,6.1,7.6,102.0,57.0,5383.0,59.8,0.35,0.13,1.09,3.0,2.7,0.77,0.12,0.38,0.13
9c221d14,291,Wout,Faes,Wout Faes,Faes,25.0,11,Leicester,LEI,2,DEF,3.0,4.1,11.9,114.0,114.0,10211.0,113.5,0.03,0.01,1.03,3.0,3.0,0.11,0.0,0.03,0.01
8e92be30,401,Alexander,Isak,Alexander Isak,Isak,23.0,15,Newcastle,NEW,4,FWD,3.0,8.5,44.4,86.0,72.0,6069.0,67.5,0.49,0.13,0.98,3.0,3.0,0.44,0.11,0.5,0.13
580bcd18,474,Sugawara,Yukinari,Yukinari Sugawara,Sugawara,23.0,17,Southampton,SOU,2,DEF,3.0,4.5,0.2,94.0,85.0,7590.0,84.3,0.04,0.1,1.03,3.0,2.3,0.09,0.31,0.04,0.11
fed7cb61,4,Kai,Havertz,Kai Havertz,Havertz,24.0,1,Arsenal,ARS,4,FWD,3.0,8.1,17.9,101.0,82.0,7012.0,77.9,0.39,0.14,0.94,3.0,3.0,0.48,0.23,0.4,0.15
a712ca2b,245,Issa,Diop,Issa Diop,Diop,26.0,9,Fulham,FUL,2,DEF,3.0,4.5,0.3,56.0,47.0,4399.0,48.9,0.01,0.01,1.01,3.0,3.0,0.06,0.01,0.01,0.01
012c975a,334,Rhys,Williams,Rhys Williams,R.Williams,21.0,12,Liverpool,LIV,2,DEF,2.0,4.0,0.1,22.0,17.0,1452.0,16.1,0.02,0.0,0.99,,,,,,
ccce7025,393,Sven,Botman,Sven Botman,Botman,23.0,15,Newcastle,NEW,2,DEF,3.0,4.5,0.0,78.0,75.0,6754.0,75.0,0.06,0.04,1.01,,,,,,
ad82197c,167,Axel,Disasi,Axel Disasi,Disasi,25.0,6,Chelsea,CHE,2,DEF,3.0,4.4,0.3,101.0,96.0,8630.0,95.9,0.07,0.02,0.98,,,,,,
5526deb1,544,Tommy,Doyle,Tommy Doyle,Doyle,21.0,20,Wolves,WOL,3,MID,3.0,4.9,0.0,78.0,49.0,4527.0,50.3,0.05,0.07,1.0,2.0,0.4,0.11,0.11,0.05,0.07
6434f10d,360,Rodrigo 'Rodri',Hernandez,Rodri,Rodrigo,27.0,13,Man City,MCI,3,MID,3.0,6.4,1.8,103.0,101.0,8726.0,96.9,0.12,0.11,1.09,,,,,,
e28e9bec,284,Luke,Woolfenden,Luke Woolfenden,Woolfenden,24.0,10,Ipswich,IPS,2,DEF,1.0,4.0,1.6,41.0,40.0,3612.0,40.1,0.01,0.0,1.01,3.0,3.0,0.01,0.0,0.01,0.0
69fdb896,518,Flynn,Downes,Flynn Downes,Downes,24.0,17,Southampton,SOU,3,MID,3.0,5.0,0.1,91.0,72.0,6183.0,68.7,0.02,0.03,1.02,3.0,3.0,0.07,0.12,0.02,0.04
fb614c44,295,James,Justin,James Justin,Justin,25.0,11,Leicester,LEI,2,DEF,3.0,4.5,0.3,66.0,52.0,4866.0,54.1,0.02,0.03,1.01,3.0,3.0,0.05,0.0,0.02,0.03
aa849a12,224,Jack,Harrison,Jack Harrison,Harrison,26.0,8,Everton,EVE,3,MID,3.0,5.4,0.2,100.0,91.0,7561.0,84.0,0.15,0.15,1.05,3.0,2.6,0.31,0.37,0.16,0.16
35141f4c,79,Marcos,Senesi,Marcos Senesi,Senesi,26.0,3,Bournemouth,BOU,2,DEF,3.0,4.9,0.8,94.0,86.0,7276.0,80.9,0.07,0.05,1.03,2.0,1.8,0.0,0.0,0.07,0.05
a3d94a58,498,Cristian,Romero,Cristian Romero,Romero,25.0,18,Spurs,TOT,2,DEF,3.0,5.1,9.6,82.0,80.0,6998.0,77.8,0.08,0.02,1.01,3.0,3.0,0.21,0.05,0.09,0.02
bac46a10,380,Lisandro,Martínez,Lisandro Martínez,Martinez,25.0,14,Man Utd,MUN,2,DEF,3.0,4.5,5.4,62.0,55.0,4666.0,51.9,0.02,0.02,0.98,3.0,3.0,0.11,0.01,0.03,0.02
9319781b,275,Ben,Johnson,Ben Johnson,Johnson,23.0,10,Ipswich,IPS,2,DEF,3.0,4.0,4.3,51.0,29.0,2807.0,31.1,0.02,0.02,1.01,2.0,1.4,0.0,0.21,0.02,0.03
32f60ed8,433,Morgan,Gibbs-White,Morgan Gibbs-White,Gibbs-White,23.0,16,Nott'm Forest,NFO,3,MID,3.0,6.5,4.3,111.0,104.0,9181.0,102.0,0.16,0.23,0.95,3.0,3.0,0.22,0.22,0.16,0.23
78e87179,272,George,Hirst,George Hirst,Hirst,24.0,10,Ipswich,IPS,4,FWD,2.0,5.4,0.0,35.0,26.0,2038.0,22.700000000000003,0.17,0.08,0.96,,,,,,
728e9b2e,227,João,Neves Virgínia,João Virgínia,J.Virginia,22.0,8,Everton,EVE,1,GKP,1.0,4.0,0.6,17.0,17.0,1530.0,17.0,0.0,0.0,1.0,,,,,,
4c3a6744,71,Justin,Kluivert,Justin Kluivert,Kluivert,24.0,3,Bournemouth,BOU,3,MID,3.0,5.4,0.3,85.0,65.0,5231.0,58.2,0.25,0.11,1.02,3.0,2.1,0.06,0.34,0.24,0.12
6b6c793c,379,Tyrell,Malacia,Tyrell Malacia,Malacia,22.0,14,Man Utd,MUN,2,DEF,2.0,4.4,0.0,54.0,46.0,4228.0,47.0,0.03,0.05,0.97,,,,,,
1f44ac21,351,Erling,Haaland,Erling Haaland,Haaland,23.0,13,Man City,MCI,4,FWD,3.0,15.2,65.3,90.0,83.0,7232.0,80.4,0.74,0.16,1.05,3.0,3.0,1.0,0.03,0.77,0.16
bc7dc64d,17,Bukayo,Saka,Bukayo Saka,Saka,21.0,1,Arsenal,ARS,3,MID,3.0,10.1,32.8,111.0,108.0,9078.0,100.8,0.29,0.28,1.03,3.0,2.8,0.48,0.37,0.3,0.29
a4e85758,128,Igor Julio,dos Santos de Paulo,Igor,Igor,25.0,5,Brighton,BHA,2,DEF,3.0,4.4,0.1,81.0,63.0,5936.0,66.0,0.02,0.03,0.98,,,,,,
b3af9be1,22,Tomiyasu,Takehiro,Takehiro Tomiyasu,Tomiyasu,24.0,1,Arsenal,ARS,2,DEF,3.0,4.9,0.0,65.0,36.0,3501.0,39.0,0.08,0.05,0.99,,,,,,
fed96827,72,Chris,Mepham,Chris Mepham,Mepham,25.0,3,Bournemouth,BOU,2,DEF,3.0,4.4,0.1,58.0,42.0,3911.0,43.5,0.02,0.02,0.98,,,,,,
9b6f7fd5,527,Lucas,Tolentino Coelho de Lima,Lucas Paquetá,L.Paquetá,25.0,19,West Ham,WHU,3,MID,3.0,6.0,2.1,96.0,92.0,7631.0,84.8,0.15,0.14,0.95,3.0,2.8,0.05,0.02,0.15,0.14
4a51ba65,445,Matt,Turner,Matt Turner,Turner,29.0,7,Crystal Palace,CRY,1,GKP,1.0,4.0,17.3,17.0,17.0,1530.0,17.0,0.0,0.0,1.0,,,,,,
30d4a2e5,231,Vitalii,Mykolenko,Vitaliy Mykolenko,Mykolenko,24.0,8,Everton,EVE,2,DEF,3.0,4.4,6.2,75.0,70.0,6179.0,68.6,0.04,0.04,1.01,3.0,3.0,0.0,0.0,0.04,0.04
8e16dd48,80,Luis,Sinisterra,Luis Sinisterra,Sinisterra,24.0,3,Bournemouth,BOU,3,MID,3.0,5.0,0.4,71.0,51.0,4145.0,46.0,0.27,0.16,1.05,3.0,1.2,0.48,0.19,0.28,0.16
466fb2c5,14,Aaron,Ramsdale,Aaron Ramsdale,Ramsdale,25.0,17,Southampton,SOU,1,GKP,3.0,4.4,1.5,80.0,80.0,7200.0,80.0,0.0,0.0,1.0,1.0,1.0,0.0,0.0,0.0,0.0
1265a93a,172,Reece,James,Reece James,James,23.0,6,Chelsea,CHE,2,DEF,3.0,5.0,0.1,52.0,41.0,3527.0,39.2,0.1,0.28,1.03,,,,,,
ae59b359,285,Boubakary,Soumaré,Boubakary Soumaré,B.Soumaré,24.0,11,Leicester,LEI,3,MID,3.0,4.5,0.2,73.0,58.0,5017.0,55.7,0.0,0.03,0.99,1.0,0.1,0.0,0.0,0.0,0.03
67ac5bb8,3,Gabriel,dos Santos Magalhães,Gabriel Magalhães,Gabriel,25.0,1,Arsenal,ARS,2,DEF,3.0,6.0,12.6,109.0,107.0,9516.0,105.7,0.12,0.02,0.99,3.0,3.0,0.08,0.07,0.12,0.02
cc77354e,42,Boubacar,Kamara,Boubacar Kamara,Kamara,23.0,2,Aston Villa,AVL,3,MID,3.0,5.0,0.0,78.0,72.0,6207.0,69.0,0.01,0.06,0.99,,,,,,
57c94db2,105,Mads,Roerslev Rasmussen,Mads Roerslev,Roerslev,24.0,4,Brentford,BRE,2,DEF,3.0,4.5,0.1,75.0,46.0,4333.0,48.2,0.03,0.08,1.01,3.0,2.6,0.0,0.07,0.03,0.08
6c203af0,482,Yves,Bissouma,Yves Bissouma,Bissouma,26.0,18,Spurs,TOT,3,MID,3.0,5.0,0.5,77.0,61.0,5189.0,57.7,0.05,0.03,0.97,2.0,1.7,0.06,0.07,0.05,0.03
bee704fc,573,Nikola,Milenković,Nikola Milenković,Milenković,25.0,16,Nott'm Forest,NFO,2,DEF,3.0,4.5,0.2,95.0,84.0,7573.0,84.1,0.03,0.02,0.98,2.0,2.0,0.48,0.02,0.05,0.02
,576,Andy,Irving,,Irving,,19,West Ham,WHU,3,MID,,4.9,0.0,,,,,,,,,,,,,
fe558029,84,Mark,Travers,Mark Travers,Travers,24.0,3,Bournemouth,BOU,1,GKP,3.0,4.5,0.2,74.0,73.0,6615.0,73.5,0.0,0.0,1.0,,,,,,
,594,Noussair,Mazraoui,,Mazraoui,,14,Man Utd,MUN,2,DEF,,4.5,12.8,,,,,,,,,,,,,
2c44a35d,430,Emmanuel,Dennis,Emmanuel Dennis,Dennis,25.0,16,Nott'm Forest,NFO,4,FWD,3.0,5.0,0.2,71.0,49.0,4332.0,48.1,0.2,0.08,1.05,,,,,,
18986367,473,Ross,Stewart,Ross Stewart,Stewart,27.0,17,Southampton,SOU,4,FWD,2.0,4.5,0.6,16.0,11.0,1069.0,11.9,0.29,0.04,1.01,,,,,,
10f0fdd3,535,Jean-Ricner,Bellegarde,Jean-Ricner Bellegarde,Bellegarde,25.0,20,Wolves,WOL,3,MID,3.0,5.0,0.1,91.0,68.0,5978.0,66.39999999999999,0.09,0.13,1.02,3.0,2.2,0.06,0.0,0.09,0.13
e541326e,104,Ethan,Pinnock,Ethan Pinnock,Pinnock,30.0,4,Brentford,BRE,2,DEF,3.0,4.5,0.4,91.0,90.0,7915.0,87.9,0.08,0.04,1.0,3.0,3.0,0.0,0.0,0.08,0.04
edc98fac,564,Santiago,Bueno,Santiago Bueno,S.Bueno,24.0,20,Wolves,WOL,2,DEF,2.0,4.4,0.1,46.0,43.0,3832.0,42.5,0.02,0.02,0.98,,,,,,
50e6dc35,207,Jean-Philippe,Mateta,Jean-Philippe Mateta,Mateta,26.0,7,Crystal Palace,CRY,4,FWD,3.0,7.4,4.3,86.0,44.0,4197.0,46.7,0.38,0.11,1.03,3.0,2.3,0.15,0.15,0.37,0.12
48eed8d5,281,Jack,Taylor,Jack Taylor,Taylor,25.0,10,Ipswich,IPS,3,MID,2.0,4.9,0.0,67.0,36.0,3464.0,38.400000000000006,0.05,0.04,1.02,2.0,0.5,0.03,0.0,0.05,0.04
bfdb33aa,585,Ismaïla,Sarr,Ismaila Sarr,I.Sarr,25.0,7,Crystal Palace,CRY,3,MID,3.0,5.9,0.2,84.0,72.0,6475.0,72.0,0.16,0.1,0.98,3.0,0.5,0.19,0.94,0.16,0.11
a64f2573,266,Harry,Clarke,Harry Clarke,Clarke,22.0,10,Ipswich,IPS,2,DEF,2.0,4.0,0.0,53.0,34.0,3346.0,37.1,0.04,0.03,1.01,,,,,,
ae4fc6a4,199,Eberechi,Eze,Eberechi Eze,Eze,25.0,7,Crystal Palace,CRY,3,MID,3.0,6.9,24.6,78.0,60.0,5296.0,58.8,0.28,0.19,1.07,3.0,3.0,0.35,0.09,0.29,0.19
1544f145,53,Jacob,Ramsey,Jacob Ramsey,Ramsey,22.0,2,Aston Villa,AVL,3,MID,3.0,5.5,0.4,85.0,68.0,5956.0,66.2,0.18,0.13,1.03,3.0,1.3,0.12,0.46,0.18,0.14
c2731c10,169,Conor,Gallagher,Conor Gallagher,Gallagher,23.0,6,Chelsea,CHE,3,MID,3.0,5.9,0.2,106.0,88.0,7594.0,84.4,0.14,0.14,1.04,,,,,,
f4e433d4,131,Tariq,Lamptey,Tariq Lamptey,Lamptey,22.0,5,Brighton,BHA,2,DEF,3.0,4.5,0.2,69.0,29.0,2928.0,32.5,0.04,0.12,0.98,,,,,,
2bd83368,398,Anthony,Gordon,Anthony Gordon,Gordon,22.0,15,Newcastle,NEW,3,MID,3.0,7.4,18.8,102.0,75.0,6757.0,75.1,0.26,0.2,1.0,3.0,2.7,0.17,0.26,0.26,0.21
9bc9a519,504,Djed,Spence,Djed Spence,Spence,22.0,18,Spurs,TOT,2,DEF,3.0,4.5,0.1,77.0,60.0,5447.0,60.49999999999999,0.02,0.04,0.99,2.0,0.2,0.0,0.0,0.02,0.04
a36524bf,241,Calvin,Bassey,Calvin Bassey,Bassey,23.0,9,Fulham,FUL,2,DEF,2.0,4.5,0.4,54.0,45.0,4110.0,45.7,0.01,0.02,1.02,3.0,3.0,0.03,0.0,0.01,0.02
99aa1a84,568,Arijanet,Muric,Arijanet Muric,Muric,24.0,10,Ipswich,IPS,1,GKP,2.0,4.4,0.4,51.0,51.0,4514.0,50.2,0.0,0.01,1.0,2.0,2.0,0.0,0.0,0.0,0.01
4e015693,223,James,Garner,James Garner,Garner,22.0,8,Everton,EVE,3,MID,3.0,5.0,0.0,94.0,77.0,7112.0,79.0,0.08,0.12,0.96,,,,,,
774cf58b,59,Max,Aarons,Max Aarons,Aarons,23.0,3,Bournemouth,BOU,2,DEF,3.0,4.5,0.2,99.0,89.0,7969.0,88.5,0.01,0.04,0.98,,,,,,
00963611,528,Konstantinos,Mavropanos,Konstantinos Mavropanos,Mavropanos,25.0,19,West Ham,WHU,2,DEF,3.0,4.5,0.2,78.0,73.0,6491.0,72.2,0.09,0.02,0.99,3.0,3.0,0.01,0.0,0.09,0.02
f31def1e,404,Lloyd,Kelly,Lloyd Kelly,Kelly,24.0,15,Newcastle,NEW,2,DEF,3.0,4.5,0.2,87.0,80.0,7224.0,80.3,0.01,0.04,0.99,3.0,1.7,0.11,0.12,0.01,0.04
886f9aac,502,Manor,Solomon,Manor Solomon,Solomon,24.0,18,Spurs,TOT,3,MID,2.0,5.4,0.0,24.0,6.0,771.0,8.600000000000001,0.2,0.17,1.04,,,,,,
bd8a5d95,551,Joe,Hodge,Joseph Hodge,Hodge,20.0,20,Wolves,WOL,3,MID,2.0,4.5,0.5,14.0,5.0,535.0,5.9,0.11,0.04,1.0,,,,,,
df8b52a5,487,Emerson,Leite de Souza Junior,Emerson,E.Royal,24.0,18,Spurs,TOT,2,DEF,3.0,4.5,0.0,82.0,58.0,5273.0,58.6,0.06,0.04,1.01,,,,,,
06df8256,153,Benoît,Badiashile,Benoît Badiashile,B.Badiashile,22.0,6,Chelsea,CHE,2,DEF,3.0,4.5,0.1,64.0,55.0,4920.0,54.7,0.05,0.06,1.01,,,,,,
0cd31129,491,Brennan,Johnson,Brennan Johnson,Johnson,22.0,18,Spurs,TOT,3,MID,3.0,6.4,0.5,119.0,103.0,9154.0,101.7,0.26,0.19,0.97,3.0,2.4,0.27,0.08,0.26,0.19
83d074ff,329,Alexis,Mac Allister,Alexis Mac Allister,Mac Allister,24.0,12,Liverpool,LIV,3,MID,3.0,6.4,2.1,101.0,84.0,7608.0,84.6,0.16,0.12,0.95,3.0,3.0,0.03,0.08,0.16,0.12
1971591f,321,Cody,Gakpo,Cody Gakpo,Gakpo,24.0,12,Liverpool,LIV,4,FWD,3.0,7.3,2.3,97.0,70.0,6134.0,68.2,0.36,0.2,1.05,3.0,0.6,0.59,0.0,0.36,0.2
089667a5,439,Lewis,O'Brien,Lewis O'Brien,O'Brien,24.0,16,Nott'm Forest,NFO,3,MID,3.0,5.0,0.0,79.0,67.0,5995.0,66.6,0.03,0.04,0.98,,,,,,
f230bc30,137,Jakub,Moder,Jakub Moder,Moder,24.0,5,Brighton,BHA,3,MID,2.0,4.5,0.3,45.0,25.0,2319.0,25.8,0.11,0.11,0.95,,,,,,
aeed5c06,34,Moussa,Diaby,Moussa Diaby,Diaby,24.0,2,Aston Villa,AVL,3,MID,3.0,6.5,0.0,103.0,90.0,7633.0,84.9,0.26,0.24,1.04,,,,,,
df10e27c,124,Billy,Gilmour,Billy Gilmour,Gilmour,22.0,5,Brighton,BHA,3,MID,3.0,5.0,0.1,68.0,52.0,4482.0,49.8,0.05,0.08,0.96,2.0,1.1,0.07,0.0,0.05,0.08
230f0471,234,Nathan,Patterson,Nathan Patterson,Patterson,21.0,8,Everton,EVE,2,DEF,2.0,4.4,0.0,39.0,23.0,2284.0,25.4,0.03,0.1,0.99,,,,,,
a755db8c,251,Rodrigo,Muniz Carvalho,Rodrigo Muniz,Muniz,22.0,9,Fulham,FUL,4,FWD,3.0,6.1,9.1,68.0,29.0,2996.0,33.3,0.4,0.09,1.0,3.0,2.6,0.4,0.09,0.41,0.09
fc027d02,305,Luke,Thomas,Luke Thomas,Thomas,22.0,11,Leicester,LEI,2,DEF,3.0,4.0,0.5,63.0,51.0,4559.0,50.6,0.03,0.03,0.97,,,,,,
5cbd1eb0,210,Tyrick,Mitchell,Tyrick Mitchell,Mitchell,23.0,7,Crystal Palace,CRY,2,DEF,3.0,5.0,1.8,109.0,106.0,9196.0,102.2,0.03,0.06,0.99,3.0,3.0,0.06,0.09,0.03,0.06
4a1a9578,327,Luis,Díaz,Luis Díaz,Luis Díaz,26.0,12,Liverpool,LIV,3,MID,3.0,7.6,14.4,67.0,54.0,4583.0,50.9,0.37,0.19,0.97,3.0,2.5,0.71,0.39,0.4,0.21
4ccf2d5b,477,Nathan,Wood-Gordon,Nathan Wood-Gordon,Wood,21.0,17,Southampton,SOU,2,DEF,2.0,4.0,1.4,66.0,64.0,5505.0,61.2,0.02,0.01,0.99,,,,,,
2e5915f1,54,Morgan,Rogers,Morgan Rogers,Rogers,21.0,2,Aston Villa,AVL,3,MID,3.0,5.1,14.4,72.0,36.0,3430.0,38.1,0.13,0.14,0.98,3.0,3.0,0.11,0.31,0.13,0.16
dc7f8a28,182,Cole,Palmer,Cole Palmer,Palmer,21.0,6,Chelsea,CHE,3,MID,3.0,10.6,42.1,52.0,32.0,3111.0,34.6,0.37,0.36,1.0,3.0,2.9,0.29,0.58,0.38,0.4
966e28d0,314,Fábio,Freitas Gouveia Carvalho,Fabio Carvalho,Carvalho,20.0,4,Brentford,BRE,3,MID,3.0,4.9,1.0,78.0,58.0,5060.0,56.3,0.12,0.1,1.1,3.0,0.5,0.17,0.0,0.12,0.1
10ec4169,435,Alex,Mighten,Alex Mighten,Mighten,20.0,16,Nott'm Forest,NFO,3,MID,2.0,4.5,0.0,24.0,5.0,700.0,7.8,0.09,0.11,0.99,,,,,,
532e1e4f,52,Pau,Torres,Pau Torres,Pau,26.0,2,Aston Villa,AVL,2,DEF,3.0,4.5,1.9,96.0,94.0,8373.0,93.0,0.05,0.02,1.03,3.0,3.0,0.0,0.0,0.05,0.02
ca45605e,289,Patson,Daka,Patson Daka,Daka,24.0,11,Leicester,LEI,4,FWD,3.0,4.9,0.2,73.0,41.0,3432.0,38.2,0.29,0.13,0.97,,,,,,
47327321,461,Taylor,Harwood-Bellis,Taylor Harwood-Bellis,Harwood-Bellis,21.0,17,Southampton,SOU,2,DEF,3.0,4.0,11.2,94.0,93.0,8224.0,91.4,0.03,0.02,0.96,3.0,2.4,0.0,0.02,0.03,0.02
8b529245,258,Carlos Vinícius,Alves Morais,Carlos Vinícius,Vinicius,28.0,9,Fulham,FUL,4,FWD,3.0,5.0,0.6,65.0,23.0,2574.0,28.6,0.34,0.14,0.99,,,,,,
ea39a081,426,Josh,Bowler,Josh Bowler,Bowler,24.0,16,Nott'm Forest,NFO,3,MID,3.0,4.5,0.1,105.0,79.0,6947.0,77.19999999999999,0.09,0.04,1.03,,,,,,
cc3b8e78,540,Luke,Cundle,Luke Cundle,Cundle,21.0,20,Wolves,WOL,3,MID,3.0,4.5,0.2,76.0,47.0,4173.0,46.4,0.07,0.07,1.03,,,,,,
4db55657,279,Corrie,Ndaba,,Ndaba,,10,Ipswich,IPS,2,DEF,,4.0,0.0,,,,,,,,,,,,,
,586,Jorge,Cuenca Barreno,,J.Cuenca,,9,Fulham,FUL,2,DEF,,4.4,0.1,,,,,,,,,,,,,
778ef829,211,Daniel,Muñoz,Daniel Muñoz,Muñoz,27.0,7,Crystal Palace,CRY,2,DEF,1.0,5.0,3.6,16.0,16.0,1439.0,16.0,0.08,0.15,0.98,3.0,3.0,0.0,0.05,0.07,0.14
f553b2b3,566,Jørgen,Strand Larsen,Jørgen Strand Larsen,Strand Larsen,23.0,20,Wolves,WOL,4,FWD,3.0,5.5,0.9,105.0,86.0,7267.0,80.7,0.29,0.06,0.99,3.0,2.9,0.24,0.12,0.29,0.06
7ba2eaa9,560,Pedro,Lomba Neto,Pedro Neto,Neto,23.0,6,Chelsea,CHE,3,MID,3.0,6.5,1.0,51.0,36.0,2946.0,32.7,0.18,0.24,0.95,3.0,1.5,0.03,0.21,0.17,0.24
a48635b8,55,Viljami,Sinisalo,,Sinisalo,,2,Aston Villa,AVL,1,GKP,,4.0,0.0,,,,,,,,,,,,,
bf34eebd,177,Noni,Madueke,Noni Madueke,Madueke,21.0,6,Chelsea,CHE,3,MID,3.0,6.6,11.3,58.0,33.0,2798.0,31.0,0.17,0.19,1.0,2.0,1.9,0.6,0.22,0.21,0.2
fffea3e5,346,Jérémy,Doku,Jeremy Doku,Doku,21.0,13,Man City,MCI,3,MID,3.0,6.5,4.0,74.0,36.0,3466.0,38.4,0.15,0.25,1.07,3.0,2.5,0.07,0.41,0.15,0.27
41f08ac8,98,Keane,Lewis-Potter,Keane Lewis-Potter,Lewis-Potter,22.0,4,Brentford,BRE,3,MID,3.0,5.0,0.1,86.0,64.0,5901.0,65.6,0.25,0.1,0.95,3.0,1.1,0.06,0.03,0.25,0.1
20b3a502,431,Nicolás,Domínguez,Nicolás Domínguez,Dominguez,25.0,16,Nott'm Forest,NFO,3,MID,3.0,4.9,0.0,87.0,69.0,5912.0,65.7,0.07,0.07,1.0,2.0,0.6,0.21,0.02,0.07,0.07
570bb4b9,67,Hamed,Traorè,Hamed Junior Traorè,H.Traorè,23.0,3,Bournemouth,BOU,3,MID,3.0,4.5,0.1,61.0,37.0,3222.0,35.7,0.18,0.16,0.97,,,,,,
934e1968,336,Dominik,Szoboszlai,Dominik Szoboszlai,Szoboszlai,22.0,12,Liverpool,LIV,3,MID,3.0,6.5,2.4,95.0,68.0,6091.0,67.7,0.15,0.24,1.02,3.0,3.0,0.09,0.32,0.15,0.25
0a3d6d2b,194,Chris,Richards,Chris Richards,C.Richards,23.0,7,Crystal Palace,CRY,2,DEF,3.0,4.5,0.2,55.0,40.0,3848.0,42.8,0.05,0.02,0.99,3.0,2.8,0.04,0.0,0.05,0.02
8aafd64f,621,João,Félix Sequeira,João Félix,João Félix,23.0,6,Chelsea,CHE,3,MID,3.0,6.5,1.1,84.0,49.0,4394.0,48.8,0.37,0.14,1.01,2.0,0.6,0.46,0.0,0.37,0.14
2944f86f,102,Frank,Onyeka,Frank Onyeka,Onyeka,25.0,4,Brentford,BRE,3,MID,3.0,4.9,0.0,67.0,31.0,3054.0,33.9,0.14,0.1,0.95,2.0,0.3,0.0,0.0,0.14,0.1
caaa7fab,242,Steven,Benda,Steven Benda,Benda,23.0,9,Fulham,FUL,1,GKP,2.0,4.0,0.5,35.0,35.0,3120.0,34.7,0.0,0.0,1.0,,,,,,
15f24fe7,555,Saša,Kalajdžić,Sasa Kalajdzic,Kalajdžić,26.0,20,Wolves,WOL,4,FWD,3.0,4.9,0.1,35.0,23.0,1990.0,22.1,0.24,0.19,1.0,,,,,,
dc62b55d,541,Matheus,Santos Carneiro Da Cunha,Matheus Cunha,Cunha,24.0,20,Wolves,WOL,4,FWD,3.0,6.5,2.6,90.0,52.0,4909.0,54.5,0.3,0.12,1.01,3.0,2.1,0.58,0.23,0.32,0.13
0db169ae,417,Sandro,Tonali,Sandro Tonali,Tonali,23.0,15,Newcastle,NEW,3,MID,3.0,5.5,0.2,78.0,66.0,5751.0,63.9,0.08,0.13,1.01,1.0,0.3,0.0,0.0,0.08,0.13
96593e89,357,James,McAtee,James Mcatee,McAtee,20.0,13,Man City,MCI,3,MID,3.0,4.9,0.1,70.0,41.0,3741.0,41.5,0.13,0.13,1.04,1.0,0.0,0.0,0.0,0.13,0.13
a8c19eb8,88,Nathan,Collins,Nathan Collins,Collins,22.0,4,Brentford,BRE,2,DEF,3.0,4.5,1.1,77.0,66.0,6136.0,68.3,0.05,0.05,0.99,3.0,3.0,0.15,0.0,0.06,0.05
fc15fb84,230,Dwight,McNeil,Dwight McNeil,McNeil,23.0,8,Everton,EVE,3,MID,3.0,5.4,0.6,109.0,96.0,8497.0,94.4,0.11,0.23,1.01,3.0,3.0,0.03,0.42,0.11,0.24
05e8ca6d,27,Cameron,Archer,Cameron Archer,Archer,22.0,17,Southampton,SOU,4,FWD,3.0,5.0,1.6,79.0,56.0,4901.0,54.5,0.24,0.13,1.04,3.0,0.9,0.21,0.0,0.24,0.13
02aed921,280,Cieran,Slicker,,Slicker,,10,Ipswich,IPS,1,GKP,,4.0,0.9,,,,,,,,,,,,,
7b5ab7f2,483,Bryan,Gil Salvatierra,Bryan Gil,Bryan,22.0,18,Spurs,TOT,3,MID,3.0,5.0,0.0,54.0,23.0,2122.0,23.5,0.19,0.08,0.95,,,,,,
a4a76b3d,304,Jakub,Stolarczyk,Jakub Stolarczyk,Stolarczyk,22.0,11,Leicester,LEI,1,GKP,1.0,4.0,0.0,2.0,2.0,180.0,2.0,0.0,0.0,1.0,,,,,,
,592,Julián,Araujo Zúñiga,,J.Araujo,,3,Bournemouth,BOU,2,DEF,,4.5,0.2,,,,,,,,,,,,,
efd2ec23,78,Antoine,Semenyo,Antoine Semenyo,Semenyo,23.0,3,Bournemouth,BOU,3,MID,3.0,5.6,4.6,98.0,62.0,5743.0,63.9,0.19,0.11,1.06,3.0,3.0,0.42,0.56,0.21,0.14
6412cc03,1,Fábio,Ferreira Vieira,Fabio Vieira,Fábio Vieira,23.0,1,Arsenal,ARS,3,MID,2.0,5.4,0.0,33.0,5.0,811.0,9.0,0.15,0.46,0.99,,,,,,
ce4f40c7,193,Cheick,Doucouré,Cheick Doucouré,C.Doucouré,23.0,7,Crystal Palace,CRY,3,MID,3.0,4.9,0.1,79.0,78.0,6634.0,73.7,0.04,0.07,0.96,2.0,0.5,0.03,0.0,0.04,0.07
215f3907,89,Mikkel,Damsgaard,Mikkel Damsgaard,Damsgaard,23.0,4,Brentford,BRE,3,MID,3.0,5.0,0.1,60.0,22.0,2408.0,26.8,0.15,0.13,0.93,3.0,1.4,0.17,0.12,0.16,0.13
2bc28bb9,331,Tyler,Morton,Tyler Morton,Morton,20.0,12,Liverpool,LIV,3,MID,3.0,4.5,0.1,81.0,66.0,5818.0,64.6,0.03,0.05,0.99,,,,,,
97220da2,156,Armando,Broja,Armando Broja,Broja,21.0,8,Everton,EVE,4,FWD,3.0,5.5,0.1,65.0,29.0,2811.0,31.2,0.32,0.06,0.98,,,,,,
dc3e663e,8,Jakub,Kiwior,Jakub Kiwior,Kiwior,23.0,1,Arsenal,ARS,2,DEF,3.0,4.9,0.2,66.0,54.0,4780.0,53.0,0.04,0.04,1.0,,,,,,
5ed97752,232,Iliman,Ndiaye,Iliman Ndiaye,Ndiaye,23.0,8,Everton,EVE,4,FWD,3.0,5.4,0.2,106.0,85.0,7145.0,79.4,0.17,0.09,1.0,3.0,1.6,0.19,0.0,0.17,0.09
27d0a506,495,Pedro,Porro,Pedro Porro,Pedro Porro,23.0,18,Spurs,TOT,2,DEF,2.0,5.5,35.1,50.0,48.0,4220.0,46.9,0.1,0.22,1.02,3.0,3.0,0.11,0.12,0.1,0.22
afed6722,409,Tino,Livramento,Valentino Livramento,Livramento,20.0,15,Newcastle,NEW,2,DEF,3.0,4.5,2.8,56.0,37.0,3544.0,39.4,0.04,0.07,1.0,3.0,2.6,0.0,0.02,0.04,0.07
ac0d576d,141,Jeremy,Sarmiento Morante,Jeremy Sarmiento,Sarmiento,21.0,5,Brighton,BHA,3,MID,3.0,4.9,0.0,54.0,14.0,1595.0,17.7,0.1,0.06,1.0,1.0,0.1,0.0,0.0,0.1,0.06
745ca0a3,66,Romain,Faivre,Romain Faivre,Faivre,25.0,3,Bournemouth,BOU,3,MID,3.0,5.0,0.0,83.0,62.0,5724.0,63.5,0.12,0.1,1.07,,,,,,
b8e740fb,323,Ryan,Gravenberch,Ryan Gravenberch,Gravenberch,21.0,12,Liverpool,LIV,3,MID,3.0,5.0,0.4,81.0,41.0,3912.0,43.5,0.13,0.08,0.93,3.0,3.0,0.0,0.0,0.12,0.07
9a71e978,552,Ki-Jana,Hoever,Ki-Jana Hoever,Hoever,21.0,20,Wolves,WOL,2,DEF,3.0,4.0,0.3,68.0,52.0,4632.0,51.4,0.04,0.07,1.05,,,,,,
cab9634e,45,Ian,Maatsen,Ian Maatsen,Maatsen,21.0,2,Aston Villa,AVL,2,DEF,3.0,4.9,2.8,107.0,89.0,7908.0,87.8,0.05,0.07,1.03,3.0,0.5,0.02,0.34,0.05,0.07
4125cb98,333,Jarell,Quansah,Jarell Quansah,Quansah,20.0,12,Liverpool,LIV,2,DEF,1.0,4.3,2.8,17.0,13.0,1190.0,13.2,0.08,0.01,1.02,1.0,0.5,0.0,0.0,0.08,0.01
,617,Francisco Evanilson,de Lima Barbosa,,Evanilson,,3,Bournemouth,BOU,4,FWD,,6.0,0.3,,,,,,,,,,,,,
48a5a5d6,9,Gabriel,Martinelli Silva,Gabriel Martinelli,Martinelli,22.0,1,Arsenal,ARS,3,MID,3.0,6.9,2.2,100.0,79.0,6668.0,74.1,0.3,0.27,1.05,3.0,1.9,0.04,0.34,0.29,0.28
d8edc4be,599,Will,Dennis,,Dennis,,3,Bournemouth,BOU,1,GKP,,4.0,0.4,,,,,,,,,,,,,
e4238fb1,61,Jaidon,Anthony,Jaidon Anthony,Anthony,23.0,3,Bournemouth,BOU,3,MID,3.0,4.5,0.4,109.0,53.0,5160.0,57.4,0.13,0.09,1.0,,,,,,
132a82f1,189,Wesley,Fofana,Wesley Fofana,W.Fofana,21.0,6,Chelsea,CHE,2,DEF,2.0,4.5,0.6,24.0,21.0,1993.0,22.1,0.05,0.0,1.0,3.0,3.0,0.01,0.11,0.05,0.02
7bf9400b,338,Sepp,van den Berg,Sepp van den Berg,Van den Berg,21.0,4,Brentford,BRE,2,DEF,3.0,4.0,0.8,87.0,82.0,7506.0,83.3,0.04,0.01,1.02,1.0,0.2,0.0,0.0,0.04,0.01
c8387671,319,Harvey,Elliott,,Elliott,,12,Liverpool,LIV,3,MID,,5.3,0.7,,,,,,,,,,,,,
df3cda47,492,Dejan,Kulusevski,Dejan Kulusevski,Kulusevski,23.0,18,Spurs,TOT,3,MID,3.0,6.4,1.8,104.0,73.0,6862.0,76.3,0.14,0.23,1.07,3.0,1.9,0.04,0.16,0.14,0.23
41034650,6,Jurriën,Timber,Jurriën Timber,J.Timber,22.0,1,Arsenal,ARS,2,DEF,3.0,5.5,1.0,66.0,64.0,5650.0,62.8,0.06,0.02,0.96,3.0,2.0,0.01,0.01,0.06,0.02
65c3efa2,139,Odeluga,Offiah,Odeluga Offiah,Offiah,20.0,5,Brighton,BHA,2,DEF,2.0,4.0,0.1,6.0,1.0,153.0,1.7,0.0,0.0,1.0,,,,,,
6afaebf2,99,Bryan,Mbeumo,Bryan Mbeumo,Mbeumo,23.0,4,Brentford,BRE,3,MID,3.0,7.1,7.6,98.0,92.0,7771.0,86.39999999999999,0.3,0.2,0.9,3.0,3.0,0.31,0.3,0.31,0.21
4d77b365,316,Darwin,Núñez Ribeiro,Darwin Núñez,Darwin,24.0,12,Liverpool,LIV,4,FWD,2.0,7.3,2.9,65.0,41.0,3742.0,41.5,0.66,0.27,0.91,2.0,0.4,0.39,0.0,0.66,0.27
5ff4ab71,168,Enzo,Fernández,Enzo Fernández,Enzo,22.0,6,Chelsea,CHE,3,MID,2.0,5.0,1.7,46.0,44.0,3756.0,41.7,0.15,0.14,0.94,3.0,3.0,0.07,0.05,0.15,0.14
8b57ad2c,553,João Victor,Gomes da Silva,João Gomes,J.Gomes,22.0,20,Wolves,WOL,3,MID,2.0,5.0,0.1,45.0,39.0,3302.0,36.7,0.06,0.04,1.02,3.0,2.6,0.03,0.0,0.06,0.04
9b398aea,533,Rayan,Aït-Nouri,Rayan Aït-Nouri,Aït-Nouri,22.0,20,Wolves,WOL,2,DEF,3.0,4.5,2.5,77.0,58.0,5233.0,58.2,0.1,0.09,0.99,3.0,2.3,0.18,0.28,0.11,0.1
1f169636,270,Jacob,Greaves,Jacob Greaves,Greaves,22.0,10,Ipswich,IPS,2,DEF,3.0,4.0,1.2,133.0,129.0,11578.0,128.6,0.02,0.03,1.0,3.0,3.0,0.04,0.0,0.02,0.03
2fba6108,432,Anthony,Elanga,Anthony Elanga,Elanga,21.0,16,Nott'm Forest,NFO,3,MID,3.0,5.4,1.4,73.0,44.0,4073.0,45.2,0.23,0.24,0.96,3.0,2.6,0.1,0.19,0.23,0.24
828657ff,233,Amadou,Onana,Amadou Onana,Onana,21.0,2,Aston Villa,AVL,3,MID,3.0,5.1,7.7,95.0,63.0,5938.0,65.9,0.1,0.1,0.94,3.0,2.5,0.44,0.04,0.12,0.1
e7aa9d7c,545,Fábio,Silva,Fábio Silva,Fábio Silva,21.0,20,Wolves,WOL,4,FWD,3.0,5.0,0.2,44.0,14.0,1443.0,16.0,0.28,0.08,0.95,,,,,,
df04eb4b,587,Crysencio,Summerville,Crysencio Summerville,Summerville,21.0,19,West Ham,WHU,3,MID,3.0,5.9,0.6,77.0,53.0,5054.0,56.1,0.16,0.14,1.05,2.0,0.3,0.24,1.07,0.16,0.15
dd549382,143,Deniz,Undav,Deniz Undav,Undav,27.0,5,Brighton,BHA,4,FWD,2.0,5.5,0.0,52.0,29.0,2717.0,30.2,0.49,0.2,1.06,,,,,,
fa9fa773,197,Malcolm,Ebiowei,Malcolm Ebiowei,Ebiowei,18.0,7,Crystal Palace,CRY,3,MID,2.0,4.5,0.0,31.0,16.0,1510.0,16.8,0.08,0.07,0.97,,,,,,
ea1a5662,103,Myles,Peart-Harris,Myles Peart-Harris,Peart-Harris,20.0,4,Brentford,BRE,3,MID,1.0,4.5,0.0,3.0,0.0,13.0,0.1,0.0,0.12,1.0,,,,,,
45685411,213,Jesurun,Rak-Sakyi,Jesurun Rak Sakyi,Rak-Sakyi,20.0,7,Crystal Palace,CRY,3,MID,2.0,4.5,0.1,8.0,1.0,216.0,2.4,0.23,0.08,0.99,,,,,,
072e68ed,367,Altay,Bayindir,,Bayindir,,14,Man Utd,MUN,1,GKP,,4.4,0.1,,,,,,,,,,,,,
74618572,136,Mitoma,Kaoru,Kaoru Mitoma,Mitoma,26.0,5,Brighton,BHA,3,MID,2.0,6.6,8.0,52.0,39.0,3804.0,42.3,0.26,0.21,0.98,3.0,2.9,0.35,0.35,0.28,0.23
,619,Jens,Cajuste,,Cajuste,,10,Ipswich,IPS,3,MID,,4.5,0.0,,,,,,,,,,,,,
8574c61f,267,Leif,Davis,Leif Davis,Davis,23.0,10,Ipswich,IPS,2,DEF,2.0,4.5,1.6,55.0,50.0,4355.0,48.4,0.02,0.13,1.0,3.0,3.0,0.02,0.07,0.02,0.13
c91441dc,454,Gavin,Bazunu,Gavin Bazunu,Bazunu,21.0,17,Southampton,SOU,1,GKP,2.0,4.4,0.2,73.0,73.0,6570.0,73.0,0.0,0.0,1.0,,,,,,
0cf321c8,183,Đorđe,Petrović,Đorđe Petrović,Petrović,23.0,6,Chelsea,CHE,1,GKP,1.0,4.4,0.5,23.0,22.0,1987.0,22.1,0.0,0.0,1.0,,,,,,
028e70b9,389,Joshua,Zirkzee,Joshua Zirkzee,Zirkzee,22.0,14,Man Utd,MUN,4,FWD,2.0,7.0,3.8,53.0,37.0,3581.0,39.8,0.19,0.13,1.01,3.0,1.8,0.54,0.04,0.22,0.13
700783e7,162,Levi,Colwill,Levi Colwill,Colwill,20.0,6,Chelsea,CHE,2,DEF,3.0,4.5,1.3,69.0,59.0,5440.0,60.5,0.07,0.05,0.96,3.0,3.0,0.06,0.0,0.07,0.05
b62878a5,525,Mohammed,Kudus,Mohammed Kudus,Kudus,22.0,19,West Ham,WHU,3,MID,3.0,6.4,6.0,81.0,52.0,4876.0,54.2,0.23,0.11,1.01,3.0,3.0,0.09,0.16,0.23,0.12
15ab5a2b,352,Julián,Álvarez,Julián Álvarez,J.Alvarez,23.0,13,Man City,MCI,4,FWD,2.0,7.0,0.1,67.0,44.0,4112.0,45.7,0.39,0.19,0.99,,,,,,
4506aec5,286,Tom,Cannon,Thomas Cannon,Cannon,20.0,11,Leicester,LEI,4,FWD,2.0,4.5,1.3,36.0,22.0,2130.0,23.700000000000003,0.14,0.08,1.05,,,,,,
e814e1cf,37,Lewis,Dobbin,Lewis Dobbin,Dobbin,20.0,2,Aston Villa,AVL,3,MID,2.0,5.0,0.0,15.0,1.0,264.0,3.0,0.1,0.18,1.01,,,,,,
d60c03a9,419,Joe,White,Joe White,White,20.0,15,Newcastle,NEW,3,MID,1.0,4.5,0.3,4.0,0.0,13.0,0.1,0.0,0.0,1.0,,,,,,
6faae64f,297,Wanya,Marçal-Madivádua,Wanya Marcal-Madivadua,Marcal,20.0,11,Leicester,LEI,3,MID,1.0,4.5,0.0,3.0,2.0,142.0,1.6,0.05,0.02,1.01,,,,,,
b2c66859,299,Kasey,McAteer,Kasey McAteer,McAteer,21.0,11,Leicester,LEI,3,MID,2.0,4.9,0.0,24.0,13.0,1161.0,12.9,0.21,0.04,1.01,3.0,0.1,0.17,0.0,0.21,0.04
,591,Jean-Clair,Todibo,,Todibo,,19,West Ham,WHU,2,DEF,,4.5,0.4,,,,,,,,,,,,,
a79abd8b,46,Filip,Marschall,,Marschall,,2,Aston Villa,AVL,1,GKP,,4.0,0.0,,,,,,,,,,,,,
8450467d,260,Ali,Al-Hamadi,Ali Al Hamadi,Al-Hamadi,21.0,10,Ipswich,IPS,4,FWD,1.0,5.0,0.4,14.0,1.0,293.0,3.3,0.7,0.08,0.97,3.0,0.4,0.0,0.12,0.62,0.09
972aeb2a,18,William,Saliba,William Saliba,Saliba,22.0,1,Arsenal,ARS,2,DEF,3.0,6.0,38.6,101.0,101.0,9075.0,100.8,0.04,0.02,1.0,3.0,3.0,0.0,0.0,0.04,0.02
5600c774,39,Joe,Gauci,,Gauci,,2,Aston Villa,AVL,1,GKP,,4.0,0.9,,,,,,,,,,,,,
dd897ee7,268,Liam,Delap,Liam Delap,Delap,20.0,10,Ipswich,IPS,4,FWD,3.0,5.5,0.7,69.0,46.0,4094.0,45.5,0.15,0.04,0.97,3.0,2.6,0.08,0.1,0.15,0.05
c64c01fc,618,Georginio,Rutter,Georginio Rutter,Georginio,21.0,5,Brighton,BHA,3,MID,3.0,5.5,0.0,104.0,69.0,6629.0,73.6,0.17,0.15,0.91,2.0,0.2,0.63,0.0,0.17,0.15
5cc3ce65,458,Shea,Charles,Shea Charles,Charles,19.0,17,Southampton,SOU,3,MID,2.0,4.5,0.1,33.0,15.0,1466.0,16.3,0.03,0.02,0.98,,,,,,
aa81d8f8,5,Karl,Hein,Karl Jakob Hein,Hein,19.0,1,Arsenal,ARS,1,GKP,1.0,4.0,0.1,5.0,5.0,450.0,5.0,0.0,0.0,1.0,,,,,,
,577,Jesper,Lindstrøm,,Lindstrøm,,8,Everton,EVE,3,MID,,5.3,0.1,,,,,,,,,,,,,
69942fb3,68,James,Hill,James Hill,Hill,21.0,3,Bournemouth,BOU,2,DEF,2.0,4.0,0.4,24.0,15.0,1376.0,15.2,0.02,0.05,1.0,,,,,,
e6af02e0,356,Matheus Luiz,Nunes,Matheus Nunes,Matheus N.,24.0,13,Man City,MCI,3,MID,2.0,4.9,0.1,53.0,39.0,3307.0,36.7,0.09,0.1,0.96,2.0,0.2,0.0,2.46,0.09,0.12
9b066938,43,Kaine,Kesler-Hayden,Kaine Kesler-Hayden,Kesler-Hayden,20.0,2,Aston Villa,AVL,2,DEF,2.0,4.0,0.0,41.0,28.0,2600.0,28.9,0.04,0.05,0.98,,,,,,
ca22ccb0,373,Hannibal,Mejbri,Hannibal Mejbri,Hannibal,20.0,14,Man Utd,MUN,3,MID,3.0,4.5,0.1,51.0,24.0,2252.0,25.1,0.02,0.12,1.01,,,,,,
049a888d,179,Mykhailo,Mudryk,Mykhailo Mudryk,Mudryk,22.0,6,Chelsea,CHE,3,MID,2.0,6.4,0.3,46.0,25.0,2233.0,24.8,0.25,0.21,0.98,2.0,0.7,0.0,0.3,0.24,0.22
,578,Riccardo,Calafiori,,Calafiori,,1,Arsenal,ARS,2,DEF,,5.8,1.7,,,,,,,,,,,,,
a6c58494,190,Naouirou,Ahamada,Naouirou Ahamada,Ahamada,21.0,7,Crystal Palace,CRY,3,MID,3.0,4.5,0.3,48.0,17.0,1902.0,21.1,0.07,0.05,1.01,,,,,,
c393a6c4,440,Andrew,Omobamidele,Andrew Omobamidele,Omobamidele,21.0,16,Nott'm Forest,NFO,2,DEF,3.0,4.4,0.1,52.0,39.0,3752.0,41.6,0.02,0.01,1.02,,,,,,
99127249,365,Antony Matheus,dos Santos,Antony,Antony,23.0,14,Man Utd,MUN,3,MID,3.0,5.9,0.2,79.0,61.0,5030.0,55.9,0.25,0.16,0.95,1.0,0.0,0.0,6.28,0.25,0.16
c924b17d,293,Mads,Hermansen,Mads Hermansen,Hermansen,23.0,11,Leicester,LEI,1,GKP,1.0,4.5,0.5,44.0,44.0,3960.0,44.0,0.0,0.0,1.0,3.0,3.0,0.0,0.0,0.0,0.0
4876c9ab,149,Mats,Wieffer,Mats Wieffer,Wieffer,23.0,5,Brighton,BHA,3,MID,2.0,5.0,0.1,54.0,47.0,4263.0,47.400000000000006,0.08,0.06,0.98,1.0,1.0,0.0,0.07,0.08,0.06
4fd08daa,144,Jan Paul,van Hecke,Jan Paul van Hecke,Van Hecke,23.0,5,Brighton,BHA,2,DEF,3.0,4.5,0.6,67.0,59.0,5310.0,59.0,0.05,0.02,0.96,3.0,3.0,0.02,0.0,0.05,0.02
ba492306,41,Samuel,Iling-Junior,Samuel Iling-Junior,Iling Jr,19.0,2,Aston Villa,AVL,3,MID,2.0,5.4,0.0,36.0,5.0,1128.0,12.5,0.08,0.09,1.01,,,,,,
1780bb4a,93,Aaron,Hickey,Aaron Hickey,Hickey,21.0,4,Brentford,BRE,2,DEF,3.0,4.4,0.0,71.0,66.0,5449.0,60.5,0.02,0.03,1.06,,,,,,
,615,Carl,Rushworth,,Rushworth,,5,Brighton,BHA,1,GKP,,4.0,0.1,,,,,,,,,,,,,
91ca4a16,607,Nico,O'Reilly,,O’Reilly,,13,Man City,MCI,3,MID,,5.0,0.0,,,,,,,,,,,,,
8ec109e6,301,Caleb,Okoli,Caleb Okoli,Okoli,22.0,11,Leicester,LEI,2,DEF,2.0,4.0,0.2,51.0,41.0,3874.0,43.1,0.02,0.01,0.98,1.0,1.0,0.04,0.0,0.02,0.01
9cfbad36,121,Julio,Enciso,Julio Enciso,Enciso,19.0,5,Brighton,BHA,3,MID,2.0,5.4,0.1,32.0,12.0,1281.0,14.3,0.37,0.25,0.98,2.0,0.2,0.15,0.55,0.37,0.26
84454067,427,Carlos Miguel,dos Santos Pereira,,C.Miguel,,16,Nott'm Forest,NFO,1,GKP,,4.4,0.3,,,,,,,,,,,,,
e8832875,129,João Pedro,Junqueira de Jesus,João Pedro,João Pedro,21.0,5,Brighton,BHA,4,FWD,3.0,5.7,26.9,94.0,65.0,6476.0,72.0,0.24,0.12,0.98,3.0,2.9,0.3,0.08,0.25,0.12
4c5835e6,114,Benicio,Baker-Boaitey,Benicio Boaitey,Baker-Boaitey,19.0,5,Brighton,BHA,3,MID,1.0,4.5,0.0,5.0,0.0,40.0,0.4,0.05,0.13,1.0,,,,,,
414184f7,38,Jhon,Durán,Jhon Durán,Duran,19.0,2,Aston Villa,AVL,4,FWD,2.0,6.0,1.1,35.0,3.0,611.0,6.8,0.38,0.05,1.04,3.0,0.9,0.75,0.0,0.47,0.04
c066d1a5,626,Issa,Kaboré,Issa Kaboré,Kaboré,22.0,13,Man City,MCI,2,DEF,3.0,4.5,0.0,77.0,56.0,5011.0,55.6,0.02,0.09,0.99,,,,,,
999ceb5f,534,Boubacar,Traoré,Boubacar Traoré,B.Traore,21.0,20,Wolves,WOL,3,MID,3.0,4.9,0.0,61.0,28.0,2956.0,32.9,0.03,0.04,1.0,,,,,,
3544641e,468,Sékou,Mara,Sekou Mara,Mara,21.0,17,Southampton,SOU,4,FWD,3.0,5.0,0.1,76.0,16.0,2024.0,22.6,0.25,0.09,1.0,,,,,,
b57e066e,355,Rico,Lewis,Rico Lewis,Lewis,18.0,13,Man City,MCI,2,DEF,2.0,4.6,7.7,30.0,18.0,1712.0,19.0,0.05,0.13,1.02,3.0,3.0,0.21,0.03,0.09,0.12
a39d11bc,456,Armel,Bella-Kotchap,Armel Bella Kotchap,Bella-Kotchap,21.0,17,Southampton,SOU,2,DEF,3.0,4.0,0.3,50.0,46.0,3809.0,42.3,0.05,0.03,0.96,,,,,,
5ad50391,350,Joško,Gvardiol,Joško Gvardiol,Gvardiol,21.0,13,Man City,MCI,2,DEF,3.0,6.0,29.7,87.0,78.0,6907.0,76.8,0.09,0.05,0.99,3.0,3.0,0.04,0.0,0.09,0.05
eed2427e,343,Oscar,Bobb,Oscar Bobb,Bobb,20.0,13,Man City,MCI,3,MID,1.0,4.9,0.1,14.0,2.0,302.0,3.4,0.41,0.37,0.99,,,,,,
88968486,85,Illia,Zabarnyi,Illia Zabarnyi,Zabarnyi,20.0,3,Bournemouth,BOU,2,DEF,2.0,4.5,0.4,42.0,40.0,3629.0,40.3,0.03,0.01,1.0,3.0,3.0,0.06,0.0,0.03,0.01
b2f9c73e,161,Carney,Chukwuemeka,Carney Chukwuemeka,Chukwuemeka,19.0,6,Chelsea,CHE,3,MID,3.0,4.9,0.1,35.0,6.0,882.0,9.7,0.1,0.17,1.0,,,,,,
c1949191,219,Jarrad,Branthwaite,Jarrad Branthwaite,Branthwaite,21.0,8,Everton,EVE,2,DEF,3.0,4.9,1.0,68.0,60.0,5496.0,61.0,0.05,0.03,1.04,,,,,,
505486d6,296,Victor,Kristiansen,Victor Bernth Kristiansen,Kristiansen,20.0,11,Leicester,LEI,2,DEF,2.0,4.5,0.1,44.0,37.0,3199.0,35.5,0.01,0.07,0.99,3.0,2.9,0.0,0.04,0.01,0.07
19f4d211,569,Jaden,Philogene,Jaden Philogene Bidace,Jaden,21.0,2,Aston Villa,AVL,3,MID,3.0,5.4,0.1,82.0,63.0,5596.0,62.2,0.11,0.07,1.05,1.0,0.2,0.35,0.0,0.11,0.07
b59c2a92,154,Lucas,Bergström,,Bergström,,6,Chelsea,CHE,1,GKP,,4.0,0.3,,,,,,,,,,,,,
feb5d972,499,Pape Matar,Sarr,Pape Matar Sarr,P.M.Sarr,20.0,18,Spurs,TOT,3,MID,3.0,4.9,0.2,78.0,51.0,4416.0,49.1,0.12,0.09,0.97,3.0,1.6,0.05,0.09,0.12,0.09
d56b9520,171,Malo,Gusto,Malo Gusto,Gusto,20.0,6,Chelsea,CHE,2,DEF,3.0,5.0,3.0,78.0,59.0,5230.0,58.1,0.03,0.18,0.97,3.0,2.8,0.01,0.04,0.03,0.17
8dcf77c0,563,Rodrigo,Martins Gomes,,R.Gomes,,20,Wolves,WOL,3,MID,,5.4,0.1,,,,,,,,2.0,1.1,0.06,0.0,,
3ece036c,130,Kacper,Kozłowski,Kacper Kozłowski,Kozlowski,19.0,5,Brighton,BHA,3,MID,2.0,4.5,0.0,59.0,53.0,4129.0,45.9,0.07,0.09,0.97,,,,,,
ed5c0319,218,Norberto Bercique,Gomes Betuncal,Beto,Beto,25.0,8,Everton,EVE,4,FWD,3.0,5.0,0.7,92.0,57.0,5327.0,59.2,0.41,0.08,0.93,3.0,0.4,0.0,0.0,0.41,0.08
16264a81,157,Moisés,Caicedo Corozo,Moisés Caicedo,Caicedo,21.0,6,Chelsea,CHE,3,MID,3.0,5.0,0.6,80.0,75.0,6665.0,74.0,0.03,0.08,1.0,3.0,2.8,0.01,0.01,0.03,0.08
7cd520e8,505,Destiny,Udogie,Destiny Udogie,Udogie,20.0,18,Spurs,TOT,2,DEF,3.0,5.0,3.5,96.0,88.0,7572.0,84.1,0.09,0.09,1.0,3.0,2.8,0.0,0.01,0.09,0.09
4596da74,123,Evan,Ferguson,Evan Ferguson,Ferguson,18.0,5,Brighton,BHA,4,FWD,3.0,5.5,0.1,47.0,25.0,2340.0,26.1,0.37,0.05,1.03,,,,,,
da011f18,399,Lewis,Hall,Lewis Hall,Hall,18.0,15,Newcastle,NEW,2,DEF,2.0,4.5,3.6,27.0,16.0,1435.0,16.0,0.07,0.13,1.0,3.0,1.3,0.0,0.13,0.06,0.13
ac7e7b1c,384,Facundo,Pellistri Rebollo,Facundo Pellistri,Pellistri,21.0,14,Man Utd,MUN,3,MID,3.0,5.0,0.0,49.0,21.0,2140.0,23.8,0.15,0.06,0.97,,,,,,
,575,Caleb,Wiley,,Wiley,,6,Chelsea,CHE,2,DEF,,4.0,0.0,,,,,,,,,,,,,
cf134113,146,Bart,Verbruggen,Bart Verbruggen,Verbruggen,20.0,5,Brighton,BHA,1,GKP,1.0,4.5,0.8,21.0,21.0,1890.0,21.0,0.0,0.0,1.0,1.0,1.0,0.0,0.0,0.0,0.0
84c5ceea,226,Tim,Iroegbunam,Tim Iroegbunam,Iroegbunam,20.0,8,Everton,EVE,3,MID,3.0,4.5,1.1,44.0,30.0,2529.0,28.1,0.04,0.01,0.99,3.0,3.0,0.07,0.02,0.05,0.01
21945a9e,500,Dane,Scarlett,Dane Scarlett,Scarlett,19.0,18,Spurs,TOT,4,FWD,2.0,4.5,0.1,17.0,0.0,184.0,2.0,0.11,0.08,0.99,,,,,,
b2626673,256,Jay,Stansfield,Jay Stansfield,Stansfield,20.0,9,Fulham,FUL,4,FWD,3.0,5.0,0.1,47.0,40.0,3423.0,38.1,0.13,0.06,1.04,1.0,0.0,0.0,0.0,0.13,0.06
007414dd,459,Samuel,Edozie,Samuel Edozie,Edozie,20.0,17,Southampton,SOU,3,MID,2.0,4.9,0.0,49.0,21.0,1931.0,21.5,0.1,0.08,1.04,2.0,0.7,0.0,0.14,0.1,0.08
bfc3b3a0,549,Hugo,Bueno López,Hugo Bueno,H.Bueno,20.0,20,Wolves,WOL,2,DEF,2.0,4.5,0.0,43.0,23.0,2051.0,22.8,0.02,0.09,0.99,,,,,,
4f9091bc,613,Toby,Collyer,,Collyer,,14,Man Utd,MUN,3,MID,,4.5,0.0,,,,,,,,1.0,0.5,0.0,0.15,,
123d2733,519,George,Earthy,George Earthy,Earthy,18.0,19,West Ham,WHU,3,MID,1.0,4.5,0.1,3.0,0.0,34.0,0.4,0.82,0.0,1.01,,,,,,
890f108d,237,Youssef,Ramalho Chermiti,Youssef Chermiti,Y. Chermiti,19.0,8,Everton,EVE,4,FWD,1.0,5.0,0.0,18.0,1.0,208.0,2.3,0.31,0.34,0.99,,,,,,
8fe2a392,506,Micky,van de Ven,Micky van de Ven,Van de Ven,22.0,18,Spurs,TOT,2,DEF,3.0,4.5,7.7,65.0,62.0,5498.0,61.1,0.02,0.02,1.04,2.0,2.0,0.0,0.13,0.02,0.03
6caffe81,30,Enzo,Barrenechea,Enzo Barrenechea,Barrenechea,22.0,2,Aston Villa,AVL,3,MID,2.0,4.9,0.0,39.0,35.0,2969.0,33.0,0.02,0.03,0.99,,,,,,
bf973eeb,330,James,McConnell,James McConnell,McConnell,18.0,12,Liverpool,LIV,3,MID,1.0,4.5,0.0,3.0,0.0,4.0,0.0,,,1.0,,,,,,
5c2595e2,614,Jenson,Metcalfe,,Metcalfe,,8,Everton,EVE,3,MID,,4.5,0.0,,,,,,,,,,,,,
0bdeb013,140,Cameron,Peupion,Cameron Peupion,Peupion,19.0,5,Brighton,BHA,3,MID,1.0,4.5,0.1,1.0,0.0,6.0,0.1,0.9,0.0,1.0,,,,,,
73341ace,315,Bobby,Clark,Bobby Clark,Clark,18.0,12,Liverpool,LIV,3,MID,2.0,4.5,0.0,6.0,1.0,97.0,1.1,0.13,0.0,1.0,,,,,,
bbd67769,313,Conor,Bradley,Conor Bradley,Bradley,20.0,12,Liverpool,LIV,2,DEF,1.0,4.9,0.5,11.0,10.0,753.0,8.4,0.1,0.17,1.0,3.0,0.5,0.43,0.0,0.13,0.16
7aa8adfe,372,Alejandro,Garnacho,Alejandro Garnacho,Garnacho,19.0,14,Man Utd,MUN,3,MID,3.0,6.4,11.9,57.0,35.0,3147.0,34.9,0.31,0.18,0.98,3.0,1.4,1.01,0.2,0.36,0.18
620922ed,486,Radu,Drăgușin,Radu Drăgușin,Dragusin,21.0,18,Spurs,TOT,2,DEF,2.0,4.4,0.2,48.0,32.0,3247.0,36.1,0.03,0.02,1.01,1.0,1.0,0.02,0.0,0.03,0.02
9dc96f10,364,Amad,Diallo,Amad Diallo,Amad,21.0,14,Man Utd,MUN,3,MID,2.0,5.0,4.2,46.0,30.0,2976.0,33.0,0.11,0.13,1.08,3.0,1.9,0.19,0.25,0.12,0.14
c2c5ecda,87,Ethan,Brierley,,Brierley,,4,Brentford,BRE,3,MID,,4.5,0.1,,,,,,,,,,,,,
2da46a72,75,Alex,Paulsen,,Paulsen,,3,Bournemouth,BOU,1,GKP,,4.0,0.0,,,,,,,,,,,,,
,627,Roman,Dixon,,Dixon,,8,Everton,EVE,2,DEF,,4.0,0.0,,,,,,,,,,,,,
ba08056d,485,Alfie,Devine,Alfie Devine,Devine,18.0,18,Spurs,TOT,3,MID,1.0,4.5,0.1,15.0,9.0,850.0,9.4,0.05,0.05,0.98,,,,,,
733f1a7d,318,Ben,Doak,Ben Doak,Doak,17.0,12,Liverpool,LIV,3,MID,2.0,4.5,0.0,3.0,0.0,40.0,0.5,0.0,0.0,1.0,,,,,,
4b542852,216,Adam,Wharton,Adam Wharton,Wharton,19.0,7,Crystal Palace,CRY,3,MID,2.0,5.0,0.4,60.0,49.0,4309.0,47.8,0.03,0.1,1.03,3.0,2.8,0.04,0.11,0.03,0.1
bdcc89ae,608,Tyler,Dibling,Tyler Dibling,Dibling,17.0,17,Southampton,SOU,3,MID,1.0,4.5,0.1,1.0,0.0,3.0,0.0,,,1.0,3.0,0.7,0.08,0.23,,
34721c11,538,Tawanda,Chirewa,Tawanda Chirewa,Chirewa,19.0,20,Wolves,WOL,3,MID,1.0,4.5,0.1,8.0,1.0,145.0,1.6,0.1,0.02,1.0,,,,,,
491a433d,375,Rasmus,Højlund,Rasmus Højlund,Højlund,20.0,14,Man Utd,MUN,4,FWD,2.0,6.9,0.4,62.0,45.0,3992.0,44.4,0.33,0.08,1.03,,,,,,
5dff6c28,597,Myles,Lewis-Skelly,,Lewis-Skelly,,1,Arsenal,ARS,3,MID,,4.5,0.1,,,,,,,,,,,,,
7f94982c,12,Ethan,Nwaneri,Ethan Nwaneri,Nwaneri,16.0,1,Arsenal,ARS,3,MID,2.0,4.5,0.2,2.0,0.0,15.0,0.2,0.0,0.15,1.0,,,,,,
d3d774cc,178,Marc,Guiu Paz,Marc Guiu,Marc Guiu,17.0,6,Chelsea,CHE,4,FWD,1.0,5.0,0.8,3.0,1.0,74.0,0.8,0.69,0.24,1.0,1.0,0.3,0.0,0.0,0.5,0.17
00953a9d,610,Mikey,Moore,Mikey Moore,Moore,15.0,18,Spurs,TOT,3,MID,1.0,4.5,0.3,2.0,0.0,4.0,0.0,,,1.0,,,,,,
9eedf0e0,451,Samuel,Amo-Ameyaw,Samuel Amo-Ameyaw,Amo-Ameyaw,17.0,17,Southampton,SOU,3,MID,2.0,4.5,0.1,4.0,1.0,79.0,0.8,0.01,0.08,1.0,1.0,0.1,0.18,0.62,0.04,0.17
be90c4b0,460,Ronnie,Edwards,Ronnie Edwards,Edwards,18.0,17,Southampton,SOU,2,DEF,1.0,4.0,0.2,34.0,31.0,2826.0,31.4,0.0,0.0,1.0,,,,,,
7be10897,616,Ben,Nelson,Benjamin Nelson,Nelson,19.0,11,Leicester,LEI,2,DEF,1.0,4.0,0.0,5.0,2.0,209.0,2.3,0.05,0.0,1.01,,,,,,
1e159d70,558,Yerson,Mosquera,Yerson Mosquera,Mosquera,22.0,20,Wolves,WOL,2,DEF,1.0,4.0,1.1,16.0,14.0,1229.0,13.7,0.08,0.01,1.01,3.0,3.0,0.08,0.02,0.09,0.01
,620,Ramón,Sosa,,Sosa,,16,Nott'm Forest,NFO,3,MID,,5.5,0.0,,,,,,,,,,,,,
dc45ac24,107,Igor Thiago,Nascimento Rodrigues,,Thiago,,4,Brentford,BRE,4,FWD,,5.9,0.0,,,,,,,,,,,,,
4abac767,450,Carlos,Alcaraz Durán,Carlos Alcaraz,Alcaraz,20.0,17,Southampton,SOU,3,MID,2.0,4.9,0.1,51.0,29.0,2511.0,27.8,0.14,0.05,1.02,1.0,0.1,0.62,0.86,0.14,0.05
104d0bb8,77,Alex,Scott,Alex Scott,Scott,19.0,3,Bournemouth,BOU,3,MID,3.0,5.0,0.1,103.0,86.0,7145.0,79.5,0.04,0.08,0.99,3.0,1.3,0.03,0.05,0.04,0.08
bd9553e6,274,Omari,Giraud-Hutchinson,Omari Hutchinson,Hutchinson,19.0,10,Ipswich,IPS,3,MID,2.0,5.5,0.5,45.0,20.0,2218.0,24.7,0.1,0.1,1.08,3.0,3.0,0.11,0.0,0.11,0.09
1df4a109,188,Lesley,Ugochukwu,Lesley Ugochukwu,Ugochukwu,19.0,17,Southampton,SOU,3,MID,3.0,4.5,0.4,56.0,20.0,2036.0,22.6,0.04,0.05,1.0,,,,,,
a62f8bf1,462,Kamaldeen,Sulemana,Kamaldeen Sulemana,Kamaldeen,21.0,17,Southampton,SOU,3,MID,3.0,5.0,0.0,77.0,33.0,3257.0,36.2,0.13,0.12,1.0,,,,,,
fb920f3a,158,Cesare,Casadei,Cesare Casadei,Casadei,20.0,6,Chelsea,CHE,3,MID,2.0,4.5,0.1,48.0,21.0,2070.0,23.0,0.1,0.03,0.98,,,,,,
57a34cf4,109,Hákon,Valdimarsson,,Valdimarsson,,4,Brentford,BRE,1,GKP,,4.0,4.1,,,,,,,,,,,,,
907a5d7c,111,Yehor,Yarmoliuk,Yehor Yarmoliuk,Yarmoliuk,19.0,4,Brentford,BRE,3,MID,1.0,4.5,2.5,27.0,6.0,688.0,7.6,0.13,0.01,0.98,,,,,,
,581,Filip,Jørgensen,,Jørgensen,,6,Chelsea,CHE,1,GKP,,4.4,0.3,,,,,,,,,,,,,
f173303a,600,Yasin,Ayari,Yasin Ayari,Ayari,19.0,5,Brighton,BHA,3,MID,2.0,5.0,0.0,26.0,9.0,951.0,10.5,0.09,0.1,0.98,3.0,0.9,0.51,0.04,0.14,0.1
fe6e7156,571,Sávio 'Savinho',Moreira de Oliveira,Sávio,Sávio,19.0,13,Man City,MCI,3,MID,2.0,6.5,1.8,43.0,35.0,3076.0,34.2,0.13,0.19,1.05,2.0,1.3,0.0,0.66,0.13,0.22
f0caab96,567,Toti António,Gomes,Toti Gomes,Toti,24.0,20,Wolves,WOL,2,DEF,3.0,4.5,0.2,56.0,45.0,4116.0,45.7,0.05,0.03,1.0,3.0,3.0,0.0,0.16,0.05,0.04
dc6c2f02,537,Francisco Jorge,Tomás Oliveira,Chiquinho,Chiquinho,23.0,20,Wolves,WOL,3,MID,2.0,4.5,0.2,11.0,2.0,268.0,3.0,0.16,0.16,0.99,1.0,0.1,0.0,0.42,0.15,0.18
,596,João Pedro,Ferreira Silva,,Jota Silva,,16,Nott'm Forest,NFO,3,MID,,6.0,0.1,,,,,,,,,,,,,
25f2ef01,582,Jake,O'Brien,Jake O'Brien,O'Brien,22.0,8,Everton,EVE,2,DEF,1.0,4.9,0.2,27.0,27.0,2369.0,26.3,0.11,0.03,1.01,,,,,,
a816dbfb,429,Danilo,dos Santos de Oliveira,Danilo,Danilo,22.0,16,Nott'm Forest,NFO,3,MID,2.0,4.9,0.0,42.0,32.0,2768.0,30.7,0.1,0.08,1.03,1.0,0.2,0.0,0.0,0.1,0.08
52afb588,106,Kevin,Schade,Kevin Schade,Schade,21.0,4,Brentford,BRE,3,MID,3.0,5.5,0.1,58.0,18.0,2078.0,23.0,0.23,0.12,1.02,3.0,1.8,0.2,0.06,0.24,0.12
,595,Brajan,Gruda,,Gruda,,5,Brighton,BHA,3,MID,,5.5,0.0,,,,,,,,,,,,,
c4720845,601,Andrew,Moran,Andrew Moran,Moran,19.0,5,Brighton,BHA,3,MID,2.0,5.0,0.0,36.0,19.0,1868.0,20.700000000000003,0.09,0.1,0.97,,,,,,
d91f104d,170,Alfie,Gilchrist,Alfie Gilchrist,Gilchrist,19.0,6,Chelsea,CHE,2,DEF,1.0,4.0,0.1,11.0,2.0,207.0,2.3,0.14,0.0,1.01,,,,,,
e09d77a2,56,Lino,da Cruz Sousa,Lino Sousa,Sousa,18.0,2,Aston Villa,AVL,2,DEF,1.0,4.0,0.1,8.0,3.0,269.0,3.0,0.01,0.05,1.0,,,,,,
ecad9aa5,174,Roméo,Lavia,Roméo Lavia,Lavia,19.0,6,Chelsea,CHE,3,MID,2.0,4.5,1.2,30.0,26.0,2254.0,25.1,0.02,0.03,1.01,1.0,0.7,0.0,0.65,0.02,0.06
42dd1b56,246,Luke,Harris,,Harris,,9,Fulham,FUL,3,MID,,4.5,0.0,,,,,,,,,,,,,
cf7fb13a,464,Juan,Larios López,Juan Larios,Larios,18.0,17,Southampton,SOU,2,DEF,1.0,4.0,0.1,5.0,2.0,152.0,1.7,0.0,0.0,1.0,,,,,,
bca5c4a7,598,Lamare,Bogarde,,Bogarde,,2,Aston Villa,AVL,2,DEF,,4.0,0.2,,,,,,,,1.0,0.9,0.0,0.0,,
b3b9b8b8,195,Chadi,Riad Dnanou,Chadi Riad,Chadi Riad,20.0,7,Crystal Palace,CRY,2,DEF,2.0,4.4,0.1,27.0,24.0,2166.0,24.0,0.02,0.01,0.99,1.0,1.0,0.0,0.0,0.02,0.01
c6220452,378,Kobbie,Mainoo,Kobbie Mainoo,Mainoo,18.0,14,Man Utd,MUN,3,MID,2.0,5.4,4.9,25.0,24.0,1935.0,21.5,0.04,0.03,1.04,3.0,2.9,0.01,0.0,0.04,0.03
9c36ed83,180,Nicolas,Jackson,Nicolas Jackson,N.Jackson,22.0,6,Chelsea,CHE,4,FWD,3.0,7.6,5.8,70.0,47.0,4562.0,50.7,0.52,0.14,0.98,3.0,2.5,0.8,0.14,0.55,0.14
a0e00e23,261,Elkan,Baggott,,Baggott,,10,Ipswich,IPS,2,DEF,,4.0,0.0,,,,,,,,,,,,,
737945d9,151,Ângelo Gabriel,Borges Damaceno,Ângelo Borges,Ângelo,18.0,6,Chelsea,CHE,3,MID,1.0,4.5,0.3,21.0,11.0,1094.0,12.2,0.03,0.2,0.99,,,,,,
04eb7d82,118,Amario,Cozier-Duberry,,Cozier-Duberry,,5,Brighton,BHA,3,MID,,4.5,0.1,,,,,,,,,,,,,
e82900ef,164,David Datro,Fofana,David Datro Fofana,D.D.Fofana,20.0,6,Chelsea,CHE,4,FWD,2.0,5.4,0.1,30.0,19.0,1631.0,18.200000000000003,0.38,0.12,0.96,,,,,,
03edb878,69,Daniel,Jebbison,Daniel Jebbison,Jebbison,19.0,3,Bournemouth,BOU,4,FWD,3.0,4.5,3.7,25.0,6.0,715.0,7.9,0.27,0.1,0.95,2.0,0.3,0.0,0.07,0.26,0.1
6068431b,273,Cameron,Humphreys,Cameron Humphreys,Humphreys,19.0,10,Ipswich,IPS,3,MID,1.0,4.5,0.0,3.0,1.0,95.0,1.1,0.0,0.19,1.0,,,,,,
00b77ecf,546,Nathan,Fraser,Nathan Fraser,Fraser,18.0,20,Wolves,WOL,4,FWD,1.0,4.5,4.3,7.0,1.0,186.0,2.1,0.16,0.04,0.99,,,,,,
bceda5ff,570,Abdul,Fatawu,Abdul Fatawu Issahaku,A.Fatawu,19.0,11,Leicester,LEI,3,MID,1.0,5.5,0.7,40.0,33.0,2814.0,31.3,0.07,0.18,1.02,3.0,2.7,0.04,0.17,0.07,0.19
d00d45ab,212,David,Ozoh,David Ozoh,Ozoh,18.0,7,Crystal Palace,CRY,3,MID,2.0,4.5,0.0,10.0,0.0,157.0,1.7,0.0,0.0,1.0,,,,,,
e98211e7,126,Jack,Hinshelwood,Jack Hinshelwood,Hinshelwood,18.0,5,Brighton,BHA,3,MID,2.0,5.0,0.1,13.0,8.0,871.0,9.7,0.19,0.07,1.02,3.0,3.0,0.07,0.04,0.17,0.07
,606,Will,Alves,,Alves,,11,Leicester,LEI,3,MID,,4.5,0.1,,,,,,,,,,,,,
dd745366,150,Andrey,Nascimento dos Santos,Andrey Santos,Andrey Santos,19.0,6,Chelsea,CHE,3,MID,1.0,4.5,0.0,12.0,9.0,839.0,9.3,0.09,0.08,1.0,,,,,,
2f9e4435,74,Dango,Ouattara,Dango Ouattara,O.Dango,21.0,3,Bournemouth,BOU,3,MID,3.0,5.0,0.0,92.0,52.0,4830.0,53.7,0.22,0.14,0.93,3.0,1.2,0.28,0.66,0.22,0.16
a1390d2f,115,Carlos,Baleba,Carlos Baleba,Baleba,19.0,5,Brighton,BHA,3,MID,2.0,5.0,0.0,48.0,21.0,1864.0,20.7,0.06,0.02,0.98,2.0,1.2,0.15,0.03,0.07,0.02
4dcec659,113,Simon,Adingra,Simon Adingra,Adingra,21.0,5,Brighton,BHA,3,MID,1.0,5.5,1.0,31.0,25.0,2222.0,24.7,0.17,0.15,1.03,3.0,0.6,0.43,0.78,0.18,0.17
32e8417f,312,Stefan,Bajčetić Maquieira,Stefan Bajcetic,Bajcetic,18.0,12,Liverpool,LIV,3,MID,2.0,4.5,0.1,12.0,6.0,552.0,6.1,0.12,0.06,1.0,,,,,,
077faf72,208,Matheus,França de Oliveira,Matheus França,M.França,19.0,7,Crystal Palace,CRY,3,MID,1.0,4.4,0.5,10.0,1.0,232.0,2.6,0.14,0.34,0.99,,,,,,
3f7bafbe,507,Alejo,Véliz,Alejo Véliz,Veliz,19.0,18,Spurs,TOT,4,FWD,1.0,5.0,0.0,14.0,0.0,85.0,1.0,0.44,0.0,1.01,,,,,,
468a7a91,117,Facundo,Buonanotte,Facundo Buonanotte,Buonanotte,18.0,11,Leicester,LEI,3,MID,2.0,5.0,0.3,40.0,23.0,1929.0,21.5,0.17,0.11,1.0,3.0,1.9,0.09,0.32,0.17,0.14
7b355808,590,William,Osula,William Osula,Osula,19.0,15,Newcastle,NEW,4,FWD,3.0,5.0,0.1,28.0,9.0,912.0,10.1,0.19,0.01,0.96,,,,,,
b9f282ec,116,Valentín,Barco,Valentín Barco,Barco,19.0,5,Brighton,BHA,2,DEF,1.0,4.0,12.3,6.0,3.0,307.0,3.4,0.05,0.07,1.0,,,,,,
0ad53bdc,70,Milos,Kerkez,Milos Kerkez,Kerkez,19.0,3,Bournemouth,BOU,2,DEF,2.0,4.5,0.4,61.0,55.0,4641.0,51.6,0.05,0.04,0.99,3.0,2.7,0.0,0.04,0.05,0.04
f1c42eb3,390,Alex,Murphy,Alex Murphy,A.Murphy,19.0,15,Newcastle,NEW,2,DEF,1.0,4.0,0.9,2.0,0.0,13.0,0.1,0.0,0.0,1.0,,,,,,
f58515f5,489,Archie,Gray,Archie Gray,Gray,17.0,18,Spurs,TOT,3,MID,1.0,4.9,0.2,44.0,40.0,3599.0,40.0,0.0,0.01,0.99,2.0,0.3,0.0,0.0,0.0,0.01
2c6835e5,411,Lewis,Miley,Lewis Miley,Miley,17.0,15,Newcastle,NEW,3,MID,2.0,5.0,0.0,18.0,14.0,1217.0,13.6,0.09,0.13,0.99,,,,,,
4f21d3af,478,Ashley,Phillips,Ashley Phillips,A.Phillips,18.0,18,Spurs,TOT,2,DEF,2.0,4.0,0.4,26.0,21.0,1831.0,20.4,0.0,0.02,1.0,,,,,,
aa888da7,173,Omari,Kellyman,Omari Kellyman,Kellyman,17.0,6,Chelsea,CHE,3,MID,1.0,4.5,0.0,2.0,0.0,37.0,0.4,0.17,0.0,1.0,,,,,,
67c5e0e8,292,Michael,Golding,,Golding,,11,Leicester,LEI,3,MID,,4.5,0.1,,,,,,,,,,,,,
6029f951,133,Adrian,Mazilu,Adrian Mazilu,Mazilu,17.0,5,Brighton,BHA,3,MID,1.0,4.5,0.0,3.0,0.0,24.0,0.3,0.03,0.0,1.0,,,,,,
35516eac,612,Wilson,Odobert,Wilson Odobert,Odobert,18.0,18,Spurs,TOT,3,MID,2.0,5.5,0.1,61.0,44.0,3862.0,42.900000000000006,0.11,0.11,1.03,2.0,1.5,0.26,0.02,0.12,0.11
6763f716,572,Leny,Yoro,Leny Yoro,Yoro,17.0,14,Man Utd,MUN,2,DEF,3.0,4.4,0.1,46.0,38.0,3455.0,38.3,0.03,0.0,1.01,,,,,,
,623,Mateus Gonçalo,Espanha Fernandes,,M.Fernandes,,17,Southampton,SOU,3,MID,,5.0,0.0,,,,,,,,,,,,,
fc8fcbd1,184,Renato,Palma Veiga,Renato Veiga,Renato Veiga,19.0,6,Chelsea,CHE,3,MID,1.0,4.5,0.2,13.0,7.0,639.0,7.1,0.02,0.02,1.0,2.0,0.2,0.0,0.0,0.02,0.02
,609,Will,Lankshear,,Lankshear,,18,Spurs,TOT,4,FWD,,4.5,1.4,,,,,,,,,,,,,
,580,Dean,Huijsen,,Huijsen,,3,Bournemouth,BOU,2,DEF,,4.5,0.1,,,,,,,,,,,,,
a8a80be7,406,Garang,Kuol,Garang Kuol,Kuol,18.0,15,Newcastle,NEW,3,MID,1.0,4.5,0.0,15.0,8.0,680.0,7.6,0.08,0.05,1.0,,,,,,
0a4f579a,428,Eric,da Silva Moreira,,Da Silva Moreira,,16,Nott'm Forest,NFO,3,MID,,4.5,0.1,,,,,,,,,,,,,
f4065d9e,96,Kim,Ji-soo,,Ji-soo,,4,Brentford,BRE,2,DEF,,4.0,0.2,,,,,,,,,,,,,
a109e5c8,481,Lucas,Bergvall,,Bergvall,,18,Spurs,TOT,3,MID,,4.5,1.0,,,,,,,,3.0,0.4,0.15,0.51,,
e0eea46f,605,Martial,Godo,,Godo,,9,Fulham,FUL,3,MID,,4.5,0.0,,,,,,,,,,,,,
a3afdd69,138,Mark,O’Mahony,Mark O'Mahony,O’Mahony,18.0,5,Brighton,BHA,4,FWD,1.0,4.5,0.6,3.0,1.0,63.0,0.7,0.08,0.0,1.0,,,,,,
1704b0b8,436,Murillo,Santiago Costa dos Santos,Murillo,Murillo,21.0,16,Nott'm Forest,NFO,2,DEF,1.0,4.5,0.6,32.0,32.0,2789.0,31.0,0.06,0.04,0.97,3.0,3.0,0.0,0.04,0.05,0.04
b7672d43,526,Luis Guilherme,Lira dos Santos,,L.Guilherme,,19,West Ham,WHU,3,MID,,4.9,0.0,,,,,,,,,,,,,
86109b3b,604,Josh,King,,King,,9,Fulham,FUL,3,MID,,4.5,0.1,,,,,,,,,,,,,
,574,Miodrag,Pivaš,,Pivas,,15,Newcastle,NEW,2,DEF,,4.0,0.1,,,,,,,,,,,,,
c70be9cf,50,Kosta,Nedeljković,,Nedeljkovic,,2,Aston Villa,AVL,2,DEF,,4.0,1.9,,,,,,,,3.0,1.1,0.0,0.0,,
a2852b4f,539,Leon,Chiwome,Leon Chiwome,Chiwome,17.0,20,Wolves,WOL,4,FWD,1.0,4.5,0.1,3.0,2.0,174.0,1.9,0.05,0.0,1.0,,,,,,
732327ae,602,Ryan,Trevitt,,Trevitt,,4,Brentford,BRE,3,MID,,4.5,0.1,,,,,,,,,,,,,
c3cf087d,135,Yankuba,Minteh,Yankuba Minteh,Minteh,19.0,5,Brighton,BHA,3,MID,1.0,5.5,1.7,27.0,17.0,1456.0,16.2,0.3,0.14,1.0,3.0,2.3,0.21,0.58,0.3,0.23
7e5bebeb,547,Enso,González,Enso Gonzalez,Gonzalez,18.0,20,Wolves,WOL,3,MID,1.0,4.5,0.0,1.0,0.0,1.0,0.0,,,1.0,,,,,,
,603,Harrison,Armstrong,,Armstrong,,8,Everton,EVE,3,MID,,4.5,0.2,,,,,,,,,,,,,
acdfe835,127,Ibrahim,Osman,,I.Osman,,5,Brighton,BHA,3,MID,,5.0,0.0,,,,,,,,,,,,,
95bd120d,165,Deivid Washington,de Souza Eugênio,Deivid Washington,Deivid,18.0,6,Chelsea,CHE,4,FWD,1.0,5.0,0.1,2.0,0.0,13.0,0.1,3.23,0.0,0.99,,,,,,
e02b5b36,97,Yunus Emre,Konak,,Konak,,4,Brentford,BRE,3,MID,,4.5,0.1,,,,,,,,,,,,,
b2f4cad5,561,Pedro,Cardoso de Lima,,Pedro Lima,,20,Wolves,WOL,2,DEF,,4.0,1.6,,,,,,,,,,,,,
